CrashFactId,Name,MinorInjuries,ModerateInjuries,SevereInjuries,FatalInjuries,PrimaryCollisionFactor_Code,CollisionType_Code,Distance,CrashTime
606147,CR-0000029961,0,0,0,0,5,3,0.0,9
606149,CR-0000030426,0,0,0,0,4,3,50.0,0
606158,CR-0000030060,0,0,0,0,4,3,0.0,7
606164,CR-0000030433,1,0,0,0,4,3,0.0,14
606167,CR-0000030305,1,0,0,0,2,3,0.0,21
606170,CR-0000072411,0,0,0,0,5,0,16.0,11
606171,CR-0000072410,0,0,0,0,5,3,77.0,11
606176,CR-0000029158,0,0,0,0,4,0,0.0,16
606180,CR-0000030014,0,0,0,0,4,3,0.0,20
606181,CR-0000030802,0,0,0,0,5,1,0.0,17
606185,CR-0000029418,0,0,0,0,5,5,0.0,17
606186,CR-0000072378,1,2,0,0,5,1,0.0,15
606187,CR-0000072368,1,0,0,0,5,0,0.0,21
606188,CR-0000030200,0,0,0,0,4,5,0.0,16
606189,CR-0000030090,0,0,0,0,4,3,90.0,15
606199,CR-0000053593,0,0,0,0,4,0,0.0,16
606200,CR-0000056933,1,0,0,0,5,0,190.0,11
606201,CR-0000046124,0,0,0,0,4,3,0.0,0
606202,CR-0000053767,0,0,0,0,5,0,260.0,10
606203,CR-0000053762,2,1,0,0,5,0,0.0,17
606207,CR-0000029792,0,0,0,0,4,3,50.0,17
606209,CR-0000029285,2,0,0,0,4,1,0.0,21
606210,CR-0000030122,0,0,0,0,4,5,0.0,8
606213,CR-0000029254,1,0,0,0,4,0,0.0,19
606218,CR-0000030071,0,0,0,0,4,1,0.0,5
606220,CR-0000030292,1,0,0,0,4,5,250.0,18
606224,CR-0000029074,0,0,0,0,4,3,0.0,21
606225,CR-0000029183,3,0,0,0,5,1,0.0,22
606226,CR-0000029181,0,0,0,0,5,5,200.0,21
606227,CR-0000030203,1,0,0,0,4,5,50.0,18
606229,CR-0000030271,0,1,0,0,4,0,0.0,18
606235,CR-0000030233,0,0,0,0,4,5,0.0,10
606243,CR-0000030484,0,0,0,0,4,3,0.0,15
606244,CR-0000029321,0,0,0,0,4,3,0.0,17
606251,CR-0000029191,0,0,0,0,4,3,0.0,22
606254,CR-0000030076,0,0,0,0,4,5,0.0,21
606268,CR-0000030171,4,0,0,0,5,3,0.0,0
606271,CR-0000029281,1,0,0,0,5,1,0.0,14
606273,CR-0000030258,1,0,0,0,4,3,0.0,10
606277,CR-0000030467,1,1,0,0,4,0,0.0,15
606281,CR-0000072394,0,0,1,0,5,0,0.0,19
606282,CR-0000072379,0,0,0,0,5,1,0.0,16
606286,CR-0000029099,0,0,0,0,4,6,0.0,17
606287,CR-0000029170,1,0,0,0,4,0,0.0,18
606290,CR-0000030133,0,0,0,0,4,5,0.0,19
606292,CR-0000029333,1,0,0,0,5,3,150.0,3
606301,CR-0000030392,1,0,0,0,4,0,0.0,20
606305,CR-0000029168,0,0,0,0,4,3,0.0,15
606308,CR-0000030377,2,0,0,0,4,0,0.0,21
606310,CR-0000029480,0,0,0,0,4,3,0.0,2
606318,CR-0000030121,0,0,0,0,4,3,0.0,20
606331,CR-0000072409,0,0,1,0,5,1,1051.0,11
606332,CR-0000072137,0,0,0,0,5,6,134.0,12
606333,CR-0000072542,1,0,0,0,5,5,178.0,1
606334,CR-0000072516,0,0,0,0,5,1,34.0,0
606335,CR-0000072561,0,0,0,0,5,5,0.0,23
606336,CR-0000072555,0,0,0,0,5,5,250.0,21
606337,CR-0000072554,1,0,0,0,5,0,263.0,18
606338,CR-0000038756,0,0,0,0,5,0,0.0,16
606339,CR-0000038578,0,0,0,0,5,3,600.0,21
606340,CR-0000038507,0,0,1,0,5,0,0.0,6
606341,CR-0000039205,0,0,0,0,5,5,200.0,20
606343,CR-0000030592,0,0,0,0,5,5,0.0,8
606344,CR-0000030172,0,0,0,0,4,3,0.0,21
606345,CR-0000030585,1,0,0,0,4,1,0.0,17
606346,CR-0000030155,0,0,0,0,4,3,0.0,11
606347,CR-0000030610,0,0,0,0,4,0,0.0,20
606351,CR-0000029313,0,0,0,0,4,5,0.0,16
606353,CR-0000030095,0,1,0,0,4,3,0.0,21
606354,CR-0000030667,0,0,0,0,4,5,450.0,12
606358,CR-0000030343,1,0,0,0,4,0,0.0,17
606362,CR-0000030323,0,0,0,0,4,5,0.0,7
606385,CR-0000029030,0,0,0,0,4,3,1056.0,0
606386,CR-0000029023,0,0,0,0,4,5,60.0,14
606387,CR-0000030300,0,0,0,0,4,0,0.0,12
606388,CR-0000030453,0,1,0,0,5,3,100.0,18
606404,CR-0000029048,0,0,0,0,4,0,0.0,17
606408,CR-0000029015,1,0,0,0,4,3,0.0,9
606409,CR-0000030294,0,0,0,0,5,5,0.0,9
606410,CR-0000030257,0,0,0,1,4,3,0.0,20
606411,CR-0000029746,1,0,0,0,4,3,60.0,2
606419,CR-0000072366,0,1,0,0,5,6,60.0,18
606420,CR-0000072185,1,0,0,0,5,0,0.0,7
606421,CR-0000072544,0,1,0,0,5,6,390.0,2
606422,CR-0000072155,2,0,0,0,5,0,0.0,17
606423,CR-0000072112,0,0,0,0,5,6,0.0,20
606424,CR-0000072558,0,0,0,0,5,5,270.0,23
606425,CR-0000038654,0,0,0,0,4,3,0.0,15
606426,CR-0000056624,0,0,0,0,5,5,0.0,9
606433,CR-0000029259,0,0,0,0,4,3,0.0,12
606434,CR-0000028981,0,1,0,0,4,3,0.0,7
606435,CR-0000030153,0,0,0,0,4,6,0.0,10
606462,CR-0000030387,0,1,0,0,4,3,0.0,17
606463,CR-0000030152,0,0,0,0,4,5,0.0,17
606465,CR-0000029497,0,0,0,0,4,3,0.0,2
606467,CR-0000029329,2,0,0,0,4,5,0.0,18
606468,CR-0000072361,2,0,0,0,5,0,0.0,14
606469,CR-0000072192,3,0,0,0,5,5,72.0,21
606470,CR-0000072191,1,0,0,0,5,5,45.0,18
606471,CR-0000072190,1,1,0,0,5,0,0.0,10
606472,CR-0000072546,0,0,0,0,5,6,0.0,3
606473,CR-0000072533,1,0,0,0,5,5,640.0,22
606474,CR-0000072529,0,1,0,0,5,8,0.0,18
606475,CR-0000072527,0,0,0,0,5,6,0.0,17
606476,CR-0000072119,0,2,0,0,5,0,0.0,18
606477,CR-0000072514,0,0,0,0,5,5,150.0,21
606478,CR-0000072511,0,1,0,0,5,0,0.0,17
606479,CR-0000072503,0,0,0,0,5,6,75.0,5
606480,CR-0000038685,0,0,0,0,5,3,0.0,13
606481,CR-0000038607,0,0,0,0,5,3,0.0,11
606484,CR-0000030034,0,0,0,0,4,3,0.0,18
606493,CR-0000029212,0,0,0,0,4,3,54.0,4
606500,CR-0000029428,0,0,0,0,4,5,220.0,18
606501,CR-0000030275,0,0,0,0,4,3,0.0,23
606529,CR-0000072173,0,1,0,0,5,7,0.0,22
606530,CR-0000072518,3,0,0,0,5,0,215.0,17
606531,CR-0000072505,2,0,0,0,5,5,27.0,8
606532,CR-0000038616,0,0,0,0,5,3,140.0,8
606533,CR-0000056639,0,0,0,0,4,6,0.0,11
606541,CR-0000056576,0,0,0,0,4,5,0.0,11
606542,CR-0000057525,3,0,0,0,5,0,60.0,14
606557,CR-0000030205,0,0,0,0,4,3,0.0,17
606558,CR-0000029076,0,0,0,0,4,3,0.0,16
606566,CR-0000028980,0,0,0,0,4,3,0.0,6
606574,CR-0000055440,1,0,0,0,4,0,0.0,14
606575,CR-0000055428,0,0,0,0,4,6,0.0,15
606576,CR-0000060687,0,1,0,0,2,3,20.0,2
606577,CR-0000060837,0,0,0,0,5,6,30.0,22
606578,CR-0000060836,0,0,0,0,5,5,78.0,23
606579,CR-0000067569,2,0,0,0,5,5,100.0,21
606580,CR-0000060946,0,0,0,0,5,6,100.0,16
606581,CR-0000061764,0,0,1,0,4,5,0.0,14
606582,CR-0000061763,0,0,0,0,4,5,0.0,10
606583,CR-0000060747,0,0,0,0,5,5,116.0,10
606595,CR-0000056619,0,0,0,0,5,5,0.0,17
606596,CR-0000054517,0,1,0,0,0,0,0.0,18
606597,CR-0000054281,0,0,0,0,4,5,0.0,21
606598,CR-0000054352,0,1,0,0,5,1,40.0,23
606599,CR-0000060738,0,0,0,0,0,7,128.0,12
606600,CR-0000061855,0,0,0,0,4,6,0.0,15
606601,CR-0000060721,3,0,0,0,5,5,292.0,9
606602,CR-0000060788,0,0,0,0,5,5,54.0,11
606620,CR-0000054348,0,0,0,0,5,6,0.0,19
606621,CR-0000057524,0,1,0,0,4,3,0.0,14
606622,CR-0000054095,0,0,0,0,5,3,0.0,23
606623,CR-0000061746,1,0,1,0,4,1,0.0,17
606627,CR-0000029159,0,0,0,0,4,3,0.0,0
606628,CR-0000056649,1,0,0,0,4,0,0.0,14
606629,CR-0000056575,0,0,0,0,4,5,0.0,9
606630,CR-0000056557,0,0,0,0,5,6,0.0,23
606631,CR-0000057551,0,0,0,0,4,6,0.0,15
606632,CR-0000057545,0,0,0,0,5,0,350.0,17
606633,CR-0000057534,0,1,0,0,5,5,95.0,1
606634,CR-0000060678,5,0,0,0,5,0,0.0,19
606635,CR-0000067626,1,0,0,0,5,5,28.0,19
606652,CR-0000067620,1,0,0,0,0,7,354.0,14
606653,CR-0000067610,0,1,0,0,5,2,0.0,19
606654,CR-0000061779,0,1,0,0,3,0,0.0,11
606655,CR-0000067851,0,0,0,0,5,5,375.0,16
606656,CR-0000072267,0,0,0,0,5,5,0.0,6
606657,CR-0000072240,0,0,0,0,5,5,72.0,12
606658,CR-0000072212,1,0,0,0,5,3,40.0,9
606659,CR-0000072074,0,0,0,0,5,5,0.0,23
606667,CR-0000030144,1,0,0,0,4,3,0.0,7
606691,CR-0000060699,0,1,0,0,5,8,91.0,21
606692,CR-0000067635,0,0,0,0,5,0,215.0,14
606693,CR-0000061781,0,0,1,0,4,5,70.0,10
606694,CR-0000067554,0,0,0,0,5,2,210.0,22
606695,CR-0000061757,1,1,0,0,5,1,0.0,13
606696,CR-0000072210,0,0,0,0,5,5,51.0,2
606700,CR-0000030663,0,0,0,0,4,3,354.0,1
606707,CR-0000045458,0,0,0,0,5,5,800.0,17
606708,CR-0000053757,0,1,0,0,4,0,0.0,13
606709,CR-0000060701,1,0,0,0,5,5,0.0,23
606710,CR-0000060695,0,1,0,0,0,0,51.0,16
606711,CR-0000067645,1,0,0,0,5,5,0.0,17
606712,CR-0000067643,0,1,0,0,5,0,0.0,7
606713,CR-0000067596,2,0,0,0,5,5,120.0,16
606722,CR-0000029982,0,0,0,0,4,3,0.0,7
606724,CR-0000029975,0,0,0,0,4,3,200.0,23
606727,CR-0000054069,0,0,0,0,6,6,0.0,22
606735,CR-0000054272,1,0,0,0,5,5,0.0,16
606736,CR-0000054265,0,0,0,0,5,5,0.0,7
606737,CR-0000046349,0,0,0,0,4,3,0.0,0
606738,CR-0000046344,0,0,0,0,5,6,15.0,15
606739,CR-0000045825,1,0,0,0,5,5,65.0,15
606740,CR-0000049238,0,0,0,0,5,3,425.0,21
606751,CR-0000045848,0,0,0,0,4,3,0.0,1
606752,CR-0000054342,0,1,0,0,5,3,0.0,16
606753,CR-0000053826,1,0,0,0,5,3,0.0,8
606754,CR-0000054269,0,1,0,0,5,0,250.0,11
606757,CR-0000029174,0,0,0,0,5,3,0.0,18
606758,CR-0000030111,1,0,0,0,4,0,0.0,16
606761,CR-0000030018,0,0,0,0,5,5,35.0,6
606762,CR-0000030016,1,0,0,0,5,0,0.0,15
606763,CR-0000030052,1,0,0,0,4,3,0.0,20
606764,CR-0000030032,0,0,0,0,4,3,45.0,10
606766,CR-0000030302,0,0,0,0,4,3,0.0,14
606767,CR-0000030276,1,0,0,0,5,0,0.0,15
606770,CR-0000049089,0,0,0,0,4,5,0.0,7
606771,CR-0000049208,0,0,0,0,5,6,10.0,12
606772,CR-0000055304,2,0,0,0,5,0,0.0,20
606773,CR-0000049056,0,0,0,0,5,3,45.0,18
606774,CR-0000067613,0,1,0,0,0,7,140.0,22
606775,CR-0000067580,1,0,0,0,5,0,305.0,17
606776,CR-0000060787,0,0,0,0,5,2,0.0,3
606786,CR-0000046333,3,0,0,0,5,5,0.0,16
606787,CR-0000046229,0,0,0,0,5,5,50.0,17
606788,CR-0000049080,1,0,0,0,5,0,0.0,8
606789,CR-0000049224,0,0,0,0,5,1,0.0,7
606790,CR-0000067564,2,0,0,0,5,5,50.0,11
606791,CR-0000067553,0,0,0,0,5,5,45.0,21
606803,CR-0000029991,0,0,0,0,4,3,0.0,0
606806,CR-0000054270,2,1,0,0,5,0,0.0,14
606807,CR-0000054267,1,0,0,0,5,6,0.0,8
606808,CR-0000046346,0,1,0,0,0,3,0.0,17
606809,CR-0000046230,0,1,0,0,5,3,0.0,19
606810,CR-0000046228,0,0,0,0,5,3,0.0,16
606811,CR-0000055316,0,0,0,0,4,6,0.0,9
606812,CR-0000048899,0,1,0,0,5,3,12.0,8
606814,CR-0000030103,0,0,0,0,4,1,200.0,22
606817,CR-0000030285,1,0,0,0,5,3,0.0,18
606821,CR-0000049064,0,0,0,0,5,3,0.0,7
606822,CR-0000054086,0,3,0,0,5,3,0.0,13
606823,CR-0000054071,0,0,0,0,4,6,0.0,2
606824,CR-0000061627,0,0,0,0,4,6,0.0,2
606825,CR-0000067585,2,0,0,0,5,0,0.0,22
606826,CR-0000067451,0,0,0,0,5,6,20.0,19
606827,CR-0000067450,1,0,0,0,5,6,140.0,19
606831,CR-0000029190,1,0,0,0,4,0,0.0,5
606833,CR-0000030059,1,0,0,0,4,6,0.0,10
606841,CR-0000030204,1,0,0,0,4,5,0.0,15
606844,CR-0000030525,0,0,0,0,4,3,0.0,2
606845,CR-0000030514,0,1,0,0,4,3,0.0,0
606846,CR-0000030633,0,0,0,0,4,5,250.0,12
606847,CR-0000030543,0,0,0,0,4,6,300.0,14
606849,CR-0000067400,0,0,0,0,5,6,250.0,2
606850,CR-0000072496,1,0,0,0,5,5,190.0,21
606851,CR-0000072487,1,1,0,0,5,0,0.0,19
606852,CR-0000072457,0,0,0,0,5,5,35.0,21
606853,CR-0000072294,0,0,0,0,5,0,88.0,3
606854,CR-0000072284,0,0,0,0,5,5,56.0,11
606855,CR-0000045359,0,0,0,0,4,6,0.0,15
606859,CR-0000054340,1,0,0,0,5,1,0.0,7
606860,CR-0000054057,0,0,0,0,5,6,168.0,1
606861,CR-0000053824,0,0,0,0,5,6,100.0,7
606862,CR-0000060662,0,0,0,0,5,5,516.0,12
606863,CR-0000061789,0,0,0,0,5,6,100.0,6
606864,CR-0000060880,0,0,0,0,5,0,0.0,0
606865,CR-0000072260,0,0,0,0,5,6,373.0,20
606866,CR-0000072290,0,0,0,0,5,5,75.0,1
606867,CR-0000054141,0,1,0,0,5,5,420.0,23
606868,CR-0000054134,1,0,0,0,5,1,370.0,14
606869,CR-0000054264,1,0,0,0,5,0,0.0,7
606870,CR-0000054104,0,0,0,0,5,6,265.0,10
606877,CR-0000056917,0,0,0,1,5,2,150.0,6
606878,CR-0000049098,1,0,0,0,5,3,130.0,14
606879,CR-0000054101,0,0,0,0,5,5,0.0,2
606880,CR-0000056475,0,1,0,0,4,6,210.0,7
606881,CR-0000054090,0,0,0,0,5,0,0.0,18
606882,CR-0000055386,0,0,0,0,5,0,0.0,21
606883,CR-0000067627,1,0,0,0,5,0,0.0,22
606887,CR-0000030286,0,0,0,0,4,0,0.0,7
606888,CR-0000030284,0,0,0,0,4,3,0.0,12
606889,CR-0000030282,0,0,0,0,4,5,0.0,11
606890,CR-0000030009,1,0,0,0,4,0,0.0,14
606892,CR-0000060779,0,0,1,0,0,7,89.0,21
606901,CR-0000045659,0,0,0,0,4,5,0.0,17
606902,CR-0000046465,0,0,0,0,4,3,30.0,8
606903,CR-0000039243,0,0,0,0,5,3,75.0,18
606904,CR-0000038506,0,0,0,0,4,3,0.0,5
606905,CR-0000048856,1,0,1,0,5,1,0.0,17
606906,CR-0000053636,1,0,0,0,5,3,0.0,12
606907,CR-0000067595,0,0,0,0,5,6,0.0,15
606908,CR-0000061603,0,0,0,0,4,1,160.0,3
606909,CR-0000060830,1,0,0,0,5,2,300.0,16
606910,CR-0000067566,0,1,0,0,5,7,80.0,19
606911,CR-0000067565,0,0,0,0,5,1,1073.0,14
606912,CR-0000067433,0,0,0,0,5,5,0.0,17
606913,CR-0000067368,0,1,0,0,0,7,255.0,19
606923,CR-0000054111,0,0,0,0,5,6,557.0,2
606924,CR-0000055537,0,0,0,0,4,6,0.0,6
606925,CR-0000045998,1,0,0,0,5,0,0.0,17
606926,CR-0000054405,0,0,0,0,4,6,400.0,6
606927,CR-0000046481,0,0,0,0,5,3,0.0,3
606928,CR-0000072023,2,0,0,0,5,6,0.0,20
606929,CR-0000072003,0,0,0,0,5,5,0.0,7
606930,CR-0000072283,0,0,0,0,5,8,260.0,10
606931,CR-0000054127,0,0,0,0,4,0,1000.0,22
606932,CR-0000053464,1,0,0,0,5,5,0.0,18
606933,CR-0000053462,0,0,0,0,5,5,0.0,17
606934,CR-0000053927,0,0,1,0,3,3,0.0,16
606935,CR-0000046006,0,1,0,0,6,5,0.0,9
606945,CR-0000072072,2,0,0,0,5,1,38.0,20
606946,CR-0000072040,1,0,0,0,5,5,0.0,12
606947,CR-0000055302,0,2,0,0,5,1,0.0,8
606948,CR-0000048651,1,0,0,0,5,5,3.0,13
606949,CR-0000054119,1,0,0,0,0,6,0.0,16
606950,CR-0000054113,0,0,0,0,5,0,115.0,8
606951,CR-0000056125,1,0,0,0,4,6,0.0,18
606952,CR-0000061804,0,0,0,0,4,5,51.0,17
606953,CR-0000060777,0,0,0,0,5,5,85.0,15
606954,CR-0000072478,0,0,1,0,5,5,190.0,12
606955,CR-0000072281,1,1,0,0,5,0,200.0,9
606956,CR-0000072272,0,0,0,0,5,6,22.0,15
606957,CR-0000054244,1,0,0,0,5,0,270.0,11
606958,CR-0000061624,0,0,0,0,4,2,0.0,15
606959,CR-0000054149,1,0,0,0,5,6,120.0,13
606960,CR-0000053737,0,1,0,0,5,0,0.0,22
606961,CR-0000072349,1,0,0,0,5,0,45.0,21
606962,CR-0000072332,0,0,0,0,5,6,0.0,11
606963,CR-0000072316,2,0,0,0,5,5,38.0,7
606964,CR-0000072365,0,0,0,0,5,2,28.0,16
606965,CR-0000072358,0,0,0,0,5,5,40.0,0
606966,CR-0000030508,0,0,0,0,4,5,0.0,19
606967,CR-0000030507,2,2,0,0,4,0,0.0,11
606969,CR-0000030549,0,0,0,0,4,0,0.0,17
606970,CR-0000030372,0,0,0,0,4,5,0.0,17
606971,CR-0000030215,0,0,0,0,5,0,0.0,8
606972,CR-0000030483,0,0,0,0,4,3,0.0,0
606973,CR-0000030827,0,0,0,0,4,3,0.0,23
606974,CR-0000029352,0,0,0,0,4,3,0.0,9
606980,CR-0000061815,0,0,0,0,4,1,0.0,23
606981,CR-0000067432,2,0,0,0,5,0,0.0,14
606982,CR-0000067207,0,1,0,0,5,0,120.0,12
606983,CR-0000072674,1,0,0,0,5,0,25.0,16
606984,CR-0000072007,0,0,0,0,5,5,48.0,2
606988,CR-0000029812,0,2,0,0,4,3,0.0,3
606992,CR-0000048637,0,0,0,0,5,0,0.0,17
606993,CR-0000053500,0,0,0,0,4,0,0.0,17
606994,CR-0000055503,0,0,0,0,4,0,0.0,14
606995,CR-0000045678,0,0,0,0,4,0,0.0,18
606996,CR-0000046491,0,1,0,0,3,3,79.0,13
606997,CR-0000038698,0,0,0,0,5,0,417.0,16
606998,CR-0000038673,0,1,0,0,5,5,0.0,20
606999,CR-0000038426,2,0,0,0,5,5,0.0,17
607000,CR-0000038615,1,0,0,0,5,5,250.0,9
607001,CR-0000072500,1,0,0,0,5,6,120.0,10
607002,CR-0000054376,0,0,0,0,4,5,0.0,17
607003,CR-0000048633,0,0,0,0,5,1,0.0,10
607004,CR-0000054124,0,0,0,0,4,6,0.0,19
607005,CR-0000056132,0,0,0,0,5,6,485.0,8
607006,CR-0000054108,0,0,0,0,5,6,0.0,21
607007,CR-0000053399,1,0,0,0,5,0,0.0,22
607013,CR-0000053755,0,0,0,0,4,6,0.0,11
607014,CR-0000054097,0,0,0,0,4,5,0.0,14
607020,CR-0000039218,0,0,0,0,5,3,100.0,8
607021,CR-0000038582,0,0,0,0,5,3,230.0,2
607022,CR-0000056589,2,0,0,0,5,5,470.0,14
607023,CR-0000061824,2,0,0,0,5,1,0.0,13
607025,CR-0000030518,1,0,0,0,5,3,0.0,11
607026,CR-0000030622,0,0,0,0,4,3,75.0,9
607030,CR-0000029094,0,0,0,0,4,3,0.0,8
607035,CR-0000030364,0,0,0,0,5,5,0.0,17
607036,CR-0000030504,0,0,0,0,4,0,0.0,7
607037,CR-0000030572,0,0,0,0,4,5,0.0,7
607038,CR-0000030386,0,0,1,0,4,3,0.0,14
607039,CR-0000030231,0,0,0,0,4,0,0.0,13
607045,CR-0000030239,0,0,0,0,4,0,0.0,14
607046,CR-0000072038,0,0,0,0,5,0,53.0,7
607047,CR-0000072667,0,0,0,0,5,0,153.0,1
607048,CR-0000072008,0,0,0,0,5,6,35.0,11
607049,CR-0000054135,0,0,0,0,5,3,100.0,14
607055,CR-0000054148,1,1,0,0,5,0,0.0,10
607056,CR-0000048622,0,0,0,0,5,6,0.0,13
607062,CR-0000054109,0,0,0,0,4,5,200.0,18
607063,CR-0000054105,2,0,0,0,5,5,46.0,10
607064,CR-0000046427,3,0,0,0,5,5,0.0,0
607065,CR-0000045857,1,0,0,0,5,0,0.0,10
607066,CR-0000054249,0,0,0,0,5,5,24.0,19
607067,CR-0000054407,0,0,0,0,4,3,0.0,14
607068,CR-0000048955,1,0,0,0,5,3,0.0,21
607069,CR-0000072340,2,0,0,0,5,5,48.0,0
607075,CR-0000053837,0,1,0,0,5,3,0.0,19
607076,CR-0000054576,0,0,0,0,5,5,100.0,4
607077,CR-0000056397,0,0,0,0,5,6,130.0,18
607078,CR-0000054122,0,0,0,0,5,5,45.0,19
607079,CR-0000054120,0,2,0,0,5,6,323.0,18
607080,CR-0000046410,0,0,0,0,5,3,150.0,0
607081,CR-0000054081,0,0,0,0,4,3,100.0,6
607082,CR-0000055415,2,0,0,0,5,5,27.0,13
607083,CR-0000061740,0,0,0,0,4,2,51.0,19
607085,CR-0000048549,0,0,0,0,4,1,0.0,22
607086,CR-0000053738,0,0,0,0,4,6,0.0,21
607087,CR-0000053736,0,0,0,0,4,3,330.0,22
607088,CR-0000072446,1,0,0,0,5,1,0.0,9
607089,CR-0000072309,1,0,0,0,5,1,150.0,2
607090,CR-0000072145,0,1,0,0,5,1,0.0,10
607091,CR-0000056107,0,1,0,0,5,0,620.0,13
607092,CR-0000048638,2,0,0,0,5,0,0.0,19
607093,CR-0000045990,0,1,0,0,5,3,0.0,19
607094,CR-0000045504,1,0,0,0,5,5,68.0,15
607095,CR-0000056300,0,0,0,0,4,6,0.0,14
607096,CR-0000056267,0,0,0,0,4,6,0.0,0
607097,CR-0000046049,1,0,0,0,5,5,0.0,11
607098,CR-0000054418,0,1,0,0,0,0,35.0,15
607099,CR-0000054041,0,0,0,0,5,5,186.0,23
607100,CR-0000044462,0,0,0,1,5,3,0.0,21
607101,CR-0000045992,0,0,0,0,4,1,0.0,15
607102,CR-0000045899,1,0,0,0,5,5,60.0,16
607103,CR-0000045874,0,0,0,0,5,6,106.0,9
607104,CR-0000054922,0,0,0,0,5,1,54.0,0
607105,CR-0000030373,2,0,0,0,5,5,220.0,15
607106,CR-0000030501,2,0,0,0,4,5,0.0,21
607107,CR-0000029484,0,0,0,0,5,1,0.0,20
607110,CR-0000030743,3,1,0,0,5,0,0.0,22
607119,CR-0000056380,0,0,0,0,5,1,45.0,2
607120,CR-0000054417,2,0,0,0,5,3,155.0,14
607121,CR-0000046028,0,0,0,0,5,1,0.0,0
607122,CR-0000046026,0,0,0,0,4,3,0.0,23
607123,CR-0000046497,0,0,0,0,5,0,0.0,22
607124,CR-0000030553,1,0,0,0,4,0,0.0,16
607126,CR-0000030330,0,0,0,0,4,0,0.0,20
607131,CR-0000030742,0,0,0,0,4,5,100.0,15
607135,CR-0000030759,0,0,0,0,4,3,0.0,14
607138,CR-0000030403,0,0,0,0,5,5,0.0,22
607149,CR-0000056597,2,0,0,0,5,5,327.0,9
607150,CR-0000056595,0,0,0,1,5,8,40.0,7
607151,CR-0000054902,0,0,0,0,4,6,0.0,7
607152,CR-0000053868,1,1,0,0,5,1,0.0,17
607153,CR-0000044429,0,0,0,0,5,1,0.0,8
607154,CR-0000044410,0,0,0,0,5,3,0.0,2
607158,CR-0000030421,0,0,0,0,4,5,0.0,3
607160,CR-0000030452,0,0,0,0,4,3,0.0,16
607166,CR-0000030353,1,0,0,0,4,0,0.0,17
607167,CR-0000029101,0,0,0,0,4,3,0.0,18
607169,CR-0000030573,0,0,0,0,4,0,0.0,8
607170,CR-0000030399,0,0,0,0,4,3,87.0,15
607171,CR-0000030551,0,0,0,0,4,5,0.0,10
607172,CR-0000030375,0,0,0,0,4,5,0.0,15
607173,CR-0000030367,0,0,0,0,4,1,0.0,15
607174,CR-0000030217,0,0,0,0,4,5,0.0,8
607175,CR-0000030502,1,0,0,0,4,5,60.0,14
607176,CR-0000030492,1,0,0,0,4,0,0.0,14
607178,CR-0000072336,0,0,0,0,5,0,218.0,18
607179,CR-0000072175,0,1,0,0,5,1,44.0,23
607180,CR-0000072165,0,1,0,0,5,0,0.0,20
607181,CR-0000038499,1,0,1,1,5,0,0.0,13
607182,CR-0000038476,0,0,0,0,5,6,300.0,16
607183,CR-0000039265,0,0,0,0,5,3,495.0,15
607184,CR-0000038549,0,1,0,0,4,3,0.0,6
607185,CR-0000055666,2,0,1,0,5,8,0.0,21
607186,CR-0000072170,0,0,0,0,5,1,75.0,3
607187,CR-0000071937,0,0,0,0,5,0,0.0,16
607188,CR-0000038269,0,0,0,0,4,3,0.0,9
607189,CR-0000038688,1,0,0,0,4,3,0.0,12
607190,CR-0000038483,0,0,0,0,5,5,0.0,16
607191,CR-0000038895,0,1,0,0,4,1,0.0,20
607192,CR-0000038639,1,0,0,0,5,0,0.0,17
607193,CR-0000056638,0,0,0,0,5,6,0.0,10
607194,CR-0000044425,0,0,0,0,5,3,122.0,0
607195,CR-0000056564,2,2,0,0,5,5,0.0,12
607196,CR-0000044404,0,0,0,0,4,3,200.0,17
607197,CR-0000048687,1,0,0,0,4,3,0.0,17
607198,CR-0000049245,0,0,0,0,4,0,0.0,16
607201,CR-0000030331,1,0,0,0,4,3,0.0,18
607207,CR-0000072144,1,0,0,0,5,5,0.0,8
607208,CR-0000072716,0,0,0,0,5,5,80.0,16
607209,CR-0000038670,2,0,0,0,5,3,0.0,14
607210,CR-0000038620,0,0,0,0,5,5,15.0,14
607211,CR-0000039203,0,0,0,0,5,5,340.0,11
607212,CR-0000045462,0,1,0,0,5,3,13.0,0
607213,CR-0000045595,0,1,0,0,0,3,211.0,19
607214,CR-0000053804,1,0,0,0,0,3,0.0,12
607215,CR-0000048666,0,0,0,0,5,3,465.0,3
607216,CR-0000056621,2,0,0,0,4,5,75.0,18
607217,CR-0000056605,0,0,0,0,4,5,0.0,22
607218,CR-0000057542,3,0,0,0,5,0,0.0,15
607219,CR-0000045469,0,0,0,0,4,3,0.0,0
607225,CR-0000038605,1,0,0,0,5,5,56.0,20
607226,CR-0000053753,0,0,1,0,5,0,0.0,21
607227,CR-0000045457,1,0,0,0,5,5,0.0,17
607228,CR-0000056591,0,0,0,0,5,1,0.0,15
607229,CR-0000045779,1,0,0,0,4,3,0.0,18
607230,CR-0000057538,0,0,0,0,5,6,0.0,8
607231,CR-0000054091,1,0,0,0,4,0,0.0,19
607232,CR-0000055404,4,0,0,0,5,3,530.0,21
607233,CR-0000067330,0,0,0,0,5,0,192.0,16
607234,CR-0000054276,0,0,0,0,4,0,0.0,22