CrashFactId,Name,MinorInjuries,ModerateInjuries,SevereInjuries,FatalInjuries,PrimaryCollisionFactor_Code,CollisionType_Code,Distance,CrashTime
619208,CR-0000035033,0,0,0,0,5,3,50.0,2
619209,CR-0000036052,0,0,0,0,5,3,0.0,2
619210,CR-0000036101,1,0,0,0,5,3,0.0,2
619212,CR-0000070386,0,0,0,0,4,6,230.0,19
619213,CR-0000070691,0,0,0,0,4,0,0.0,16
619214,CR-0000075220,0,0,0,0,5,6,75.0,21
619215,CR-0000070665,0,0,0,0,4,6,0.0,23
619216,CR-0000075908,0,0,0,0,5,5,81.0,15
619217,CR-0000077856,0,0,0,0,5,5,290.0,1
619218,CR-0000059254,0,0,0,0,4,5,0.0,20
619219,CR-0000074987,2,0,0,0,5,0,0.0,8
619220,CR-0000073966,0,0,0,0,5,1,0.0,0
619221,CR-0000075006,0,0,0,0,5,5,0.0,15
619222,CR-0000074953,1,0,0,0,5,0,0.0,13
619226,CR-0000075232,0,0,0,0,5,0,0.0,16
619227,CR-0000074662,0,0,0,0,5,6,87.0,11
619228,CR-0000074948,0,1,0,0,5,8,40.0,20
619229,CR-0000059264,0,0,0,0,4,6,0.0,7
619230,CR-0000059260,0,0,0,0,5,5,333.0,14
619231,CR-0000059258,2,2,0,0,5,5,200.0,15
619232,CR-0000059000,0,0,0,0,4,6,100.0,7
619233,CR-0000058969,1,0,0,0,5,0,0.0,0
619234,CR-0000059193,0,0,0,0,5,2,19.0,9
619235,CR-0000067481,0,0,0,0,4,0,0.0,17
619236,CR-0000066366,0,0,0,0,4,0,90.0,14
619237,CR-0000066363,0,0,0,0,4,5,0.0,18
619238,CR-0000066503,0,0,0,0,4,6,0.0,10
619239,CR-0000067521,0,0,0,0,4,6,15.0,8
619240,CR-0000058424,0,0,0,0,5,2,35.0,17
619241,CR-0000066687,0,0,0,0,4,5,15.0,8
619242,CR-0000061529,0,0,0,0,5,6,100.0,20
619243,CR-0000061504,0,0,0,0,5,1,762.0,6
619244,CR-0000067466,0,0,0,0,4,6,148.0,8
619245,CR-0000066432,0,0,0,0,4,0,0.0,14
619248,CR-0000059297,0,1,0,0,3,8,345.0,14
619249,CR-0000059265,0,0,0,0,4,6,0.0,23
619250,CR-0000059263,0,0,0,0,4,5,0.0,13
619251,CR-0000066543,0,0,0,0,4,2,60.0,15
619252,CR-0000074607,0,1,0,0,0,7,0.0,7
619253,CR-0000075280,0,0,0,0,5,5,90.0,14
619254,CR-0000076090,0,0,0,0,5,5,80.0,2
619255,CR-0000070483,0,0,0,0,4,6,50.0,6
619256,CR-0000070269,0,0,0,0,4,5,0.0,6
619257,CR-0000066324,0,0,0,0,4,6,200.0,19
619258,CR-0000065976,0,0,1,1,5,0,0.0,21
619259,CR-0000066426,0,0,0,0,4,5,0.0,15
619260,CR-0000076189,3,0,0,0,5,5,204.0,15
619261,CR-0000059165,0,0,0,0,4,0,0.0,18
619262,CR-0000059173,0,0,0,0,4,5,128.0,17
619263,CR-0000066368,0,0,0,0,4,1,0.0,8
619264,CR-0000066578,0,0,0,0,4,5,60.0,0
619265,CR-0000067511,1,1,0,0,4,0,0.0,5
619266,CR-0000075133,1,0,0,0,5,5,174.0,17
619267,CR-0000075115,0,0,0,0,5,5,300.0,16
619268,CR-0000075972,0,0,2,0,5,1,47.0,22
619269,CR-0000070677,0,0,0,0,4,5,0.0,15
619270,CR-0000070765,0,0,0,0,4,5,0.0,6
619271,CR-0000070664,0,0,0,0,4,6,0.0,15
619272,CR-0000070813,2,0,0,0,4,6,0.0,11
619273,CR-0000070750,0,0,0,0,4,6,51.0,19
619274,CR-0000075018,2,0,0,0,5,6,0.0,17
619275,CR-0000075092,2,0,0,0,5,5,127.0,17
619276,CR-0000059255,0,0,0,0,4,5,0.0,18
619277,CR-0000059162,0,0,0,0,5,0,150.0,16
619278,CR-0000059188,1,0,0,0,5,0,0.0,4
619279,CR-0000066678,1,0,0,0,4,5,0.0,12
619280,CR-0000058525,1,0,0,0,5,0,882.0,18
619281,CR-0000058508,0,0,0,0,5,5,24.0,17
619287,CR-0000058591,0,1,0,0,5,8,103.0,19
619288,CR-0000058589,1,0,0,0,5,5,153.0,17
619289,CR-0000058757,4,0,0,0,5,5,0.0,14
619290,CR-0000059175,1,1,0,0,5,6,62.0,23
619291,CR-0000066383,0,0,0,0,4,5,0.0,16
619292,CR-0000066382,0,0,0,0,4,0,0.0,19
619293,CR-0000066662,0,0,0,0,4,5,0.0,10
619294,CR-0000061680,0,1,0,0,5,7,354.0,19
619295,CR-0000070284,0,0,0,0,4,6,0.0,2
619296,CR-0000059299,0,0,0,0,5,6,0.0,18
619297,CR-0000059290,0,0,0,0,4,3,0.0,13
619298,CR-0000059279,1,0,0,0,5,0,395.0,8
619299,CR-0000058540,0,0,0,0,5,6,20.0,8
619300,CR-0000058538,0,0,0,0,5,6,45.0,7
619301,CR-0000058522,0,0,0,0,5,0,49.0,13
619303,CR-0000075865,0,0,0,0,5,6,190.0,17
619304,CR-0000066448,0,0,0,0,4,5,356.0,16
619305,CR-0000066348,0,0,0,0,4,6,15.0,15
619306,CR-0000066346,0,0,0,0,4,5,220.0,6
619307,CR-0000066476,0,0,0,0,4,5,0.0,8
619308,CR-0000074616,1,0,0,0,5,0,0.0,8
619309,CR-0000075105,0,0,0,0,5,5,0.0,7
619310,CR-0000075821,2,0,0,0,5,1,0.0,16
619311,CR-0000070892,0,0,0,0,4,6,51.0,21
619312,CR-0000075482,0,0,0,0,5,6,51.0,18
619313,CR-0000070885,0,0,0,0,4,0,0.0,16
619314,CR-0000074881,0,0,0,0,5,0,0.0,17
619315,CR-0000059048,3,0,0,0,5,0,0.0,9
619316,CR-0000059015,1,0,0,0,5,5,198.0,17
619326,CR-0000075201,1,0,0,0,5,5,0.0,21
619327,CR-0000075215,0,0,0,0,5,5,150.0,9
619328,CR-0000074473,0,0,0,0,5,6,0.0,14
619329,CR-0000074981,0,0,0,0,5,0,48.0,2
619330,CR-0000059295,1,0,0,0,5,5,100.0,10
619331,CR-0000059425,1,0,0,0,5,0,0.0,13
619332,CR-0000058478,0,0,0,0,4,5,0.0,18
619333,CR-0000058462,1,0,0,0,5,6,0.0,22
619334,CR-0000058455,0,0,0,0,5,6,0.0,12
619335,CR-0000070400,0,0,0,0,4,5,284.0,18
619336,CR-0000075227,0,0,0,0,5,5,0.0,11
619337,CR-0000070367,1,0,0,0,4,8,0.0,17
619338,CR-0000070253,0,0,0,0,4,5,51.0,20
619339,CR-0000058403,0,0,0,0,5,0,0.0,21
619340,CR-0000066326,0,0,0,0,4,0,95.0,6
619341,CR-0000065926,0,0,2,0,4,1,5280.0,14
619342,CR-0000065975,0,0,0,0,4,5,0.0,12
619343,CR-0000066261,0,0,0,0,4,0,0.0,18
619344,CR-0000066319,0,0,0,0,4,5,450.0,8
619345,CR-0000066176,0,0,0,0,4,5,0.0,14
619346,CR-0000066340,0,0,0,0,4,0,125.0,16
619347,CR-0000066337,0,0,0,0,4,6,140.0,18
619348,CR-0000075902,0,0,0,0,5,6,117.0,9
619349,CR-0000075868,0,0,0,0,5,0,51.0,14
619350,CR-0000075476,0,0,0,0,5,6,264.0,14
619351,CR-0000076338,0,0,0,0,5,1,104.0,1
619352,CR-0000033287,1,0,0,0,5,3,0.0,1
619353,CR-0000032244,0,0,0,0,5,3,0.0,8
619354,CR-0000035081,1,0,0,0,5,3,65.0,16
619355,CR-0000033337,0,1,0,0,5,3,0.0,10
619356,CR-0000036191,0,1,0,0,5,3,12.0,0
619357,CR-0000050101,0,0,0,0,5,3,150.0,1
619359,CR-0000070653,0,0,0,0,4,5,300.0,0
619362,CR-0000035754,0,0,0,0,5,3,147.0,1
619363,CR-0000033793,0,0,0,0,5,3,0.0,12
619364,CR-0000032141,0,0,0,0,5,3,108.0,7
619365,CR-0000033209,0,0,0,0,5,3,0.0,1
619369,CR-0000075282,0,0,0,0,5,1,85.0,17
619370,CR-0000059148,0,0,0,0,4,6,0.0,12
619371,CR-0000059116,1,0,0,0,4,6,0.0,10
619372,CR-0000059109,1,0,0,0,5,1,0.0,13
619373,CR-0000033208,0,0,0,0,4,3,0.0,2
619374,CR-0000033327,0,0,0,0,5,3,0.0,4
619375,CR-0000058441,0,0,0,0,4,0,0.0,7
619376,CR-0000067482,1,0,0,0,4,7,125.0,9
619377,CR-0000066396,0,0,0,0,4,5,15.0,13
619378,CR-0000066381,0,0,0,0,4,5,5.0,8
619379,CR-0000066365,0,0,0,0,4,5,0.0,18
619380,CR-0000066362,0,0,0,0,4,5,0.0,9
619381,CR-0000067537,0,0,0,0,4,6,70.0,17
619382,CR-0000066447,0,0,0,0,4,5,0.0,16
619383,CR-0000059276,2,0,0,0,5,1,0.0,13
619384,CR-0000059272,0,1,0,0,5,6,344.0,19
619385,CR-0000066515,0,0,0,0,4,1,0.0,19
619386,CR-0000066454,0,0,0,0,4,5,0.0,12
619387,CR-0000075866,0,1,0,0,5,0,0.0,18
619388,CR-0000077884,1,0,0,0,5,0,0.0,12
619389,CR-0000071237,0,0,0,0,4,2,51.0,10
619390,CR-0000071202,0,0,0,0,4,6,0.0,20
619391,CR-0000071025,0,0,0,0,4,5,0.0,15
619392,CR-0000035482,0,0,0,0,5,3,0.0,21
619393,CR-0000032852,0,0,0,0,5,3,25.0,15
619395,CR-0000075281,0,0,0,0,5,6,162.0,17
619396,CR-0000075483,0,0,0,0,5,5,21.0,18
619397,CR-0000075481,0,0,0,0,5,6,0.0,11
619398,CR-0000070482,0,0,0,0,4,6,204.0,2
619399,CR-0000065990,0,0,0,0,4,3,15.0,21
619400,CR-0000066007,0,0,0,0,4,1,205.0,0
619401,CR-0000075804,0,0,0,0,0,7,0.0,13
619402,CR-0000075879,1,0,0,0,5,0,0.0,22
619403,CR-0000075300,1,0,0,0,5,5,388.0,12
619404,CR-0000070318,0,0,0,0,4,5,0.0,1
619405,CR-0000076323,0,0,1,0,5,0,0.0,14
619406,CR-0000033238,0,0,0,0,5,3,0.0,15
619407,CR-0000033486,0,0,0,0,5,3,40.0,10
619408,CR-0000032422,0,0,0,0,4,3,0.0,15
619409,CR-0000067549,0,0,0,0,4,6,50.0,19
619410,CR-0000075114,1,1,0,0,5,5,55.0,21
619411,CR-0000059046,0,0,0,0,4,0,0.0,3
619412,CR-0000059039,0,0,0,0,5,6,120.0,11
619413,CR-0000059125,0,0,0,0,5,6,110.0,12
619414,CR-0000059110,0,0,0,0,5,0,225.0,17
619415,CR-0000075796,1,0,0,0,5,7,0.0,18
619416,CR-0000058906,0,0,0,0,4,1,0.0,6
619417,CR-0000066430,0,0,0,0,4,2,50.0,12
619418,CR-0000074551,0,0,0,0,5,6,0.0,8
619419,CR-0000036731,0,0,0,0,5,3,0.0,16
619420,CR-0000036156,0,0,0,0,5,3,0.0,16
619421,CR-0000033389,0,0,0,0,5,3,0.0,23
619422,CR-0000035429,0,0,0,0,5,3,0.0,0
619438,CR-0000066431,0,0,0,0,4,5,0.0,17
619439,CR-0000033860,0,2,0,0,5,3,0.0,1
619440,CR-0000034965,1,1,0,0,5,3,0.0,23
619441,CR-0000033275,1,0,0,0,5,3,0.0,11
619442,CR-0000032952,0,1,0,0,5,3,0.0,20
619445,CR-0000033260,0,0,0,0,5,3,0.0,2
619446,CR-0000050086,1,0,0,0,5,3,0.0,2
619447,CR-0000074725,0,1,0,0,0,7,30.0,13
619448,CR-0000074998,0,0,0,0,5,1,0.0,6
619449,CR-0000077899,0,0,0,0,5,5,250.0,2
619450,CR-0000075244,1,1,0,0,5,2,0.0,8
619451,CR-0000071357,0,1,0,0,4,7,0.0,14
619458,CR-0000076089,0,0,0,0,5,5,65.0,19
619459,CR-0000066308,0,0,1,0,4,7,0.0,7
619460,CR-0000070574,0,0,0,0,4,5,0.0,14
619461,CR-0000076124,0,0,0,0,5,6,45.0,13
619462,CR-0000058465,1,0,0,0,4,8,0.0,12
619463,CR-0000075801,1,0,0,0,5,1,0.0,18
619464,CR-0000075754,1,0,0,0,5,0,0.0,11
619465,CR-0000070506,1,0,0,0,4,5,0.0,11
619466,CR-0000074574,1,0,0,0,5,0,0.0,6
619467,CR-0000071187,0,0,0,0,4,6,51.0,15
619468,CR-0000074475,0,0,0,0,5,6,24.0,8
619473,CR-0000035258,0,0,0,0,5,3,0.0,3
619474,CR-0000035319,0,0,0,0,5,3,0.0,8
619475,CR-0000040053,0,0,0,0,5,3,800.0,9
619485,CR-0000075093,1,0,0,0,5,5,71.0,15
619486,CR-0000071026,0,0,0,0,4,6,0.0,19
619487,CR-0000074742,1,0,0,0,5,8,0.0,22
619488,CR-0000074741,0,1,0,0,0,7,217.0,9
619489,CR-0000059210,2,0,0,0,5,0,0.0,20
619490,CR-0000058988,1,0,0,0,4,0,0.0,13
619491,CR-0000066623,0,0,0,0,4,5,0.0,22
619492,CR-0000075877,0,0,0,0,5,5,72.0,21
619493,CR-0000075875,0,1,0,0,5,0,0.0,21
619494,CR-0000074740,1,0,0,0,5,8,320.0,8
619495,CR-0000066970,0,0,0,0,4,5,0.0,12
619496,CR-0000066914,0,0,0,0,4,5,0.0,20
619497,CR-0000066622,0,0,0,0,4,5,0.0,18
619498,CR-0000066554,1,0,0,0,5,5,217.0,14
619499,CR-0000066766,0,0,0,0,4,6,200.0,10
619500,CR-0000067107,0,0,0,0,4,6,0.0,21
619501,CR-0000075854,0,0,0,0,5,5,188.0,15
619502,CR-0000076206,1,0,0,0,5,6,27.0,19
619503,CR-0000058474,0,0,0,0,6,5,141.0,17
619504,CR-0000075794,0,0,0,0,5,6,0.0,18
619505,CR-0000070518,0,0,0,0,4,6,0.0,21
619512,CR-0000034214,0,0,0,0,5,3,0.0,14
619513,CR-0000035190,0,0,0,0,5,3,0.0,4
619518,CR-0000049792,1,0,0,0,5,3,476.0,10
619519,CR-0000033549,0,0,0,0,5,3,0.0,2
619520,CR-0000033657,0,0,0,0,5,3,0.0,2
619521,CR-0000044658,0,0,0,0,5,3,0.0,16
619522,CR-0000044796,0,0,0,0,5,3,9.0,23
619525,CR-0000074576,1,0,0,0,5,0,0.0,12
619526,CR-0000074575,1,0,0,0,5,5,64.0,8
619527,CR-0000071010,1,0,0,0,4,0,0.0,11
619528,CR-0000071083,0,0,0,0,4,6,200.0,20
619529,CR-0000059169,0,0,0,0,4,6,273.0,18
619530,CR-0000059001,0,0,0,0,5,5,68.0,1
619531,CR-0000058986,1,0,0,0,5,5,21.0,19
619532,CR-0000058972,0,1,0,0,5,6,118.0,16
619549,CR-0000076105,0,0,0,0,5,0,0.0,8
619550,CR-0000076104,2,1,0,0,5,5,35.0,18
619551,CR-0000075792,1,0,0,0,5,8,0.0,7
619552,CR-0000075002,0,0,0,0,5,0,0.0,13
619553,CR-0000074997,0,0,0,0,5,5,72.0,23
619554,CR-0000070551,0,0,0,0,4,5,0.0,7
619555,CR-0000075401,0,0,0,0,5,5,0.0,23
619556,CR-0000075394,1,0,0,0,5,0,0.0,16
619557,CR-0000036423,0,1,0,0,5,3,215.0,2
619558,CR-0000050011,0,0,0,0,5,3,51.0,22
619562,CR-0000074865,1,0,0,0,5,5,30.0,13
619563,CR-0000059050,1,0,0,0,5,0,0.0,9
619572,CR-0000059045,0,0,0,0,4,2,50.0,15
619573,CR-0000071120,0,0,0,0,4,6,0.0,20
619574,CR-0000075165,0,0,0,0,5,0,0.0,22
619575,CR-0000075076,0,1,0,0,5,0,0.0,11
619576,CR-0000074982,1,0,0,0,5,6,140.0,17
619577,CR-0000074966,0,1,0,0,3,8,0.0,7
619578,CR-0000036098,0,0,0,0,5,3,0.0,21
619586,CR-0000050360,1,0,0,0,5,3,152.0,15
619596,CR-0000033869,0,0,0,0,5,3,0.0,0
619599,CR-0000030621,0,0,0,0,4,3,0.0,16
619600,CR-0000066538,0,0,0,0,4,6,25.0,23
619601,CR-0000066724,0,0,0,0,4,5,0.0,16
619602,CR-0000066723,0,0,0,0,4,6,100.0,12
619603,CR-0000066771,0,0,0,0,4,6,0.0,18
619604,CR-0000066756,0,0,0,0,4,6,30.0,21
619605,CR-0000066976,0,0,0,0,4,6,60.0,8
619606,CR-0000070960,0,0,0,0,4,2,51.0,8
619615,CR-0000075466,2,0,0,0,5,0,294.0,18
619616,CR-0000075385,0,0,0,0,6,0,0.0,19
619617,CR-0000075376,1,0,0,0,5,6,129.0,15
619618,CR-0000075369,0,0,0,0,5,0,0.0,17
619619,CR-0000070791,0,0,0,0,4,5,51.0,8
619620,CR-0000070363,2,0,0,0,4,5,0.0,7
619621,CR-0000070669,0,0,0,0,5,2,200.0,16
619622,CR-0000059201,0,0,0,0,5,6,250.0,16
619623,CR-0000059191,0,0,0,0,5,5,45.0,0
619624,CR-0000059177,0,1,1,0,5,0,0.0,23
619625,CR-0000066974,0,0,0,0,4,2,0.0,8
619626,CR-0000066923,0,0,0,0,4,0,0.0,13
619627,CR-0000066686,0,0,0,0,4,5,0.0,15
619628,CR-0000066544,0,0,0,0,4,2,180.0,18
619630,CR-0000033084,0,0,0,0,5,3,0.0,2
619631,CR-0000048678,0,1,0,0,5,3,0.0,23
619632,CR-0000049829,0,0,0,0,5,3,200.0,21
619637,CR-0000059309,2,0,0,0,5,5,0.0,13
619638,CR-0000059308,0,0,0,0,5,1,30.0,11
619639,CR-0000059239,1,0,0,0,5,8,0.0,6
619640,CR-0000059170,0,0,0,0,4,5,75.0,20
619641,CR-0000059161,1,0,0,0,5,5,406.0,15
619642,CR-0000058989,0,0,0,0,4,3,30.0,12
619643,CR-0000058985,0,1,0,0,0,7,0.0,19
619644,CR-0000059183,0,0,0,0,5,0,530.0,15
619658,CR-0000066948,1,0,0,0,4,5,20.0,13
619669,CR-0000070217,0,0,0,0,4,5,0.0,8
619670,CR-0000075656,0,0,0,0,5,5,294.0,7
619671,CR-0000070504,0,0,0,0,4,2,0.0,0
619672,CR-0000074700,0,0,0,0,5,6,55.0,22
619673,CR-0000075250,0,0,0,0,5,6,0.0,8
619674,CR-0000075245,1,0,0,0,5,1,0.0,9
619675,CR-0000075046,1,0,0,0,5,6,51.0,16
619676,CR-0000075188,1,0,0,0,5,5,883.0,19
619677,CR-0000059182,0,0,0,0,5,0,0.0,17
619678,CR-0000066677,0,0,0,0,4,0,0.0,2
619679,CR-0000066541,0,0,0,0,4,5,0.0,14
619680,CR-0000066722,0,0,0,0,4,0,0.0,11
619681,CR-0000066559,0,0,0,0,4,0,0.0,17
619682,CR-0000066768,0,0,0,0,4,5,0.0,15
619683,CR-0000067030,1,0,0,0,5,2,0.0,19
619684,CR-0000075134,0,0,0,0,5,5,60.0,0
619685,CR-0000075132,1,0,0,0,5,5,0.0,18
619686,CR-0000075131,2,0,0,0,5,5,0.0,16
619687,CR-0000070962,0,0,0,0,4,5,0.0,15
619688,CR-0000075468,0,0,0,0,5,5,470.0,1
619689,CR-0000075465,2,0,0,0,5,0,810.0,16
619690,CR-0000074824,1,0,0,0,5,6,56.0,15
619691,CR-0000058939,0,0,0,0,5,5,176.0,21
619695,CR-0000075170,0,0,0,0,5,6,96.0,17
619696,CR-0000075417,1,0,0,0,5,1,45.0,0
619703,CR-0000066939,0,0,0,0,4,6,0.0,8
619704,CR-0000074623,0,0,0,0,5,0,0.0,19
619705,CR-0000074609,0,1,0,0,5,5,0.0,15
619706,CR-0000075899,0,0,1,0,5,8,0.0,18
619707,CR-0000075480,0,0,1,0,3,8,139.0,18
619708,CR-0000058935,0,0,1,0,3,8,488.0,15
619714,CR-0000075452,0,0,0,0,5,0,0.0,9
619715,CR-0000075443,2,0,0,0,5,5,18.0,9
619734,CR-0000058938,1,0,0,0,5,1,0.0,18
619735,CR-0000074599,0,0,0,0,5,6,188.0,18
619736,CR-0000075200,1,0,0,0,5,5,27.0,19
619738,CR-0000070505,0,0,0,0,4,5,0.0,0
619739,CR-0000070701,0,0,0,0,4,5,0.0,5
619740,CR-0000070388,0,0,0,0,4,6,0.0,16
619741,CR-0000074685,1,0,0,0,5,5,20.0,17
619742,CR-0000075225,0,0,0,0,5,0,0.0,1
619743,CR-0000075161,0,0,0,0,5,6,61.0,4
619744,CR-0000074942,1,0,0,0,0,7,250.0,12
619745,CR-0000075325,0,0,0,0,5,5,332.0,20
619746,CR-0000075101,0,1,0,0,5,0,0.0,10
619747,CR-0000075065,0,0,0,1,3,8,51.0,18
619748,CR-0000075751,0,0,0,0,5,0,0.0,11
619749,CR-0000070420,0,0,0,0,4,6,51.0,12
619750,CR-0000070923,0,0,0,0,4,5,51.0,9
619751,CR-0000074673,0,0,0,0,5,5,0.0,12
619752,CR-0000074501,0,0,0,0,5,2,528.0,13
619753,CR-0000075383,0,0,0,0,5,6,476.0,9
619754,CR-0000075179,2,0,0,0,5,0,0.0,5
619755,CR-0000075744,0,0,0,0,5,5,55.0,1
619756,CR-0000075735,0,0,0,0,5,5,108.0,13
619757,CR-0000075728,0,0,0,0,5,2,64.0,1
619758,CR-0000070181,0,0,0,0,4,6,0.0,15
619759,CR-0000070422,0,0,0,0,4,5,0.0,9
619765,CR-0000075674,1,0,0,0,5,1,0.0,18
619766,CR-0000058583,0,0,0,0,5,6,611.0,6
619767,CR-0000058582,0,0,0,0,5,5,500.0,6
619768,CR-0000058515,0,0,0,0,4,5,0.0,13
619769,CR-0000066332,0,0,0,0,4,0,0.0,7
619775,CR-0000067105,0,0,0,0,4,6,0.0,6
619776,CR-0000066988,0,0,0,0,4,5,0.0,14
619777,CR-0000075896,1,0,0,0,5,8,0.0,15
619778,CR-0000075299,0,0,0,0,5,6,150.0,19
619779,CR-0000075298,3,0,0,0,5,5,0.0,9
619780,CR-0000074807,0,0,0,0,5,5,0.0,2
619781,CR-0000074675,2,0,0,0,5,5,0.0,17
619782,CR-0000075312,1,0,0,0,5,7,0.0,19
619786,CR-0000070270,0,0,0,0,4,0,0.0,1
619787,CR-0000070921,0,0,0,0,5,5,0.0,8
619793,CR-0000033008,0,0,0,0,5,3,0.0,3
619794,CR-0000031924,0,0,0,0,4,3,50.0,4
619795,CR-0000033386,0,0,0,0,5,3,100.0,6
619796,CR-0000035767,1,0,0,0,2,3,0.0,22
619806,CR-0000035859,0,1,0,0,5,3,100.0,1
619813,CR-0000070406,0,0,0,0,4,6,0.0,18
619814,CR-0000070946,0,0,0,0,4,6,180.0,0
619815,CR-0000058578,0,0,0,0,5,5,372.0,22
619816,CR-0000058549,0,0,0,0,5,5,0.0,7
619817,CR-0000058765,1,0,0,0,5,8,0.0,6
619818,CR-0000065972,0,0,0,0,4,5,135.0,16
619819,CR-0000065970,0,0,0,0,4,5,0.0,17
619820,CR-0000066063,1,0,0,0,4,3,385.0,11
619829,CR-0000049772,0,0,0,0,5,3,255.0,0
619847,CR-0000075671,0,0,0,0,5,0,54.0,10
619848,CR-0000058550,0,0,0,0,5,5,160.0,8
619849,CR-0000058514,0,0,0,0,4,6,275.0,16
619850,CR-0000058779,0,0,0,0,4,5,0.0,22
619851,CR-0000058729,0,0,0,0,5,1,0.0,17
619852,CR-0000066300,0,0,0,0,4,5,15.0,2
619853,CR-0000066045,0,0,0,0,4,6,0.0,20
619854,CR-0000066031,0,0,0,0,4,5,0.0,20
619857,CR-0000036014,0,1,0,0,5,3,0.0,1
619864,CR-0000065997,0,0,0,0,4,3,120.0,13
619865,CR-0000065986,0,0,0,0,4,6,148.0,7
619866,CR-0000066292,0,0,0,0,4,6,0.0,15
619867,CR-0000065830,1,0,0,1,3,8,200.0,20
619868,CR-0000065963,0,0,0,0,4,7,0.0,16
619869,CR-0000066004,0,0,0,0,4,6,0.0,13
619870,CR-0000066845,0,0,0,0,4,2,80.0,19
619871,CR-0000065749,0,0,0,0,4,2,364.0,8
619872,CR-0000075441,1,0,0,0,5,5,0.0,15
619873,CR-0000070365,0,0,0,0,4,5,0.0,17
619874,CR-0000070812,0,0,0,0,4,0,51.0,18
619875,CR-0000070758,4,0,0,0,4,0,0.0,11
619876,CR-0000069898,0,0,0,0,4,6,0.0,17
619877,CR-0000075703,2,0,0,0,5,5,0.0,1
619878,CR-0000058919,0,0,0,0,4,1,55.0,0
619879,CR-0000058804,1,0,0,2,4,3,0.0,21
619880,CR-0000074682,0,0,0,0,5,5,0.0,18
619881,CR-0000074566,2,0,0,0,5,1,0.0,14
619882,CR-0000075183,0,0,0,0,5,1,69.0,15
619883,CR-0000074499,1,0,0,0,5,0,0.0,9
619884,CR-0000074481,0,0,0,0,5,6,0.0,12
619885,CR-0000074908,1,0,0,0,5,0,0.0,18
619909,CR-0000070202,0,0,0,0,5,0,0.0,12
619910,CR-0000077853,1,0,0,0,5,0,0.0,8
619911,CR-0000058599,0,0,0,0,5,5,150.0,12
619912,CR-0000058566,0,0,0,0,5,0,60.0,4
619913,CR-0000058564,0,0,0,0,4,6,0.0,17
619914,CR-0000058531,0,0,0,0,5,7,0.0,22
619916,CR-0000071040,0,0,0,0,4,5,0.0,16
619929,CR-0000074491,0,0,0,0,5,6,35.0,17
619931,CR-0000066029,0,0,0,0,4,5,180.0,18
619932,CR-0000065658,0,0,0,0,5,6,40.0,12
619933,CR-0000066320,0,0,0,0,4,6,100.0,15
619934,CR-0000066022,1,0,0,0,4,0,0.0,19
619935,CR-0000075806,0,1,0,0,5,8,0.0,10
619936,CR-0000076141,1,2,0,0,5,0,0.0,20
619937,CR-0000075066,0,0,0,0,5,6,35.0,16
619945,CR-0000066429,0,0,0,0,4,2,96.0,0
619946,CR-0000075807,1,0,0,0,5,0,0.0,10
619947,CR-0000075805,0,0,0,0,5,6,0.0,9
619948,CR-0000075895,0,0,0,0,5,6,700.0,7
619949,CR-0000075886,0,1,0,0,5,1,0.0,8
619950,CR-0000076139,1,1,0,0,5,0,0.0,9
619951,CR-0000075552,0,0,0,0,5,6,113.0,13
619958,CR-0000075284,0,0,0,0,5,0,0.0,8
619959,CR-0000075534,1,0,0,0,5,0,0.0,8
619982,CR-0000075550,1,0,0,0,5,1,675.0,9
619983,CR-0000075541,5,0,0,0,5,5,385.0,18
619984,CR-0000070103,2,0,0,0,4,0,0.0,7
619985,CR-0000075593,1,0,0,0,5,0,0.0,18
619986,CR-0000070594,0,0,0,0,4,5,0.0,12
619987,CR-0000070347,1,0,0,0,4,0,0.0,19
619988,CR-0000070329,0,0,0,0,4,6,51.0,8
619989,CR-0000075573,0,0,1,0,5,0,0.0,14
619993,CR-0000066197,0,0,0,1,5,8,20.0,10
619994,CR-0000076190,0,1,0,0,1,8,42.0,19
619995,CR-0000070117,1,0,0,0,4,0,0.0,14
619996,CR-0000075527,0,0,0,0,5,8,0.0,9
619997,CR-0000075600,1,0,0,0,5,5,0.0,12
619998,CR-0000070317,0,0,0,0,4,5,51.0,4
619999,CR-0000075561,0,0,0,0,5,6,145.0,9
620000,CR-0000065927,0,0,0,0,4,6,0.0,15
620001,CR-0000065839,0,0,0,0,5,6,380.0,9
620023,CR-0000075487,0,0,0,0,5,6,60.0,16
620047,CR-0000065979,1,0,0,0,4,5,0.0,9
620048,CR-0000066195,0,0,0,0,4,2,0.0,8
620049,CR-0000066309,0,0,0,0,4,6,360.0,14
620050,CR-0000066006,0,0,0,0,4,2,0.0,19
620058,CR-0000076188,0,0,0,1,5,8,0.0,9
620059,CR-0000076174,0,1,0,0,5,6,28.0,11
620060,CR-0000070636,0,0,0,0,4,2,51.0,5
620061,CR-0000076240,0,0,0,0,5,0,0.0,12
620089,CR-0000044576,1,0,0,0,5,3,140.0,3
620098,CR-0000044712,1,0,0,0,5,3,155.0,5
620099,CR-0000048966,0,0,0,0,5,3,16.0,1
620113,CR-0000076222,2,0,0,0,5,1,0.0,22
620114,CR-0000076138,1,0,0,0,5,0,0.0,20
620115,CR-0000075537,2,0,0,0,5,0,108.0,16
620116,CR-0000075518,0,0,0,0,5,5,48.0,21