CrashFactId,Name,MinorInjuries,ModerateInjuries,SevereInjuries,FatalInjuries,PrimaryCollisionFactor_Code,CollisionType_Code,Distance,CrashTime
629437,CR-0000060910,3,1,0,0,5,4,55.0,20
629449,CR-0000073376,0,0,0,0,4,0,0.0,14
629450,CR-0000073833,0,0,0,0,5,3,162.0,21
629451,CR-0000073552,0,0,0,0,5,5,0.0,23
629452,CR-0000073550,0,0,0,0,5,1,55.0,22
629453,CR-0000073269,0,0,0,0,4,5,0.0,11
629454,CR-0000073254,0,0,0,0,4,6,51.0,0
629455,CR-0000061533,0,0,0,0,5,6,25.0,23
629456,CR-0000060942,0,0,0,0,5,5,0.0,10
629457,CR-0000061023,0,1,0,0,4,0,0.0,8
629458,CR-0000061701,0,0,0,0,5,6,0.0,19
629459,CR-0000061700,1,0,0,0,5,4,0.0,17
629460,CR-0000060990,0,0,0,0,4,2,0.0,18
629461,CR-0000060973,0,0,0,0,4,0,0.0,16
629466,CR-0000060706,0,0,0,0,5,2,0.0,0
629467,CR-0000067415,0,0,0,1,5,2,600.0,21
629468,CR-0000060963,0,0,0,0,5,1,95.0,7
629472,CR-0000058859,0,0,0,0,5,2,0.0,1
629473,CR-0000065891,0,0,0,0,4,6,50.0,18
629474,CR-0000065885,0,0,0,0,5,6,192.0,6
629475,CR-0000065882,0,0,0,0,4,1,0.0,18
629479,CR-0000059089,0,0,0,0,5,0,0.0,19
629480,CR-0000059077,0,0,0,0,5,6,0.0,11
629481,CR-0000073399,0,0,0,0,4,6,0.0,12
629482,CR-0000073750,0,0,0,0,5,5,76.0,20
629483,CR-0000065864,0,0,0,0,4,6,0.0,15
629484,CR-0000069691,0,0,0,0,4,5,126.0,17
629485,CR-0000065720,0,0,0,0,4,0,0.0,15
629486,CR-0000065937,0,0,0,0,4,5,0.0,11
629487,CR-0000069975,0,0,0,0,4,0,0.0,8
629488,CR-0000073698,0,0,0,0,5,7,0.0,14
629489,CR-0000073126,0,0,0,0,4,6,51.0,0
629490,CR-0000073643,0,0,0,0,4,5,0.0,17
629495,CR-0000073644,0,0,0,0,4,5,0.0,17
629496,CR-0000073920,1,1,0,0,5,0,160.0,17
629497,CR-0000072778,0,0,0,0,4,5,0.0,17
629498,CR-0000072957,0,0,0,0,4,5,0.0,16
629499,CR-0000073199,0,0,0,0,4,5,0.0,14
629500,CR-0000073179,0,0,0,0,4,6,0.0,11
629501,CR-0000073967,0,0,0,0,5,5,0.0,14
629502,CR-0000073804,0,0,0,0,5,5,608.0,21
629503,CR-0000065729,0,0,0,0,5,1,0.0,9
629504,CR-0000066236,0,0,0,0,4,6,0.0,16
629505,CR-0000065722,0,0,0,0,4,5,58.0,19
629506,CR-0000069764,3,0,0,0,4,5,416.0,12
629507,CR-0000070100,0,0,0,0,4,0,0.0,14
629508,CR-0000069982,0,0,0,0,4,5,0.0,17
629509,CR-0000059411,0,0,0,0,5,6,0.0,8
629510,CR-0000059062,0,0,0,0,4,5,0.0,13
629519,CR-0000061551,2,0,0,0,4,5,0.0,15
629534,CR-0000073165,0,0,0,0,4,5,0.0,8
629535,CR-0000073154,0,0,0,0,4,6,51.0,1
629536,CR-0000073217,2,0,0,0,4,0,0.0,8
629537,CR-0000073959,2,0,0,0,5,0,0.0,17
629538,CR-0000065270,0,0,0,0,4,6,74.0,11
629539,CR-0000069826,0,0,0,0,4,0,0.0,10
629540,CR-0000065136,0,0,0,0,4,0,0.0,12
629548,CR-0000073624,1,0,0,0,5,5,26.0,16
629549,CR-0000072612,0,0,0,0,4,5,0.0,11
629550,CR-0000072611,0,0,0,0,5,2,0.0,22
629551,CR-0000072888,0,0,0,0,4,0,0.0,1
629552,CR-0000073658,0,0,0,0,4,5,178.0,19
629571,CR-0000060392,1,0,0,0,5,1,0.0,9
629572,CR-0000072434,1,0,0,0,1,5,0.0,19
629573,CR-0000061138,0,0,0,0,5,2,0.0,11
629574,CR-0000060904,0,1,0,0,5,1,257.0,10
629575,CR-0000058307,0,0,1,0,5,0,549.0,17
629576,CR-0000073384,0,0,0,0,4,2,51.0,1
629577,CR-0000065865,0,0,0,0,4,2,0.0,8
629578,CR-0000065703,0,1,0,0,4,6,83.0,18
629579,CR-0000069957,0,0,0,0,4,0,20.0,16
629580,CR-0000059101,2,0,0,0,5,5,224.0,14
629581,CR-0000059085,0,1,0,0,5,5,0.0,14
629582,CR-0000073414,0,0,0,0,4,0,0.0,9
629583,CR-0000073817,0,0,0,0,5,6,486.0,17
629584,CR-0000073735,1,0,0,0,5,8,0.0,20
629585,CR-0000073734,0,1,0,0,0,8,380.0,7
629586,CR-0000073221,0,0,0,0,4,6,0.0,7
629587,CR-0000073206,0,0,0,0,4,6,51.0,23
629588,CR-0000073428,0,0,0,0,4,6,0.0,2
629589,CR-0000073427,0,0,0,0,4,6,0.0,17
629599,CR-0000073803,1,1,0,0,5,5,0.0,11
629600,CR-0000073279,0,0,0,0,4,6,0.0,18
629601,CR-0000073276,0,0,0,0,5,0,32.0,17
629602,CR-0000073547,1,0,0,0,5,0,0.0,10
629603,CR-0000073271,0,0,0,0,4,5,0.0,13
629604,CR-0000061583,0,0,0,0,5,5,100.0,2
629621,CR-0000070055,0,0,0,0,4,6,0.0,8
629691,CR-0000073268,0,0,0,0,4,6,0.0,19
629692,CR-0000073253,0,0,0,0,4,6,0.0,12
629693,CR-0000061601,0,1,0,0,3,8,45.0,21
629694,CR-0000061216,0,0,0,0,4,2,0.0,17
629695,CR-0000067848,0,0,0,0,4,5,0.0,22
629696,CR-0000073344,0,0,0,0,4,6,51.0,14
629700,CR-0000061566,0,0,0,0,5,6,30.0,10
629701,CR-0000061699,1,0,0,0,5,5,634.0,15
629702,CR-0000061666,2,0,0,0,5,5,1064.0,16
629703,CR-0000061549,0,2,0,0,5,0,0.0,13
629704,CR-0000061157,0,0,0,0,4,6,108.0,5
629705,CR-0000073335,0,0,0,0,4,6,0.0,4
629706,CR-0000073090,0,0,0,0,4,5,0.0,10
629707,CR-0000073702,2,0,0,0,5,0,0.0,7
629716,CR-0000059053,0,0,0,0,5,0,0.0,13
629717,CR-0000058346,1,0,0,0,5,5,120.0,12
629718,CR-0000058368,1,0,0,0,4,5,40.0,18
629719,CR-0000058325,0,0,0,0,4,0,0.0,10
629720,CR-0000058311,0,0,0,0,5,6,36.0,0
629721,CR-0000069853,0,0,0,0,5,5,20.0,15
629722,CR-0000069918,0,0,0,0,4,5,0.0,15
629723,CR-0000065588,1,0,0,0,4,0,0.0,8
629729,CR-0000058385,1,0,0,0,5,0,0.0,19
629730,CR-0000058367,0,1,0,0,5,8,0.0,18
629731,CR-0000058310,2,1,0,1,5,6,0.0,2
629732,CR-0000058324,0,0,0,0,5,0,0.0,23
629733,CR-0000059071,1,2,1,0,5,2,35.0,3
629734,CR-0000058303,0,0,0,0,4,6,0.0,7
629735,CR-0000058344,0,0,0,0,5,5,50.0,8
629736,CR-0000058329,0,0,0,0,3,5,148.0,10
629737,CR-0000058322,1,0,0,0,5,6,100.0,17
629738,CR-0000058253,0,0,0,0,4,6,245.0,7
629739,CR-0000073819,0,0,0,0,5,6,279.0,10
629740,CR-0000061483,0,0,0,0,5,0,0.0,15
629741,CR-0000061565,2,0,0,0,5,6,293.0,10
629742,CR-0000061054,1,0,0,0,4,8,0.0,15
629743,CR-0000061417,0,0,0,0,5,2,141.0,10
629744,CR-0000060975,0,0,0,0,4,6,110.0,10
629745,CR-0000061186,0,0,0,0,5,6,0.0,17
629789,CR-0000073147,0,0,0,0,4,5,51.0,12
629790,CR-0000073687,0,0,0,0,5,0,268.0,2
629791,CR-0000073952,0,0,0,0,5,5,267.0,13
629798,CR-0000065543,0,0,0,0,4,6,100.0,18
629799,CR-0000065768,0,0,0,0,5,5,16.0,17
629800,CR-0000065421,0,0,0,0,4,6,200.0,19
629805,CR-0000073123,0,0,0,0,4,6,51.0,1
629806,CR-0000072851,0,1,0,0,4,0,0.0,20
629807,CR-0000073001,0,0,0,0,4,6,51.0,6
629808,CR-0000072886,0,0,0,0,4,5,0.0,8
629809,CR-0000074304,0,0,0,0,4,1,110.0,1
629810,CR-0000074185,0,0,0,0,4,5,0.0,9
629817,CR-0000061163,0,0,0,0,5,6,0.0,14
629818,CR-0000073148,0,0,0,0,4,0,0.0,13
629819,CR-0000073943,1,0,0,0,5,6,100.0,9
629826,CR-0000065567,0,0,0,0,4,6,0.0,14
629827,CR-0000069780,0,0,0,0,4,6,0.0,17
629828,CR-0000072652,0,0,0,0,4,6,0.0,12
629829,CR-0000073075,0,0,0,0,4,0,0.0,22
629830,CR-0000072830,0,0,0,0,4,5,51.0,17
629831,CR-0000073598,0,0,0,0,5,0,45.0,18
629832,CR-0000073584,3,0,0,0,5,1,0.0,16
629842,CR-0000069573,0,0,0,0,5,6,94.0,23
629843,CR-0000058340,0,0,0,0,4,2,0.0,9
629844,CR-0000058339,0,0,0,0,4,6,0.0,14
629845,CR-0000058381,0,1,0,0,5,8,0.0,17
629846,CR-0000058127,0,1,0,0,5,5,9.0,17
629847,CR-0000073361,0,0,0,0,5,5,135.0,0
629856,CR-0000073172,0,0,0,0,5,5,44.0,18
629857,CR-0000073218,0,0,0,0,5,5,128.0,19
629858,CR-0000072733,0,0,0,0,1,6,60.0,23
629859,CR-0000073296,0,0,0,0,5,5,40.0,16
629860,CR-0000073290,0,1,0,0,5,0,0.0,13
629861,CR-0000072720,0,0,0,0,5,5,54.0,0
629862,CR-0000072719,1,0,0,0,5,0,0.0,19
629865,CR-0000058328,0,0,0,0,4,6,0.0,8
629866,CR-0000058378,0,0,0,0,5,2,311.0,10
629867,CR-0000058326,0,0,0,0,4,6,169.0,22
629868,CR-0000058282,1,0,0,0,4,0,0.0,15
629869,CR-0000069608,0,0,0,0,4,0,0.0,20
629877,CR-0000065708,0,0,0,0,4,5,0.0,17
629881,CR-0000073347,0,0,0,0,4,6,0.0,6
629882,CR-0000073320,0,0,0,1,4,2,144.0,16
629883,CR-0000073149,0,1,0,0,0,7,665.0,13
629884,CR-0000073700,0,2,0,0,5,5,0.0,21
629885,CR-0000058398,1,0,0,0,0,0,0.0,12
629886,CR-0000058365,1,0,0,0,0,6,0.0,17
629887,CR-0000073157,0,0,0,0,5,2,85.0,11
629888,CR-0000073022,0,0,0,0,5,6,230.0,15
629889,CR-0000073408,0,1,0,0,5,7,183.0,8
629890,CR-0000069859,0,0,0,0,4,5,0.0,9
629891,CR-0000072718,0,0,0,0,5,0,144.0,18
629892,CR-0000074019,0,0,0,0,5,6,168.0,23
629893,CR-0000073635,0,0,0,0,5,5,0.0,0
629894,CR-0000073634,1,1,0,0,5,0,0.0,22
629895,CR-0000065391,0,0,0,0,4,6,51.0,7
629896,CR-0000069647,1,0,0,0,4,5,227.0,0
629897,CR-0000065783,1,0,0,0,4,0,0.0,11
629898,CR-0000065670,0,0,0,0,4,0,0.0,18
629906,CR-0000065690,0,0,0,0,4,5,105.0,8
629907,CR-0000065609,0,0,0,0,4,6,200.0,14
629908,CR-0000058342,0,0,0,0,4,5,0.0,0
629913,CR-0000058257,0,0,0,0,4,6,0.0,12
629925,CR-0000073389,0,0,0,0,5,6,63.0,3
629926,CR-0000073190,0,0,0,0,5,0,0.0,18
629927,CR-0000073159,1,0,0,0,5,0,0.0,22
629935,CR-0000073298,1,1,0,2,5,0,540.0,12
629936,CR-0000072735,0,0,0,0,5,6,33.0,12
629937,CR-0000073293,0,0,0,0,5,6,113.0,2
629938,CR-0000073286,0,0,0,0,4,1,430.0,4
629949,CR-0000069821,0,0,0,0,2,2,28.0,11
629950,CR-0000065559,0,0,0,0,4,5,51.0,1
629951,CR-0000069696,0,0,0,0,4,0,0.0,16
629952,CR-0000065738,0,0,0,0,4,2,205.0,11
629953,CR-0000073617,1,0,0,0,0,7,0.0,18
629954,CR-0000073059,0,0,0,0,4,6,0.0,17
629955,CR-0000073058,0,0,0,0,4,6,0.0,10
629956,CR-0000072764,0,0,0,0,4,5,0.0,15
629957,CR-0000072684,0,0,0,0,4,6,0.0,0
629958,CR-0000072902,0,0,0,0,4,5,0.0,18
629959,CR-0000072898,0,0,0,0,4,5,0.0,20
629960,CR-0000074637,0,0,0,0,5,6,0.0,15
629977,CR-0000074102,0,0,0,0,4,6,0.0,11
629979,CR-0000073887,1,1,0,0,5,0,0.0,8
629980,CR-0000073553,0,0,0,0,5,5,150.0,11
629981,CR-0000073726,0,0,0,0,5,5,0.0,18
629982,CR-0000073722,1,0,0,0,4,0,0.0,0
629983,CR-0000073238,0,0,0,1,4,2,0.0,7
629984,CR-0000073869,1,0,0,0,5,5,210.0,5
629985,CR-0000073859,2,0,0,0,5,5,70.0,10
629986,CR-0000074498,0,0,0,0,4,6,51.0,12
629994,CR-0000073745,0,0,0,0,5,6,54.0,16
629995,CR-0000073744,0,0,0,0,5,6,81.0,1
629996,CR-0000073174,0,0,0,0,4,2,34.0,19
629997,CR-0000075351,0,0,0,0,4,3,102.0,7
629998,CR-0000073822,0,0,0,0,4,5,0.0,1
630005,CR-0000074166,0,0,0,0,4,2,0.0,6
630006,CR-0000074175,0,0,0,0,4,6,0.0,9
630007,CR-0000074172,0,0,0,0,4,5,0.0,9
630008,CR-0000074170,0,0,0,0,4,6,0.0,17
630014,CR-0000075339,0,0,0,0,4,6,51.0,18
630015,CR-0000074380,0,0,0,0,4,6,0.0,0
630016,CR-0000061247,0,0,0,0,4,3,0.0,14
630017,CR-0000061370,0,0,0,0,4,0,0.0,9
630027,CR-0000073306,0,0,0,0,4,6,92.0,8
630028,CR-0000072766,0,0,0,0,4,3,51.0,10
630029,CR-0000073868,0,0,0,0,5,2,206.0,2
630030,CR-0000073979,0,0,0,0,5,6,39.0,14
630031,CR-0000074168,0,0,0,0,4,5,0.0,0
630032,CR-0000074169,0,0,0,0,4,5,0.0,16
630033,CR-0000075350,0,0,0,0,4,0,170.0,19
630034,CR-0000075348,0,0,0,0,4,3,105.0,19
630035,CR-0000073810,0,0,0,0,5,6,513.0,14
630036,CR-0000074482,0,0,0,0,4,5,0.0,18
630037,CR-0000073403,0,0,0,0,4,5,0.0,16
630038,CR-0000073794,0,0,0,0,5,5,183.0,19
630039,CR-0000075316,0,1,0,0,4,0,0.0,20
630048,CR-0000073478,0,0,0,0,5,6,233.0,19
630049,CR-0000074207,0,0,0,0,4,5,51.0,16
630050,CR-0000072958,0,0,0,0,4,6,51.0,7
630051,CR-0000074703,0,0,0,0,4,3,390.0,16
630052,CR-0000074319,0,0,0,0,4,0,0.0,16
630053,CR-0000073571,0,0,0,0,4,6,0.0,7
630054,CR-0000073873,2,1,0,0,5,5,128.0,23
630055,CR-0000073989,0,0,0,0,4,2,241.0,3
630061,CR-0000073853,0,0,0,0,5,6,190.0,16
630062,CR-0000075198,0,0,0,1,4,8,0.0,17
630063,CR-0000073835,0,0,0,0,5,5,66.0,21
630064,CR-0000074100,0,0,0,0,4,3,0.0,0
630065,CR-0000073893,1,0,0,0,0,7,41.0,4
630066,CR-0000073742,0,1,0,0,5,0,0.0,10
630067,CR-0000073876,0,0,0,0,5,0,0.0,4
630068,CR-0000074060,0,0,0,0,4,3,240.0,0
630069,CR-0000073714,1,0,0,0,5,6,0.0,22
630070,CR-0000073705,0,0,1,0,5,0,212.0,18
630079,CR-0000069575,0,0,0,0,4,6,51.0,7
630080,CR-0000073355,0,0,0,0,5,6,30.0,5
630081,CR-0000073252,0,0,0,0,5,6,0.0,11
630082,CR-0000073168,0,0,0,0,5,5,97.0,10
630083,CR-0000073437,0,0,1,0,5,5,63.0,22
630084,CR-0000069932,0,0,0,0,4,0,0.0,16
630085,CR-0000058032,0,0,0,0,4,5,0.0,9
630091,CR-0000075347,0,0,0,0,4,6,0.0,19
630092,CR-0000075330,1,0,0,0,5,0,0.0,9
630093,CR-0000072744,0,0,0,0,4,0,51.0,16
630094,CR-0000058190,2,1,0,0,5,0,0.0,14
630115,CR-0000061579,0,0,0,0,4,5,51.0,10
630116,CR-0000061276,0,0,0,0,5,5,12.0,9
630117,CR-0000061176,0,0,0,0,5,6,100.0,1
630118,CR-0000061274,1,0,0,0,5,0,0.0,7
630119,CR-0000074537,0,0,0,0,4,5,0.0,5
630120,CR-0000075117,0,1,0,0,4,7,0.0,15
630121,CR-0000074519,0,0,0,0,4,6,73.0,7
630122,CR-0000075881,1,0,0,0,4,6,0.0,18
630123,CR-0000074512,1,0,0,0,4,6,0.0,9
630124,CR-0000074510,0,0,0,0,4,5,51.0,9
630125,CR-0000073905,0,0,0,0,4,0,0.0,20
630126,CR-0000073628,2,0,0,0,5,0,0.0,21
630127,CR-0000074446,0,1,0,0,4,7,0.0,17
630128,CR-0000075094,1,0,0,0,4,6,500.0,18
630129,CR-0000073773,0,0,0,0,5,5,45.0,21
630136,CR-0000074289,0,0,0,0,4,5,200.0,6
630137,CR-0000074288,0,1,0,0,4,5,108.0,12
630138,CR-0000073291,0,0,0,0,5,3,95.0,13
630149,CR-0000061270,0,0,0,0,4,5,0.0,7
630150,CR-0000074546,1,1,0,1,4,0,0.0,6
630158,CR-0000075498,0,0,0,0,4,6,51.0,19
630159,CR-0000074348,0,0,0,0,4,6,0.0,8
630160,CR-0000075777,2,0,0,0,4,5,0.0,18
630161,CR-0000073572,0,0,0,0,4,5,0.0,17
630162,CR-0000074238,0,0,0,0,4,5,51.0,1
630163,CR-0000074234,0,0,0,0,4,6,51.0,13
630164,CR-0000061493,0,0,0,0,5,5,40.0,21
630173,CR-0000073957,0,0,0,0,5,5,173.0,17
630174,CR-0000073955,0,0,0,0,5,5,210.0,19
630175,CR-0000075346,0,0,0,0,4,5,0.0,9
630176,CR-0000075335,0,0,0,0,4,5,51.0,16
630177,CR-0000072727,0,0,0,0,4,5,54.0,22
630178,CR-0000073281,1,0,0,0,4,6,0.0,7
630181,CR-0000073829,0,0,0,0,4,5,0.0,21
630182,CR-0000073965,1,0,0,0,5,0,0.0,21
630183,CR-0000073962,0,0,0,0,5,6,150.0,17
630184,CR-0000074302,0,0,0,0,5,1,125.0,22
630185,CR-0000061586,0,0,0,0,4,6,0.0,11
630186,CR-0000061324,0,0,0,0,5,6,248.0,8
630187,CR-0000073949,0,0,0,0,5,0,410.0,22
630188,CR-0000073627,0,0,1,0,0,7,0.0,19
630189,CR-0000074413,0,0,0,0,4,5,0.0,7
630190,CR-0000075146,0,0,0,0,4,5,51.0,8
630191,CR-0000074199,0,0,0,0,4,6,0.0,0
630192,CR-0000073574,0,0,0,0,4,5,0.0,5
630193,CR-0000074184,0,0,0,0,4,0,51.0,15
630194,CR-0000073901,0,0,0,0,4,5,0.0,11
630195,CR-0000073565,0,0,0,0,4,6,51.0,13
630201,CR-0000064752,0,0,0,0,4,0,0.0,14
630202,CR-0000061091,0,0,0,0,5,5,12.0,17
630203,CR-0000065021,0,0,0,0,4,6,700.0,7
630204,CR-0000061341,0,2,0,0,5,6,63.0,13
630205,CR-0000069016,0,0,0,0,4,5,99.0,4
630206,CR-0000061067,2,0,0,0,5,5,48.0,11
630211,CR-0000073277,1,0,0,0,5,0,0.0,13
630212,CR-0000073273,4,0,0,0,5,0,0.0,11
630213,CR-0000058189,1,0,0,0,5,5,200.0,16
630214,CR-0000058173,0,1,0,0,5,5,180.0,21
630215,CR-0000061330,1,0,0,0,5,5,82.0,17
630216,CR-0000061328,1,0,0,0,0,0,0.0,14
630217,CR-0000061083,1,0,0,0,5,1,0.0,12
630224,CR-0000073880,0,1,0,1,4,6,978.0,14
630225,CR-0000074559,0,0,0,0,4,0,0.0,16
630226,CR-0000073996,0,0,0,0,5,5,165.0,15
630227,CR-0000073995,0,0,0,0,5,0,0.0,17
630228,CR-0000073978,0,0,0,0,5,5,51.0,16
630229,CR-0000075349,0,0,0,0,4,0,0.0,12
630230,CR-0000074462,0,0,0,0,4,0,0.0,11
630231,CR-0000073491,0,0,0,0,4,5,0.0,12
630236,CR-0000061460,1,0,0,0,5,6,242.0,16
630237,CR-0000061458,1,0,0,0,5,0,0.0,14
630238,CR-0000067650,1,0,0,0,5,0,0.0,23
630239,CR-0000061097,0,1,0,0,5,0,0.0,9
630240,CR-0000067584,0,0,0,0,5,6,7.0,21
630241,CR-0000061246,0,0,0,0,5,5,0.0,19
630247,CR-0000073220,0,0,0,0,4,5,0.0,14
630248,CR-0000074000,0,0,0,0,4,5,51.0,0
630249,CR-0000073973,0,0,0,0,5,6,26.0,1
630257,CR-0000074173,0,0,0,0,4,5,0.0,15
630258,CR-0000073815,0,0,0,0,4,6,0.0,13
630259,CR-0000074287,0,0,0,1,4,8,0.0,18
630260,CR-0000073792,0,0,0,0,5,0,0.0,13
630262,CR-0000074514,0,0,0,0,4,5,51.0,15
630263,CR-0000073948,3,0,0,0,5,5,0.0,11
630264,CR-0000075263,0,0,0,0,4,5,51.0,19
630265,CR-0000074330,0,0,0,0,4,5,0.0,19
630266,CR-0000073594,0,0,0,0,4,3,51.0,13
630267,CR-0000074188,0,0,0,0,4,6,300.0,0
630268,CR-0000074186,0,0,0,0,4,0,0.0,16
630269,CR-0000074178,0,0,0,0,4,5,0.0,8
630286,CR-0000061024,1,0,0,0,5,5,50.0,10
630299,CR-0000074241,0,0,0,0,4,1,0.0,13
630300,CR-0000074237,0,0,0,0,4,6,51.0,17
630301,CR-0000074669,0,0,0,0,4,5,51.0,4
630302,CR-0000074232,0,0,0,0,5,0,70.0,20
630303,CR-0000074055,0,0,0,0,4,3,51.0,4
630304,CR-0000074053,0,0,0,0,4,6,0.0,23
630305,CR-0000075035,0,0,0,0,4,5,0.0,10
630306,CR-0000075034,0,0,0,0,4,6,0.0,22
630307,CR-0000074171,0,0,0,0,4,5,0.0,10
630308,CR-0000075340,0,0,0,0,4,5,0.0,18
630309,CR-0000075336,0,0,1,1,4,8,0.0,15
630310,CR-0000064727,0,0,0,0,4,6,0.0,13
630311,CR-0000064718,0,0,0,0,4,6,50.0,8
630312,CR-0000061340,1,0,0,0,5,0,0.0,13
630313,CR-0000069199,0,0,0,0,4,5,0.0,11
630314,CR-0000061010,1,0,0,0,5,5,0.0,13
630315,CR-0000061221,1,0,0,0,5,5,0.0,8
630316,CR-0000075343,1,0,0,0,4,6,0.0,8
630317,CR-0000075338,0,0,0,0,4,0,215.0,21
630318,CR-0000073811,0,0,0,0,4,6,0.0,8
630319,CR-0000077868,0,0,0,0,4,6,0.0,15
630320,CR-0000061522,1,0,0,0,5,0,0.0,11
630325,CR-0000074325,0,1,0,0,4,7,0.0,8
630326,CR-0000077896,1,1,0,0,4,0,0.0,13
630327,CR-0000073826,0,0,0,0,4,6,130.0,5
630328,CR-0000075153,0,0,0,0,4,3,178.0,10
630329,CR-0000075345,0,0,0,0,4,6,0.0,8
630330,CR-0000075011,0,0,0,0,4,6,61.0,13
630331,CR-0000074279,0,0,0,0,4,5,0.0,11
630337,CR-0000061237,0,0,0,0,5,5,232.0,3
630338,CR-0000061230,0,0,0,0,5,1,0.0,23
630347,CR-0000073482,0,0,0,0,4,3,245.0,0
630364,CR-0000061133,0,0,0,0,5,6,18.0,18
630365,CR-0000061122,0,1,0,0,5,8,0.0,20
630366,CR-0000061442,1,0,0,0,5,0,0.0,21
630367,CR-0000068981,0,0,0,0,4,5,0.0,16
630368,CR-0000069197,0,0,0,0,4,6,0.0,8
630369,CR-0000068997,1,0,0,0,4,5,0.0,16
630370,CR-0000064770,0,0,0,0,4,6,297.0,22
630371,CR-0000061173,1,0,0,0,5,6,10.0,16
630372,CR-0000067834,0,0,0,0,5,5,72.0,11
630375,CR-0000074593,0,0,0,0,4,5,0.0,23
630376,CR-0000073841,0,0,0,0,4,6,51.0,9
630377,CR-0000073971,0,0,0,0,4,5,0.0,19
630378,CR-0000074153,1,0,0,0,5,5,51.0,14
630379,CR-0000073808,0,0,0,0,5,2,310.0,15
630380,CR-0000075067,0,0,0,2,4,2,400.0,8
630381,CR-0000074461,0,0,0,0,4,5,0.0,16
630382,CR-0000074460,0,0,0,0,4,5,0.0,21
630391,CR-0000074456,0,0,0,0,4,6,0.0,23
630392,CR-0000073535,0,0,0,0,4,6,0.0,1
630393,CR-0000074395,0,0,0,0,4,0,0.0,11
630394,CR-0000074392,0,0,0,0,4,5,0.0,14
630395,CR-0000061545,0,0,0,1,5,1,0.0,16
630396,CR-0000061486,0,0,0,0,4,6,98.0,23
630397,CR-0000061296,0,0,0,0,5,5,186.0,8
630398,CR-0000061189,0,0,0,0,5,6,60.0,23
630399,CR-0000069562,0,0,0,0,4,1,50.0,20
630400,CR-0000061488,0,0,0,0,4,3,0.0,12
630401,CR-0000061560,0,0,0,0,4,2,51.0,23
630402,CR-0000061688,0,0,0,0,4,0,0.0,11
630403,CR-0000061446,0,0,0,0,4,5,0.0,21
630404,CR-0000061578,0,0,0,0,4,5,0.0,11
630405,CR-0000061345,0,0,0,0,4,5,0.0,6
630414,CR-0000069190,0,0,0,0,5,5,60.0,15
630415,CR-0000069443,1,0,0,0,4,8,0.0,7
630416,CR-0000061201,2,0,0,0,5,5,32.0,17
630417,CR-0000061358,0,1,0,0,5,5,325.0,10
630418,CR-0000061445,0,0,0,0,4,6,50.0,8
630419,CR-0000061660,0,0,0,0,4,0,0.0,13
630420,CR-0000074535,0,0,0,0,4,0,0.0,8
630425,CR-0000061253,1,0,0,0,5,0,0.0,10
630426,CR-0000066239,0,0,0,0,4,2,0.0,15
630427,CR-0000067814,1,0,0,0,5,5,45.0,18
630428,CR-0000073327,0,0,0,0,5,6,118.0,7
630437,CR-0000061248,0,0,0,0,4,5,0.0,18
630438,CR-0000061411,0,0,0,0,4,5,0.0,19
630439,CR-0000061410,0,0,0,0,4,5,0.0,18
630446,CR-0000061463,0,0,0,0,4,6,0.0,22
630447,CR-0000061428,0,0,0,0,4,5,0.0,11
630448,CR-0000061409,2,0,0,0,4,5,0.0,21
630449,CR-0000061371,0,0,0,0,4,5,0.0,15
630450,CR-0000074532,0,0,0,0,4,0,522.0,9
630451,CR-0000074527,0,0,0,0,4,5,0.0,18
630452,CR-0000074006,0,0,1,0,4,2,995.0,1
630453,CR-0000073651,0,0,0,0,4,5,0.0,17
630454,CR-0000068972,0,0,0,0,4,6,8.0,12
630455,CR-0000061424,0,0,0,0,2,2,30.0,17
630471,CR-0000074483,0,0,0,0,4,5,0.0,20
630472,CR-0000074782,0,0,0,0,4,6,0.0,18
630473,CR-0000074225,0,0,0,0,4,2,0.0,13
630474,CR-0000074221,0,0,0,0,4,3,0.0,16
630475,CR-0000061386,0,0,0,0,4,5,290.0,11
630476,CR-0000074534,0,0,0,0,4,5,0.0,10
630477,CR-0000074533,0,0,0,0,4,5,51.0,23
630478,CR-0000074516,0,0,0,0,4,7,0.0,18
630479,CR-0000074008,0,0,0,0,4,6,0.0,8
630491,CR-0000074390,0,0,0,0,4,6,51.0,15
630492,CR-0000074389,0,0,0,0,4,6,0.0,17
630493,CR-0000073471,1,0,0,0,4,0,0.0,0
630494,CR-0000077865,0,0,0,0,4,5,0.0,0
630510,CR-0000061535,0,0,0,0,4,2,0.0,10
630511,CR-0000061513,0,0,0,0,4,5,0.0,20
630512,CR-0000061511,0,0,0,0,4,2,300.0,19
630513,CR-0000061489,0,0,0,0,4,0,0.0,11
630514,CR-0000061474,1,0,0,0,4,0,0.0,2
630515,CR-0000061471,0,0,0,0,4,5,0.0,13
630516,CR-0000061336,0,0,0,0,4,1,230.0,19
630526,CR-0000072970,1,0,0,0,4,5,0.0,7
630527,CR-0000059090,0,0,0,0,5,0,0.0,23
630528,CR-0000058113,1,0,0,0,5,5,45.0,17
630529,CR-0000058034,0,0,0,0,4,6,0.0,14
630530,CR-0000058193,0,0,0,0,5,5,30.0,18
630531,CR-0000058182,0,0,0,0,5,5,60.0,10