CrashFactId,Name,MinorInjuries,ModerateInjuries,SevereInjuries,FatalInjuries,PrimaryCollisionFactor_Code,CollisionType_Code,Distance,CrashTime
633176,CR-0000072326,0,0,0,0,4,6,51.0,2
633177,CR-0000073358,0,0,0,0,4,3,330.0,23
633178,CR-0000072648,0,0,0,0,4,1,260.0,7
633179,CR-0000072613,0,0,0,0,4,6,0.0,7
633180,CR-0000072973,0,0,0,0,4,5,0.0,16
633188,CR-0000072666,0,0,0,0,4,6,0.0,12
633189,CR-0000072664,0,0,0,0,4,6,51.0,0
633190,CR-0000072962,0,0,0,0,4,3,51.0,0
633191,CR-0000071328,0,0,0,0,4,5,333.0,7
633192,CR-0000072905,0,0,0,0,4,6,51.0,15
633203,CR-0000072843,0,0,0,0,4,3,51.0,19
633204,CR-0000072842,0,0,0,0,4,5,0.0,18
633205,CR-0000072685,0,0,0,0,4,0,51.0,11
633206,CR-0000072978,1,0,0,0,5,0,89.0,3
633207,CR-0000072491,0,0,0,0,4,6,0.0,18
633213,CR-0000029032,0,0,0,0,5,5,0.0,17
633223,CR-0000076950,0,0,0,0,5,2,20.0,2
633230,CR-0000072064,0,0,0,0,4,2,324.0,15
633231,CR-0000076914,0,0,0,0,5,2,180.0,5
633232,CR-0000072814,0,0,0,0,4,6,100.0,0
633233,CR-0000072803,0,0,0,0,4,6,0.0,13
633234,CR-0000072892,0,1,0,0,5,6,0.0,10
633235,CR-0000072876,0,0,0,0,4,5,0.0,17
633236,CR-0000073155,0,0,0,0,4,5,0.0,10
633237,CR-0000060210,1,0,0,0,5,5,0.0,14
633238,CR-0000060602,1,0,0,0,5,0,0.0,7
633239,CR-0000072860,1,0,0,0,4,1,0.0,6
633240,CR-0000072947,0,0,0,0,4,5,51.0,8
633241,CR-0000072942,0,0,0,0,4,5,0.0,21
633242,CR-0000072382,0,0,0,0,4,6,51.0,17
633243,CR-0000073010,0,0,0,0,4,6,51.0,7
633244,CR-0000072540,0,0,0,0,4,1,0.0,17
633245,CR-0000072989,0,0,0,0,4,6,0.0,9
633246,CR-0000072682,0,0,0,0,4,6,51.0,17
633247,CR-0000072828,0,0,0,0,4,5,51.0,18
633248,CR-0000072880,1,1,0,0,4,1,0.0,16
633249,CR-0000072959,0,0,0,0,4,5,0.0,9
633250,CR-0000071315,0,0,0,0,4,2,32.0,15
633251,CR-0000071877,0,0,0,0,4,5,51.0,19
633252,CR-0000060223,0,1,0,0,5,7,150.0,13
633259,CR-0000029061,1,0,0,0,4,3,0.0,11
633263,CR-0000029156,0,0,0,0,4,5,0.0,8
633271,CR-0000029486,0,0,0,0,5,1,0.0,13
633272,CR-0000029351,1,0,0,0,4,6,0.0,13
633281,CR-0000058292,0,1,0,0,3,8,259.0,6
633282,CR-0000058266,1,0,0,0,5,5,354.0,14
633283,CR-0000076753,0,0,0,0,5,6,272.0,7
633284,CR-0000077014,1,0,0,0,5,0,0.0,15
633285,CR-0000060637,1,0,0,0,5,0,0.0,12
633286,CR-0000072939,0,0,0,0,4,5,0.0,3
633287,CR-0000073175,0,0,0,0,4,5,0.0,9
633290,CR-0000077465,0,0,0,0,5,2,0.0,22
633295,CR-0000029058,0,0,0,0,4,3,0.0,13
633297,CR-0000029322,0,0,0,0,5,5,0.0,13
633302,CR-0000073156,0,0,0,0,4,0,0.0,19
633303,CR-0000073028,1,0,0,0,4,5,57.0,10
633304,CR-0000072712,0,0,0,0,4,8,0.0,9
633320,CR-0000029100,0,0,0,0,5,0,165.0,16
633321,CR-0000029089,0,0,0,0,5,0,0.0,0
633331,CR-0000029420,0,0,0,0,4,5,0.0,20
633338,CR-0000028992,0,0,0,0,4,0,0.0,21
633340,CR-0000029008,0,0,0,0,4,3,0.0,23
633347,CR-0000073189,0,0,0,0,5,6,46.0,17
633348,CR-0000072910,0,0,0,0,4,3,65.0,21
633349,CR-0000072908,0,0,0,0,4,1,51.0,1
633350,CR-0000072907,2,0,0,0,4,6,0.0,11
633351,CR-0000073230,0,0,0,0,5,6,105.0,2
633352,CR-0000073153,0,0,0,0,4,6,0.0,9
633353,CR-0000029419,0,0,0,0,4,5,0.0,15
633354,CR-0000072484,1,0,0,0,4,0,0.0,14
633355,CR-0000072955,0,0,0,0,4,2,44.0,23
633356,CR-0000072875,0,0,0,0,4,5,51.0,2
633357,CR-0000072874,0,0,0,0,4,6,51.0,19
633358,CR-0000060195,0,0,0,0,4,2,59.0,12
633359,CR-0000071856,0,0,0,0,5,2,0.0,2
633363,CR-0000078508,0,0,0,0,5,2,0.0,22
633367,CR-0000073255,0,0,0,0,4,4,0.0,15
633368,CR-0000060205,2,0,0,0,5,0,0.0,13
633379,CR-0000075124,1,0,0,0,5,2,620.0,17
633380,CR-0000076356,0,1,0,0,5,1,34.0,13
633381,CR-0000076176,0,0,0,0,5,6,44.0,8
633382,CR-0000076265,0,0,0,0,5,1,2640.0,18
633383,CR-0000076119,0,1,0,0,5,2,180.0,15
633391,CR-0000075829,0,0,0,0,5,2,80.0,19
633392,CR-0000076230,1,0,0,0,5,2,245.0,6
633399,CR-0000072742,0,0,0,0,4,1,0.0,21
633400,CR-0000072523,1,0,0,0,5,5,142.0,13
633401,CR-0000072724,0,0,0,0,5,2,0.0,6
633402,CR-0000072564,0,0,0,0,4,6,0.0,7
633403,CR-0000029199,0,0,0,0,4,3,50.0,0
633405,CR-0000029237,1,0,0,0,4,3,0.0,18
633406,CR-0000029236,1,0,0,0,4,0,0.0,19
633407,CR-0000072711,0,0,0,0,4,5,0.0,22
633408,CR-0000072586,0,0,0,0,4,8,0.0,7
633409,CR-0000061089,0,0,0,0,4,5,0.0,23
633413,CR-0000060035,2,0,0,0,5,0,0.0,13
633414,CR-0000058450,0,1,0,0,4,8,0.0,13
633415,CR-0000058449,0,0,0,0,4,6,0.0,0
633416,CR-0000058280,0,1,0,0,5,0,0.0,14
633417,CR-0000067336,0,0,0,0,4,5,0.0,7
633425,CR-0000065242,0,0,0,0,4,6,30.0,22
633426,CR-0000065240,0,0,0,0,5,5,290.0,20
633427,CR-0000067642,0,0,0,0,4,2,20.0,10
633428,CR-0000072310,1,0,0,0,4,0,0.0,15
633429,CR-0000072751,0,0,0,0,4,6,0.0,21
633430,CR-0000072743,0,0,0,0,4,6,0.0,6
633431,CR-0000072740,0,0,0,0,4,6,0.0,9
633432,CR-0000072738,0,0,0,0,4,6,51.0,0
633433,CR-0000072705,1,0,0,0,5,3,25.0,22
633434,CR-0000072597,1,0,0,0,5,5,0.0,17
633435,CR-0000072570,0,0,0,0,4,0,0.0,17
633447,CR-0000073036,0,0,0,0,4,3,0.0,16
633448,CR-0000072400,0,0,0,0,4,0,51.0,17
633449,CR-0000071312,0,0,0,0,4,0,0.0,14
633450,CR-0000060038,0,0,0,1,5,2,0.0,20
633451,CR-0000060020,0,0,0,0,4,6,50.0,21
633452,CR-0000060019,0,0,0,0,4,5,0.0,18
633453,CR-0000058430,0,0,0,0,5,0,129.0,20
633454,CR-0000060221,2,0,0,0,5,0,0.0,10
633455,CR-0000065251,0,0,0,0,4,5,0.0,20
633456,CR-0000069540,0,0,0,0,4,1,51.0,6
633460,CR-0000076763,0,0,0,0,5,2,460.0,14
633466,CR-0000065244,0,0,0,0,4,0,0.0,7
633467,CR-0000060685,0,0,0,0,4,5,0.0,13
633468,CR-0000067586,0,0,0,0,4,2,0.0,22
633469,CR-0000073259,0,0,0,0,5,6,155.0,20
633470,CR-0000067641,0,0,0,0,4,6,0.0,16
633473,CR-0000060686,0,0,0,0,4,2,313.0,0
633474,CR-0000060652,1,0,0,0,5,0,0.0,14
633475,CR-0000067640,0,0,0,0,4,5,0.0,17
633477,CR-0000029238,0,0,0,0,4,3,0.0,20
633478,CR-0000029219,0,0,0,0,4,3,0.0,11
633480,CR-0000029153,0,0,0,0,5,0,0.0,17
633481,CR-0000060835,0,0,0,0,4,5,0.0,10
633482,CR-0000065495,1,0,0,0,5,2,0.0,5
633491,CR-0000065509,0,0,0,0,4,5,102.0,4
633492,CR-0000060749,0,0,0,0,2,2,46.0,12
633493,CR-0000060915,0,0,0,0,4,6,115.0,3
633494,CR-0000060894,0,0,0,0,4,2,128.0,11
633495,CR-0000060865,0,0,0,0,4,5,0.0,15
633498,CR-0000065494,0,0,0,0,4,6,402.0,8
633499,CR-0000061037,0,0,0,0,4,5,469.0,2
633500,CR-0000065478,0,0,0,0,4,0,0.0,16
633501,CR-0000060750,0,0,0,0,4,5,0.0,13
633502,CR-0000060964,0,0,0,0,4,6,325.0,2
633503,CR-0000067299,0,0,0,0,4,5,270.0,0
633512,CR-0000061161,1,0,0,0,4,0,0.0,12
633513,CR-0000069483,0,0,0,0,4,5,0.0,14
633514,CR-0000067822,0,0,0,0,5,5,22.0,7
633515,CR-0000067267,0,0,0,0,4,6,0.0,13
633516,CR-0000071516,0,0,0,0,4,6,50.0,8
633517,CR-0000071665,0,0,0,0,4,3,0.0,16
633518,CR-0000072782,0,0,0,0,4,3,51.0,11
633525,CR-0000067216,0,0,0,0,4,6,0.0,21
633526,CR-0000067819,0,0,0,0,4,0,0.0,11
633527,CR-0000071797,0,0,0,0,4,5,50.0,7
633528,CR-0000073061,0,0,0,0,4,5,0.0,14
633529,CR-0000071761,0,0,0,0,4,6,0.0,13
633530,CR-0000072846,0,0,0,0,4,6,0.0,0
633531,CR-0000072822,1,0,0,0,5,3,0.0,12
633532,CR-0000072956,0,0,0,0,4,6,0.0,8
633533,CR-0000072464,0,0,0,0,4,5,0.0,4
633534,CR-0000072864,0,0,0,0,4,1,612.0,15
633535,CR-0000060667,1,0,0,0,4,8,25.0,20
633536,CR-0000065653,0,0,0,0,4,5,0.0,9
633537,CR-0000061050,1,0,0,0,4,5,0.0,17
633538,CR-0000061113,0,0,0,0,4,6,0.0,20
633539,CR-0000060993,0,0,0,0,4,5,0.0,6
633547,CR-0000060656,0,0,0,0,4,5,0.0,15
633548,CR-0000060978,0,0,0,0,4,5,0.0,13
633559,CR-0000029251,1,0,0,0,4,5,0.0,8
633561,CR-0000069539,0,0,0,0,4,5,0.0,13
633562,CR-0000060684,0,0,0,0,4,7,0.0,11
633563,CR-0000071547,0,0,0,0,4,5,300.0,11
633564,CR-0000073128,0,0,0,0,4,6,0.0,23
633565,CR-0000072650,0,0,0,0,4,6,0.0,8
633566,CR-0000071403,0,0,0,0,4,5,0.0,17
633567,CR-0000073063,0,0,0,0,4,5,0.0,14
633568,CR-0000072832,0,0,0,0,4,5,0.0,20
633571,CR-0000065510,0,0,0,0,4,6,0.0,10
633572,CR-0000061051,0,0,0,0,4,0,0.0,15
633573,CR-0000060932,0,0,0,0,4,0,0.0,19
633574,CR-0000060930,0,0,0,0,4,6,0.0,9
633575,CR-0000061129,0,0,0,0,4,6,51.0,20
633576,CR-0000065462,1,0,0,0,4,2,500.0,17
633585,CR-0000072539,0,0,0,0,4,6,0.0,10
633586,CR-0000072747,0,0,0,0,4,0,51.0,16
633587,CR-0000072522,1,0,0,0,4,5,0.0,11
633588,CR-0000072704,0,0,0,0,4,3,0.0,13
633589,CR-0000072563,0,0,0,0,4,6,0.0,16
633592,CR-0000060345,0,0,0,0,4,6,0.0,22
633596,CR-0000060912,0,0,0,0,4,2,0.0,22
633597,CR-0000067377,0,0,0,0,4,5,63.0,17
633598,CR-0000060871,0,0,0,0,4,6,147.0,21
633599,CR-0000060867,0,0,0,0,4,5,0.0,8
633600,CR-0000067844,1,0,0,0,4,0,0.0,8
633601,CR-0000061154,1,0,0,0,5,8,283.0,18
633602,CR-0000071695,0,0,0,0,4,5,0.0,12
633603,CR-0000071722,0,0,0,0,4,5,0.0,20
633604,CR-0000071631,1,0,0,0,4,0,32.0,9
633605,CR-0000072780,0,0,0,0,4,6,51.0,1
633614,CR-0000077077,0,0,0,0,5,2,42.0,17
633616,CR-0000067571,0,0,0,0,4,6,385.0,9
633617,CR-0000060805,0,0,0,0,2,3,278.0,19
633618,CR-0000067292,1,1,0,0,4,0,0.0,12
633619,CR-0000072856,0,0,0,0,4,6,51.0,0
633620,CR-0000060185,1,0,0,0,5,5,0.0,15
633621,CR-0000071612,0,0,0,0,4,6,0.0,11
633622,CR-0000071795,0,0,0,0,4,5,50.0,15
633623,CR-0000072763,0,0,0,0,4,6,51.0,14
633624,CR-0000072990,0,0,0,0,4,5,0.0,22
633625,CR-0000072887,0,0,0,0,4,6,0.0,16
633626,CR-0000060347,0,0,0,0,5,0,154.0,4
633627,CR-0000077149,0,0,0,0,5,1,0.0,15
633628,CR-0000060179,0,1,0,0,5,8,0.0,6
633629,CR-0000077346,0,0,0,0,5,5,93.0,8
633630,CR-0000076634,0,0,0,0,4,5,0.0,20
633631,CR-0000077741,0,0,0,0,4,6,165.0,17
633632,CR-0000077292,0,0,0,0,4,6,0.0,0
633633,CR-0000077060,0,0,0,0,4,5,51.0,18
633642,CR-0000067428,0,0,0,0,4,6,0.0,4
633648,CR-0000029335,1,0,0,0,4,0,0.0,9
633651,CR-0000060342,0,0,0,0,5,5,50.0,16
633652,CR-0000077335,1,0,0,0,4,3,51.0,17
633653,CR-0000077122,0,0,0,0,4,5,0.0,14
633654,CR-0000077724,0,4,0,0,5,6,0.0,18
633655,CR-0000077112,0,0,0,0,4,6,0.0,21
633656,CR-0000077290,0,0,0,0,4,3,0.0,4
633657,CR-0000077261,0,0,0,0,4,5,0.0,9
633658,CR-0000078705,0,0,0,1,5,8,105.0,8
633659,CR-0000073258,0,0,0,0,4,6,51.0,21
633660,CR-0000067652,0,0,0,0,4,6,0.0,13
633674,CR-0000060916,0,0,0,0,4,6,460.0,7
633675,CR-0000061016,0,0,0,0,4,1,0.0,10
633676,CR-0000061127,0,0,0,0,4,5,0.0,13
633677,CR-0000060734,0,0,0,0,4,0,0.0,17
633678,CR-0000060717,0,0,0,0,4,5,0.0,21
633679,CR-0000065141,0,0,0,0,4,8,300.0,18
633680,CR-0000060767,0,0,0,0,4,6,0.0,10
633681,CR-0000061168,0,0,0,0,4,8,120.0,7
633687,CR-0000077117,0,0,0,0,5,2,26.0,5
633688,CR-0000060658,0,0,0,0,4,1,0.0,15
633689,CR-0000060740,0,0,0,0,4,6,0.0,7
633690,CR-0000067266,0,0,0,0,4,6,0.0,15
633691,CR-0000071534,0,0,0,0,4,0,51.0,13
633692,CR-0000071690,0,0,0,0,4,5,0.0,9
633693,CR-0000071799,0,0,0,0,4,3,356.0,11
633694,CR-0000072829,0,0,0,0,4,6,0.0,11
633695,CR-0000060331,0,1,0,0,5,6,500.0,21
633696,CR-0000060329,2,0,0,0,4,5,0.0,13
633697,CR-0000077342,0,0,0,0,4,5,51.0,8
633698,CR-0000060731,0,0,0,0,4,5,0.0,22
633699,CR-0000060704,0,0,0,0,4,6,272.0,17
633700,CR-0000067359,1,0,0,0,4,0,0.0,22
633701,CR-0000067414,0,0,0,0,4,5,0.0,17
633702,CR-0000078312,0,0,0,0,5,6,0.0,22
633703,CR-0000078310,0,0,0,0,5,5,70.0,17
633704,CR-0000077107,1,0,0,0,5,1,0.0,16
633705,CR-0000072647,0,0,0,0,4,0,51.0,8
633706,CR-0000077140,0,0,0,0,4,6,0.0,5
633707,CR-0000077120,0,0,0,0,4,6,51.0,2
633708,CR-0000076976,2,0,0,0,4,0,0.0,8
633709,CR-0000078498,0,0,0,0,5,6,54.0,0
633710,CR-0000077301,0,0,0,0,4,5,0.0,18
633711,CR-0000078268,0,0,0,0,5,0,0.0,15
633712,CR-0000076786,0,0,0,0,4,6,300.0,8
633713,CR-0000077450,0,0,0,0,4,6,51.0,23
633716,CR-0000078297,0,0,0,0,5,0,0.0,10
633717,CR-0000060789,1,0,0,0,4,0,0.0,14
633718,CR-0000060715,0,0,0,0,4,5,0.0,8
633719,CR-0000077262,1,0,0,0,5,5,0.0,7
633720,CR-0000078212,0,0,0,0,5,6,51.0,1
633721,CR-0000072683,0,1,0,0,4,7,0.0,8
633722,CR-0000072681,0,0,0,0,4,6,0.0,15
633725,CR-0000071688,0,0,0,0,4,0,51.0,15
633726,CR-0000076955,0,0,0,0,5,5,196.0,4
633727,CR-0000072069,0,0,0,0,4,5,0.0,19
633728,CR-0000072608,0,0,0,0,5,3,211.0,23
633729,CR-0000078261,0,0,0,0,5,0,0.0,23
633730,CR-0000072058,0,0,0,0,4,0,0.0,17
633731,CR-0000076798,0,0,0,0,5,5,21.0,23
633732,CR-0000071472,1,0,0,0,5,8,0.0,8
633737,CR-0000077030,0,1,0,0,5,5,330.0,6
633738,CR-0000077438,2,0,0,0,5,1,0.0,7
633746,CR-0000029269,0,0,0,0,4,1,100.0,16
633747,CR-0000029033,0,0,0,0,5,5,0.0,16
633752,CR-0000060873,0,0,0,0,4,6,0.0,10
633753,CR-0000067829,0,0,0,0,4,5,15.0,9
633754,CR-0000067827,0,0,0,0,4,5,0.0,14
633755,CR-0000072205,0,0,0,0,4,6,0.0,9
633756,CR-0000072649,0,0,0,0,4,6,0.0,15
633757,CR-0000078230,3,0,0,0,5,1,0.0,21
633758,CR-0000072056,0,0,0,0,4,6,0.0,21
633759,CR-0000072498,0,0,0,0,4,1,0.0,18
633760,CR-0000077025,0,0,0,0,4,1,61.0,23
633761,CR-0000077024,0,0,0,0,4,5,150.0,21
633762,CR-0000077445,0,0,0,0,4,0,0.0,17
633763,CR-0000077416,0,0,0,0,4,3,51.0,11
633764,CR-0000077415,0,0,0,0,4,5,0.0,15
633765,CR-0000077929,0,1,0,0,5,7,244.0,20
633766,CR-0000077800,0,0,0,0,2,1,0.0,0
633767,CR-0000077318,0,0,0,0,4,0,0.0,7
633776,CR-0000078499,0,0,0,0,5,5,224.0,4
633777,CR-0000077070,0,0,0,0,4,2,0.0,14
633778,CR-0000076886,0,0,0,0,4,6,0.0,17
633779,CR-0000077007,1,0,0,0,4,5,51.0,0
633782,CR-0000029194,0,0,0,0,4,0,0.0,11
633783,CR-0000077437,0,0,1,0,5,7,0.0,7
633784,CR-0000072465,0,0,0,0,4,5,20.0,13
633785,CR-0000060535,3,1,0,0,5,0,0.0,9
633786,CR-0000060426,0,0,0,0,4,0,0.0,12
633787,CR-0000060417,1,0,0,0,5,5,1324.0,8
633788,CR-0000060267,0,0,0,0,5,0,0.0,19
633789,CR-0000078860,0,0,0,0,4,6,0.0,19
633790,CR-0000078032,0,0,0,0,5,5,50.0,17
633791,CR-0000078872,0,0,0,0,4,5,0.0,21
633792,CR-0000078863,0,0,0,0,5,6,0.0,15
633793,CR-0000078840,0,0,0,0,4,3,0.0,14
633794,CR-0000077219,0,0,0,0,4,0,0.0,6
633797,CR-0000074986,0,0,0,0,5,2,0.0,13
633802,CR-0000077407,0,0,0,0,4,0,0.0,0
633803,CR-0000077403,0,0,0,0,4,5,0.0,17
633804,CR-0000076881,0,0,0,0,4,7,51.0,17
633805,CR-0000077517,0,0,0,0,4,6,0.0,8
633806,CR-0000077055,0,0,0,0,5,5,177.0,22
633807,CR-0000060619,0,0,0,0,5,0,0.0,8
633808,CR-0000060615,1,0,0,0,5,6,46.0,20
633809,CR-0000060433,0,0,0,0,4,6,20.0,22
633810,CR-0000060558,1,0,0,0,5,0,0.0,15
633811,CR-0000060476,0,0,0,0,4,5,250.0,10
633812,CR-0000060300,0,0,0,0,4,5,0.0,21
633815,CR-0000029270,0,0,0,0,4,3,0.0,17
633821,CR-0000077059,0,0,0,0,4,6,0.0,0
633822,CR-0000076578,0,0,0,0,4,4,0.0,11
633823,CR-0000076571,0,0,0,0,4,6,60.0,12
633827,CR-0000029196,0,0,0,0,4,3,0.0,20
633829,CR-0000077333,0,0,0,0,4,6,0.0,7
633830,CR-0000077317,0,0,0,0,4,3,430.0,23
633831,CR-0000077782,0,0,0,0,4,6,0.0,15
633832,CR-0000076535,0,0,0,0,4,2,0.0,18
633833,CR-0000078003,0,0,0,0,5,1,40.0,13
633834,CR-0000077758,2,0,0,0,5,0,0.0,9
633835,CR-0000077756,0,0,0,0,5,5,178.0,0
633836,CR-0000078187,0,0,0,0,4,6,100.0,2
633837,CR-0000060373,0,0,0,0,6,2,317.0,0
633838,CR-0000078650,0,0,0,0,4,5,0.0,8
633839,CR-0000078033,1,0,0,0,4,0,115.0,14
633840,CR-0000078632,0,0,0,0,4,5,0.0,9
633841,CR-0000078830,0,0,0,0,4,5,0.0,14
633842,CR-0000077772,0,0,0,0,4,6,51.0,15
633843,CR-0000078166,0,0,0,1,4,2,205.0,16
633844,CR-0000077466,0,0,0,0,4,8,0.0,6
633846,CR-0000076563,0,0,0,0,4,0,0.0,13
633847,CR-0000076893,0,0,0,0,4,0,0.0,20
633848,CR-0000077514,1,0,0,0,4,1,0.0,18
633849,CR-0000077316,0,0,0,0,4,5,0.0,18
633850,CR-0000078873,0,0,0,0,4,6,353.0,15
633851,CR-0000071469,0,0,0,0,4,5,0.0,10
633852,CR-0000071453,0,0,0,0,4,5,51.0,18
633853,CR-0000072476,0,0,0,0,4,5,50.0,18
633861,CR-0000060442,0,0,0,0,4,2,0.0,9
633862,CR-0000060627,0,0,0,0,5,5,185.0,3
633863,CR-0000060557,0,0,0,0,5,5,0.0,12
633864,CR-0000060282,0,0,0,0,5,6,0.0,2
633865,CR-0000060641,2,0,0,0,4,1,0.0,19
633868,CR-0000029311,0,0,0,0,5,0,0.0,16
633873,CR-0000077303,0,0,0,0,5,5,0.0,22
633879,CR-0000076340,0,0,0,0,5,2,350.0,17
633880,CR-0000075426,0,1,0,0,5,2,130.0,4
633886,CR-0000029177,0,0,0,0,4,5,20.0,14
633889,CR-0000077269,1,0,0,0,0,7,0.0,8
633890,CR-0000078263,1,0,0,0,5,6,0.0,6
633891,CR-0000072057,0,0,0,0,4,5,0.0,14
633892,CR-0000078219,1,0,0,0,5,0,0.0,13
633893,CR-0000072665,0,0,0,0,4,5,0.0,7
633894,CR-0000060427,1,0,0,0,1,0,0.0,9
633895,CR-0000060577,1,1,0,0,5,0,0.0,11
633896,CR-0000077218,0,0,0,0,4,5,250.0,15
633897,CR-0000077213,0,0,0,0,5,1,0.0,12
633898,CR-0000078201,0,0,0,0,5,5,19.0,14
633899,CR-0000078176,0,0,0,0,5,5,340.0,17
633900,CR-0000078182,0,0,0,0,4,6,51.0,18
633901,CR-0000078788,0,0,0,0,4,5,240.0,4
633902,CR-0000072388,0,0,0,0,4,5,0.0,13
633903,CR-0000060519,2,0,0,0,5,1,0.0,8
633911,CR-0000076739,0,0,0,0,4,5,51.0,0
633912,CR-0000077137,0,0,0,0,4,0,0.0,18
633913,CR-0000077121,0,0,0,0,4,5,25.0,11
633914,CR-0000076996,0,0,0,0,4,6,0.0,12
633915,CR-0000078251,0,0,0,0,4,6,80.0,16
633916,CR-0000078162,1,0,0,0,5,7,185.0,17
633917,CR-0000077399,0,0,0,0,5,0,0.0,12
633918,CR-0000077369,0,0,0,0,4,6,170.0,0
633924,CR-0000029330,0,0,0,0,4,5,120.0,18
633925,CR-0000029345,0,0,0,0,4,3,0.0,1
633927,CR-0000077250,1,0,0,0,5,5,0.0,7
633928,CR-0000077058,0,0,0,0,4,5,0.0,15
633929,CR-0000077057,0,0,0,0,4,6,260.0,13
633930,CR-0000077432,0,0,0,0,4,5,0.0,8
633931,CR-0000077420,0,0,0,0,4,5,45.0,11
633932,CR-0000076293,0,0,0,0,4,6,0.0,8
633933,CR-0000077796,0,0,0,0,4,5,0.0,19
633934,CR-0000077363,0,0,0,0,5,5,0.0,14
633935,CR-0000077613,0,2,0,0,5,0,0.0,15
633936,CR-0000077603,0,0,0,0,4,6,0.0,9
633937,CR-0000077655,0,0,0,0,5,6,36.0,1
633938,CR-0000076818,1,0,1,1,4,0,0.0,18
633941,CR-0000077780,0,0,0,0,4,5,51.0,11
633942,CR-0000077771,0,0,0,0,4,0,51.0,12
633943,CR-0000077320,0,0,0,0,4,6,0.0,18
633944,CR-0000078871,0,0,0,0,4,6,35.0,9
633945,CR-0000078181,0,0,0,0,4,3,500.0,5
633946,CR-0000077491,0,0,0,0,4,3,0.0,0
633947,CR-0000072421,0,0,0,0,4,6,51.0,0
633948,CR-0000029096,0,0,0,0,4,3,0.0,14
633949,CR-0000029093,0,0,0,0,4,3,0.0,19
633954,CR-0000077723,0,0,0,0,5,6,0.0,16
633955,CR-0000078786,0,0,0,0,4,3,51.0,19
633956,CR-0000077180,0,0,0,0,4,6,613.0,23
633957,CR-0000078663,0,0,0,0,4,6,51.0,20
633958,CR-0000077604,0,0,0,0,4,5,51.0,6
633959,CR-0000072257,0,0,0,0,4,0,51.0,15
633960,CR-0000072253,0,0,0,0,4,6,0.0,8
633961,CR-0000076989,2,0,0,0,4,0,0.0,11
633962,CR-0000077111,0,0,0,0,4,5,276.0,13
633963,CR-0000076982,0,1,0,0,4,2,0.0,8
633964,CR-0000077707,2,0,0,0,5,0,0.0,13
633969,CR-0000078250,0,0,0,0,4,5,0.0,13
633970,CR-0000078247,2,0,0,0,4,0,0.0,23
633971,CR-0000076789,0,0,0,0,4,5,180.0,1
633972,CR-0000076896,0,0,0,0,4,5,51.0,11
633973,CR-0000072271,0,0,0,0,4,5,51.0,11
633974,CR-0000060590,0,0,0,0,5,5,358.0,2
633975,CR-0000078052,0,0,0,0,4,3,51.0,8
633976,CR-0000076953,0,0,0,0,4,6,0.0,20
633977,CR-0000077589,0,0,0,0,4,5,51.0,8
633978,CR-0000076668,0,0,0,0,4,6,0.0,7
633979,CR-0000077372,0,0,0,0,5,3,110.0,10
633980,CR-0000077370,0,0,0,0,4,0,0.0,18
633981,CR-0000077629,0,0,0,0,5,0,140.0,5
633982,CR-0000077672,0,0,0,0,5,0,0.0,21
633986,CR-0000029228,1,0,0,0,4,3,0.0,9
633987,CR-0000029227,0,0,0,0,5,5,0.0,19
633988,CR-0000029213,0,0,0,0,4,0,0.0,7
633989,CR-0000029210,0,0,0,0,5,3,63.0,21
633990,CR-0000077606,0,0,0,0,4,3,485.0,6
633991,CR-0000077656,0,1,0,0,3,8,0.0,3
633994,CR-0000029091,1,0,0,0,4,3,30.0,14
633995,CR-0000029162,1,0,0,0,4,5,0.0,20
633996,CR-0000029362,0,0,0,0,4,5,100.0,18
634000,CR-0000077080,0,0,0,0,4,2,0.0,10
634001,CR-0000076873,0,0,0,0,4,3,40.0,9
634002,CR-0000060474,0,0,0,0,4,5,0.0,0
634003,CR-0000060496,0,0,0,0,5,5,90.0,8
634004,CR-0000060644,0,0,0,0,4,5,0.0,17
634005,CR-0000078856,0,0,0,0,5,6,395.0,22
634006,CR-0000077238,1,0,0,0,5,6,550.0,20
634007,CR-0000078046,0,0,0,0,5,6,20.0,13
634008,CR-0000078160,1,0,0,0,5,5,0.0,15
634009,CR-0000078804,1,0,0,0,5,0,129.0,21
634010,CR-0000077469,1,0,0,0,4,6,0.0,15
634011,CR-0000077202,0,0,0,0,4,6,0.0,16
634012,CR-0000077913,0,0,0,0,4,5,51.0,21
634013,CR-0000078828,0,0,0,0,4,5,0.0,12
634014,CR-0000072338,0,0,0,0,4,3,100.0,9
634015,CR-0000078583,0,0,0,0,4,6,51.0,22
634016,CR-0000077171,0,0,0,0,4,1,51.0,2
634017,CR-0000076719,0,0,0,0,4,5,0.0,0
634018,CR-0000077639,0,0,0,0,4,5,51.0,0
634019,CR-0000077664,0,0,0,0,4,5,0.0,20
634020,CR-0000077188,1,0,0,0,5,5,47.0,5
634021,CR-0000077385,0,0,0,0,4,3,51.0,15
634022,CR-0000077367,0,0,0,0,4,5,0.0,22
634023,CR-0000077974,1,0,0,0,4,8,0.0,15
634024,CR-0000077638,1,0,0,0,5,0,0.0,18
634025,CR-0000077142,0,0,0,0,4,6,100.0,6
634026,CR-0000077126,1,0,0,0,4,3,0.0,7
634027,CR-0000078185,0,0,0,0,4,5,0.0,7
634034,CR-0000077931,0,0,0,0,4,5,160.0,23