CrashFactId,Name,MinorInjuries,ModerateInjuries,SevereInjuries,FatalInjuries,PrimaryCollisionFactor_Code,CollisionType_Code,Distance,CrashTime
635075,CR-0000076778,0,0,0,0,5,5,51.0,16
635076,CR-0000076762,0,0,0,0,5,0,0.0,13
635077,CR-0000077073,0,0,0,0,5,5,200.0,9
635086,CR-0000077329,0,0,0,0,5,5,0.0,21
635093,CR-0000077620,0,0,0,0,1,6,72.0,4
635094,CR-0000077669,0,0,0,0,5,5,0.0,14
635095,CR-0000077347,1,0,0,0,5,5,225.0,4
635096,CR-0000076622,0,0,0,0,4,5,51.0,14
635097,CR-0000077048,0,1,0,0,5,6,117.0,23
635098,CR-0000077300,0,0,0,0,4,0,0.0,11
635099,CR-0000077268,1,0,0,0,4,0,51.0,13
635100,CR-0000076799,0,0,0,0,4,5,51.0,0
635101,CR-0000029012,0,0,0,0,4,3,0.0,19
635109,CR-0000076555,1,0,1,0,5,1,2640.0,7
635110,CR-0000078065,1,1,0,0,5,0,0.0,1
635111,CR-0000077220,0,0,0,0,4,5,0.0,18
635112,CR-0000077211,0,0,0,0,4,5,0.0,19
635113,CR-0000077210,0,0,0,0,4,5,0.0,10
635120,CR-0000076238,0,0,0,0,5,2,0.0,0
635121,CR-0000076602,0,0,0,0,4,6,0.0,20
635122,CR-0000077087,0,0,0,0,5,6,64.0,22
635123,CR-0000076561,0,0,0,0,4,5,0.0,13
635124,CR-0000077412,0,0,0,0,0,7,0.0,17
635125,CR-0000078598,0,1,0,0,5,5,510.0,7
635126,CR-0000077480,0,0,0,0,4,5,0.0,0
635127,CR-0000077479,0,0,0,0,4,0,0.0,10
635128,CR-0000078150,0,0,0,0,5,5,0.0,17
635129,CR-0000077766,0,0,0,0,4,5,0.0,22
635130,CR-0000078566,1,0,0,0,5,6,0.0,6
635131,CR-0000077494,0,0,0,0,4,6,0.0,20
635132,CR-0000076580,0,0,0,0,4,6,0.0,16
635133,CR-0000076576,0,0,0,0,4,5,0.0,8
635134,CR-0000078529,0,0,0,0,4,6,0.0,9
635135,CR-0000078522,0,0,0,0,4,5,51.0,11
635136,CR-0000078148,1,0,0,0,5,0,0.0,13
635137,CR-0000078147,1,0,0,0,5,5,313.0,13
635138,CR-0000077992,0,0,0,0,4,3,0.0,9
635139,CR-0000076720,0,0,0,0,4,5,0.0,10
635146,CR-0000077490,0,0,0,0,4,5,0.0,7
635147,CR-0000077472,1,0,0,0,4,0,0.0,10
635148,CR-0000077467,0,0,0,0,4,6,0.0,11
635149,CR-0000077181,0,0,0,0,4,5,0.0,17
635150,CR-0000077390,1,0,2,1,4,0,0.0,3
635151,CR-0000077462,1,0,0,0,5,5,0.0,17
635161,CR-0000069855,0,0,0,0,5,2,51.0,17
635170,CR-0000076391,0,0,0,0,4,6,250.0,13
635171,CR-0000078843,0,0,0,0,4,5,51.0,15
635172,CR-0000076692,0,0,0,0,4,1,51.0,2
635173,CR-0000077174,2,0,0,0,5,0,0.0,11
635174,CR-0000076684,2,0,0,0,4,2,0.0,15
635175,CR-0000076667,0,0,0,0,5,6,175.0,15
635176,CR-0000077156,1,0,0,0,5,5,50.0,17
635177,CR-0000076659,1,0,0,0,4,5,0.0,16
635178,CR-0000076639,0,1,0,0,5,2,48.0,1
635179,CR-0000077824,1,0,0,0,5,0,0.0,15
635180,CR-0000078740,0,0,0,0,5,5,0.0,10
635181,CR-0000078739,0,0,0,0,5,0,0.0,7
635182,CR-0000077323,2,0,0,0,5,1,68.0,8
635183,CR-0000078859,0,0,0,0,4,6,51.0,0
635184,CR-0000076420,0,0,0,0,4,6,0.0,19
635185,CR-0000077501,0,0,0,0,5,6,185.0,15
635186,CR-0000064918,1,0,0,0,5,2,150.0,1
635187,CR-0000069591,0,0,0,0,5,2,90.0,1
635195,CR-0000077573,0,0,0,0,4,0,0.0,7
635196,CR-0000077165,0,0,0,0,4,6,0.0,10
635197,CR-0000078132,0,0,0,0,5,0,100.0,10
635198,CR-0000077994,0,0,0,0,4,3,0.0,17
635199,CR-0000077977,0,0,0,0,4,6,51.0,7
635207,CR-0000077975,0,0,0,0,4,3,150.0,19
635208,CR-0000077969,0,0,0,0,4,5,51.0,15
635209,CR-0000078774,2,0,0,0,5,6,0.0,14
635225,CR-0000076698,1,0,0,0,5,0,0.0,12
635226,CR-0000076676,0,0,0,0,4,0,0.0,12
635227,CR-0000077170,1,0,0,0,5,5,90.0,22
635229,CR-0000076722,0,0,0,1,4,8,300.0,6
635230,CR-0000077817,0,0,0,0,5,7,0.0,7
635231,CR-0000077686,0,0,0,0,5,6,40.0,22
635232,CR-0000076923,1,0,0,0,4,0,0.0,0
635233,CR-0000077145,1,0,0,0,5,1,0.0,6
635234,CR-0000076957,0,1,0,0,4,0,0.0,8
635235,CR-0000077380,0,0,0,0,5,6,0.0,22
635236,CR-0000077374,0,0,0,0,4,6,0.0,13
635237,CR-0000076704,1,0,0,0,4,6,0.0,12
635238,CR-0000077985,1,0,0,0,5,1,0.0,9
635239,CR-0000076648,0,0,0,0,4,5,0.0,15
635242,CR-0000077267,0,0,0,0,4,1,0.0,11
635243,CR-0000077090,0,0,0,0,4,6,51.0,17
635244,CR-0000076593,0,0,0,0,4,6,0.0,0
635245,CR-0000077422,0,0,0,0,5,0,0.0,18
635246,CR-0000076883,0,0,0,0,4,5,30.0,12
635247,CR-0000076882,0,0,0,0,4,6,51.0,22
635248,CR-0000076502,0,0,0,0,4,6,0.0,18
635249,CR-0000076547,1,1,0,0,5,2,42.0,17
635250,CR-0000065294,1,0,0,0,4,1,130.0,21
635251,CR-0000065271,0,1,0,0,5,7,0.0,12
635255,CR-0000077734,2,0,1,0,5,1,0.0,4
635256,CR-0000077113,0,0,0,0,5,5,44.0,0
635257,CR-0000076965,0,0,0,0,4,6,0.0,12
635258,CR-0000077045,0,1,0,0,0,7,0.0,10
635259,CR-0000077281,0,0,0,0,4,5,51.0,16
635260,CR-0000076897,0,0,0,0,4,5,0.0,14
635261,CR-0000077008,0,0,0,0,4,5,51.0,0
635262,CR-0000077413,0,0,0,0,5,5,0.0,18
635263,CR-0000077464,0,0,0,0,5,5,51.0,19
635264,CR-0000076658,0,0,0,0,4,5,51.0,0
635265,CR-0000076735,0,0,0,0,4,0,0.0,12
635266,CR-0000077354,0,0,0,0,5,0,51.0,2
635269,CR-0000059093,0,0,0,0,5,2,0.0,2
635277,CR-0000078520,0,0,0,0,4,3,51.0,8
635278,CR-0000077504,0,0,0,0,5,0,0.0,13
635279,CR-0000078852,0,0,0,0,4,5,0.0,11
635280,CR-0000078845,0,0,0,0,5,6,51.0,5
635290,CR-0000077989,0,0,0,0,5,0,0.0,20
635298,CR-0000077957,0,2,0,0,5,5,136.0,2
635299,CR-0000077636,0,1,0,0,5,8,128.0,17
635300,CR-0000077633,0,0,0,0,6,1,0.0,13
635301,CR-0000076841,0,0,0,0,4,6,211.0,21
635302,CR-0000076623,0,0,0,0,4,5,51.0,18
635303,CR-0000077752,0,0,0,0,5,6,0.0,21
635304,CR-0000077115,0,0,0,0,5,5,0.0,1
635305,CR-0000076992,1,0,0,0,4,0,0.0,10
635306,CR-0000076261,0,0,0,0,4,6,0.0,13
635307,CR-0000077703,0,0,0,0,5,0,0.0,5
635308,CR-0000077260,0,0,0,0,4,6,0.0,21
635309,CR-0000077068,0,0,0,0,4,5,0.0,14
635310,CR-0000077029,0,0,0,0,5,5,73.0,0
635311,CR-0000077009,0,0,0,0,4,0,0.0,14
635319,CR-0000076309,0,0,0,0,4,0,51.0,15
635320,CR-0000076380,0,0,0,0,4,5,51.0,9
635321,CR-0000076607,0,0,0,0,4,0,0.0,12
635330,CR-0000077161,0,1,0,0,1,0,0.0,20
635331,CR-0000058270,1,0,0,0,5,1,45.0,2
635332,CR-0000077582,0,0,0,0,5,5,239.0,6
635333,CR-0000077580,0,0,0,0,4,5,188.0,14
635334,CR-0000077956,0,0,0,0,4,3,2931.0,11
635335,CR-0000077808,0,0,0,0,2,2,45.0,23
635336,CR-0000077696,0,0,0,0,4,5,0.0,14
635337,CR-0000078382,1,0,0,0,4,0,0.0,9
635338,CR-0000078755,0,0,0,0,5,0,0.0,21
635339,CR-0000078742,0,0,0,0,5,6,0.0,16
635340,CR-0000076702,0,0,0,0,4,0,0.0,1
635341,CR-0000077154,0,0,0,0,4,6,0.0,8
635342,CR-0000076666,1,0,0,0,4,7,0.0,8
635343,CR-0000076740,0,0,0,0,4,6,0.0,20
635344,CR-0000077996,0,0,0,0,5,5,0.0,1
635345,CR-0000076703,0,0,0,0,4,6,51.0,12
635346,CR-0000077818,0,1,0,0,5,7,0.0,8
635347,CR-0000077803,0,0,0,0,5,5,0.0,23
635382,CR-0000077361,0,0,0,0,4,0,0.0,15
635383,CR-0000077805,0,0,0,0,4,5,0.0,19
635384,CR-0000077618,0,0,0,0,4,5,0.0,14
635385,CR-0000077679,0,0,0,0,5,6,0.0,4
635386,CR-0000077536,0,0,0,0,4,5,0.0,18
635387,CR-0000077727,1,0,0,0,5,6,0.0,19
635388,CR-0000078725,0,0,0,0,5,6,40.0,14
635389,CR-0000078703,0,0,0,1,3,8,66.0,11
635437,CR-0000077698,0,0,0,0,4,6,51.0,2
635438,CR-0000077533,0,0,0,0,4,1,51.0,12
635439,CR-0000078370,0,0,0,0,5,6,0.0,20
635440,CR-0000078360,0,0,0,0,5,6,75.0,16
635441,CR-0000078403,1,0,0,0,5,5,0.0,15
635442,CR-0000077726,1,0,0,0,5,5,100.0,21
635443,CR-0000077442,0,0,0,0,5,0,51.0,17
635444,CR-0000078413,0,0,0,0,5,5,51.0,8
635460,CR-0000076867,0,0,0,0,4,2,23.0,4
635461,CR-0000078875,0,0,0,0,5,6,158.0,3
635462,CR-0000077368,0,0,0,0,4,6,51.0,19
635466,CR-0000078549,0,0,0,0,4,5,51.0,10
635467,CR-0000078531,0,0,0,0,4,6,0.0,14
635468,CR-0000077234,0,0,0,0,4,6,51.0,11
635469,CR-0000076542,1,0,0,0,4,0,0.0,10
635470,CR-0000077212,0,0,0,0,5,5,37.0,8
635471,CR-0000077206,0,1,0,0,3,0,0.0,18
635472,CR-0000075911,2,0,0,0,4,1,0.0,5
635473,CR-0000076825,0,0,0,0,4,5,0.0,7
635487,CR-0000077687,0,0,0,0,4,6,300.0,3
635488,CR-0000076374,0,0,0,0,4,6,0.0,17
635489,CR-0000076997,0,0,0,1,4,8,85.0,9
635490,CR-0000076963,0,0,0,0,4,6,51.0,0
635491,CR-0000076792,0,0,0,0,4,2,24.0,20
635492,CR-0000076575,0,0,0,0,4,6,51.0,21
635493,CR-0000078543,0,0,0,0,4,6,17.0,15
635494,CR-0000078528,0,0,0,0,4,5,0.0,11
635511,CR-0000078330,0,0,0,0,5,5,175.0,20
635512,CR-0000078454,0,1,0,0,5,0,310.0,9
635513,CR-0000078214,1,0,0,0,5,6,0.0,1
635514,CR-0000078683,0,0,0,0,5,6,42.0,20
635515,CR-0000078676,0,0,0,0,5,5,51.0,14
635516,CR-0000077934,1,0,0,0,5,5,330.0,17
635517,CR-0000077526,0,0,0,0,5,5,0.0,16
635550,CR-0000077355,1,1,0,0,5,1,0.0,9
635551,CR-0000076372,0,0,0,0,4,0,0.0,17
635552,CR-0000076365,1,0,0,0,4,8,32.0,18
635553,CR-0000076934,0,0,0,0,4,0,200.0,16
635554,CR-0000077132,0,1,0,0,5,7,238.0,15
635560,CR-0000076772,0,0,0,0,5,2,18.0,12
635579,CR-0000078701,0,0,0,1,5,8,51.0,18
635580,CR-0000078041,0,0,0,0,4,5,150.0,11
635581,CR-0000078837,0,0,0,0,5,5,63.0,23
635582,CR-0000077214,0,0,0,0,5,6,0.0,14
635583,CR-0000078016,0,0,0,0,5,6,174.0,20
635584,CR-0000078007,0,0,0,0,5,0,51.0,22
635585,CR-0000078190,0,0,0,0,5,5,75.0,18
635586,CR-0000076508,0,1,0,0,4,5,0.0,14
635587,CR-0000076417,0,0,0,0,4,5,0.0,19
635588,CR-0000077487,1,0,0,0,5,5,75.0,17
635589,CR-0000077402,1,0,0,0,5,8,0.0,17
635590,CR-0000076832,1,0,0,0,4,0,0.0,22
635591,CR-0000076814,1,0,0,0,4,1,0.0,21
635592,CR-0000077128,0,0,0,0,5,5,107.0,11
635593,CR-0000076999,0,0,0,0,4,6,50.0,6
635611,CR-0000076969,0,0,0,0,5,2,0.0,8
635612,CR-0000077067,0,0,0,0,5,2,35.0,21
635615,CR-0000076765,0,0,0,0,5,2,153.0,16
635616,CR-0000064381,0,0,0,0,5,1,27.0,12
635617,CR-0000064701,0,0,0,0,5,2,153.0,16
635619,CR-0000077933,3,0,0,0,4,5,30.0,17
635620,CR-0000078513,0,0,0,0,5,2,30.0,0
635621,CR-0000068841,0,0,1,0,5,2,5.0,19
635623,CR-0000078368,0,0,0,0,5,0,65.0,9
635624,CR-0000078353,0,0,0,0,1,5,51.0,4
635625,CR-0000077344,0,0,0,0,4,6,457.0,12
635626,CR-0000077341,0,0,1,0,5,6,126.0,23
635631,CR-0000076998,1,0,0,0,5,5,103.0,13
635632,CR-0000076983,0,0,0,0,4,5,0.0,13
635633,CR-0000076971,1,1,0,0,5,0,0.0,15
635634,CR-0000076966,0,0,0,0,4,6,0.0,15
635635,CR-0000077725,2,0,0,0,5,0,0.0,18
635636,CR-0000077911,0,0,0,0,5,1,130.0,0
635637,CR-0000077525,0,0,0,0,5,6,0.0,12
635638,CR-0000078018,0,0,0,0,5,0,0.0,11
635642,CR-0000076464,0,0,0,0,4,6,0.0,9
635643,CR-0000077101,0,0,0,0,4,5,0.0,0
635644,CR-0000077078,2,0,0,0,5,6,179.0,22
635645,CR-0000077069,0,0,0,0,5,0,0.0,18
635646,CR-0000078173,0,0,0,0,5,5,0.0,12
635647,CR-0000078167,0,0,0,1,5,7,0.0,7
635648,CR-0000077489,1,1,0,0,5,1,0.0,19
635649,CR-0000077473,1,0,0,0,5,0,0.0,13
635650,CR-0000077565,0,1,0,0,5,0,0.0,6
635651,CR-0000077162,0,0,0,0,5,0,895.0,2
635652,CR-0000078135,0,0,0,0,5,5,50.0,18
635653,CR-0000078130,1,0,0,0,6,5,950.0,8
635654,CR-0000070086,1,0,0,0,5,2,198.0,0
635656,CR-0000077325,0,0,0,0,5,6,0.0,12
635657,CR-0000078652,0,0,0,0,5,5,140.0,4
635658,CR-0000078853,0,1,0,0,5,7,0.0,14
635659,CR-0000078643,0,0,0,0,5,5,0.0,13
635660,CR-0000078156,1,1,0,0,4,0,0.0,8
635661,CR-0000078810,0,1,0,0,5,8,0.0,8
635662,CR-0000078796,0,1,0,0,5,5,250.0,21
635669,CR-0000078123,0,0,0,0,5,5,112.0,23
635677,CR-0000078121,0,0,0,0,5,6,52.0,14
635678,CR-0000078115,0,0,0,0,5,5,260.0,3
635679,CR-0000077364,1,0,0,0,5,0,54.0,16
635680,CR-0000078672,0,0,0,0,5,1,54.0,23
635681,CR-0000078656,0,0,0,0,5,6,0.0,11
635682,CR-0000078396,0,0,0,0,5,0,0.0,13
635683,CR-0000077005,1,0,0,0,5,0,320.0,20
635684,CR-0000070403,0,0,0,0,5,2,259.0,22
635693,CR-0000077123,0,0,0,1,5,7,95.0,12
635694,CR-0000076161,0,0,1,0,5,5,0.0,17
635695,CR-0000077082,0,0,0,0,4,5,120.0,15
635696,CR-0000077071,0,0,0,0,4,6,131.0,2
635697,CR-0000077017,0,0,0,0,4,5,0.0,12
635698,CR-0000076878,1,0,0,0,5,5,55.0,13
635699,CR-0000076534,0,0,0,0,4,5,0.0,15
635700,CR-0000076533,0,0,0,0,4,6,0.0,8
635711,CR-0000078601,0,0,0,0,5,3,1043.0,0
635712,CR-0000078172,0,0,0,0,5,0,0.0,10
635713,CR-0000077251,0,0,0,0,5,5,20.0,10
635714,CR-0000077241,1,1,0,0,5,1,150.0,13
635715,CR-0000077232,1,0,0,0,6,0,214.0,21
635716,CR-0000077205,1,0,0,0,5,6,51.0,18
635717,CR-0000077200,0,0,0,0,5,0,0.0,22
635718,CR-0000076817,0,0,0,0,4,0,0.0,18
635719,CR-0000077114,0,0,0,0,5,5,108.0,0
635720,CR-0000076348,1,0,0,0,5,4,10.0,12
635721,CR-0000076501,0,0,0,0,4,1,80.0,23
635722,CR-0000076382,0,0,0,0,4,5,51.0,11
635723,CR-0000076274,0,0,0,0,4,6,0.0,21
635724,CR-0000076529,1,0,0,0,5,5,70.0,16
635725,CR-0000075787,0,0,0,0,4,0,0.0,11
635726,CR-0000075762,1,0,1,0,4,2,0.0,13
635728,CR-0000077124,0,0,0,0,5,2,80.0,2
635729,CR-0000076967,0,0,0,0,5,2,220.0,5
635730,CR-0000076777,0,0,0,0,5,2,0.0,3
635731,CR-0000076294,0,0,0,0,5,2,0.0,4
635732,CR-0000068731,0,0,0,0,5,2,0.0,23
635733,CR-0000064211,0,0,0,0,5,2,0.0,4
635735,CR-0000078164,0,0,0,0,5,0,0.0,20
635736,CR-0000078587,0,0,0,0,5,6,0.0,12
635737,CR-0000078580,0,0,0,0,6,0,0.0,15
635738,CR-0000078569,1,0,0,0,5,7,0.0,10
635739,CR-0000078556,0,0,0,0,5,6,0.0,15
635740,CR-0000077189,0,0,1,0,4,7,0.0,7
635755,CR-0000070909,0,0,0,0,5,2,450.0,1
635757,CR-0000076373,0,0,0,0,4,6,700.0,19
635758,CR-0000077139,1,0,0,0,5,7,21.0,22
635759,CR-0000076987,0,0,0,0,5,5,0.0,18
635760,CR-0000076466,0,0,0,0,4,6,255.0,6
635761,CR-0000077046,1,0,0,0,5,5,256.0,14
635762,CR-0000077278,1,0,0,0,5,0,0.0,12
635763,CR-0000077102,1,0,0,0,4,6,51.0,20
635764,CR-0000076565,0,0,0,0,4,6,0.0,4
635765,CR-0000077554,2,0,0,0,5,6,25.0,12
635766,CR-0000078140,0,0,0,0,4,3,0.0,20
635767,CR-0000078139,0,0,0,0,4,0,0.0,18
635768,CR-0000078125,0,0,0,0,4,5,0.0,6
635769,CR-0000078124,0,0,0,0,4,6,30.0,21
635770,CR-0000078122,0,0,0,0,5,5,60.0,22
635771,CR-0000077995,0,0,0,0,5,0,51.0,1
635772,CR-0000075521,2,0,0,0,4,0,0.0,16
635773,CR-0000078697,2,0,1,1,4,0,0.0,22
635774,CR-0000077427,0,0,0,0,4,3,388.0,19
635775,CR-0000077424,0,0,0,0,4,6,0.0,11
635776,CR-0000078439,0,0,0,0,4,5,300.0,2
635777,CR-0000078414,0,0,0,0,4,5,51.0,3
635778,CR-0000077910,0,0,0,0,4,6,0.0,14
635779,CR-0000078635,0,0,0,0,4,5,0.0,10
635787,CR-0000078463,0,0,0,0,4,0,0.0,2
635788,CR-0000078462,0,0,0,0,4,6,51.0,11
635789,CR-0000078266,1,0,0,0,5,0,0.0,10
635790,CR-0000078709,0,0,0,0,4,0,0.0,0
635791,CR-0000075461,0,0,0,1,4,8,0.0,20
635792,CR-0000076107,0,1,0,0,4,7,0.0,15
635793,CR-0000077908,0,0,0,0,4,6,0.0,22
635794,CR-0000078030,0,0,0,0,4,5,0.0,14
635795,CR-0000077814,1,1,1,0,5,1,44.0,5
635806,CR-0000078711,0,0,0,1,4,8,0.0,4
635807,CR-0000078208,0,0,0,0,4,0,0.0,0
635808,CR-0000078691,0,0,0,0,4,5,0.0,6
635809,CR-0000077428,0,0,0,0,4,6,0.0,8
635818,CR-0000078869,0,0,0,0,4,5,0.0,10
635819,CR-0000078611,1,0,0,0,5,8,0.0,1
635820,CR-0000078191,0,0,0,0,4,6,330.0,20
635821,CR-0000078572,0,0,0,0,5,5,300.0,18
635822,CR-0000078571,1,0,0,0,5,7,0.0,18
635823,CR-0000078565,0,0,0,0,5,5,89.0,3
635824,CR-0000077597,0,0,0,0,1,6,150.0,10
635825,CR-0000078131,0,0,0,0,5,8,0.0,7
635841,CR-0000078234,0,0,0,0,4,5,0.0,17
635842,CR-0000078106,0,0,0,0,5,3,20.0,17
635843,CR-0000078658,0,0,0,0,5,6,129.0,13
635844,CR-0000078392,0,0,0,0,4,5,0.0,19
635845,CR-0000078763,0,0,0,0,5,6,208.0,17
635846,CR-0000077668,2,1,0,0,5,6,0.0,12
635847,CR-0000078743,1,0,0,0,5,5,165.0,17
635848,CR-0000078735,0,2,0,0,5,5,294.0,16
635849,CR-0000077611,0,1,0,0,5,5,246.0,11
635850,CR-0000077001,0,0,0,0,5,6,64.0,5
635851,CR-0000076232,0,0,0,0,4,5,47.0,7
635852,CR-0000076465,0,0,0,0,4,6,0.0,9
635853,CR-0000077064,2,0,0,0,5,0,0.0,11
635854,CR-0000077324,2,0,0,0,5,0,0.0,10
635855,CR-0000077240,0,0,0,0,5,6,0.0,11
635856,CR-0000076521,0,0,0,0,4,3,200.0,14
635857,CR-0000076520,0,0,1,0,3,8,132.0,19
635874,CR-0000078698,1,0,2,1,4,5,0.0,16
635875,CR-0000078624,0,0,0,1,4,2,170.0,15
635876,CR-0000078594,0,0,0,0,4,6,51.0,12
635877,CR-0000077576,0,0,0,0,4,5,51.0,13
635886,CR-0000077575,0,0,0,0,4,5,0.0,15
635887,CR-0000078152,0,0,0,0,4,6,56.0,20
635888,CR-0000077812,0,0,0,0,4,2,50.0,21
635889,CR-0000078438,0,0,0,0,4,6,51.0,7
635890,CR-0000078014,1,0,0,0,4,6,150.0,17
635891,CR-0000078602,0,0,0,0,4,5,75.0,14
635892,CR-0000078578,1,1,0,0,4,0,0.0,7
635893,CR-0000077493,0,0,0,0,4,6,0.0,11
635894,CR-0000078784,0,0,0,0,4,6,0.0,14
635895,CR-0000077578,0,0,0,0,4,0,0.0,0
635896,CR-0000078120,0,0,0,0,4,6,0.0,14
635904,CR-0000078029,0,0,0,0,4,6,51.0,9
635905,CR-0000078634,0,0,0,0,4,5,0.0,16
635912,CR-0000077643,2,0,0,0,4,0,0.0,10
635913,CR-0000078402,0,0,0,0,4,5,0.0,23
635914,CR-0000078387,2,0,0,0,4,0,0.0,14
635915,CR-0000078736,0,0,0,0,4,5,51.0,0
635916,CR-0000078344,0,0,0,0,4,0,0.0,15
635917,CR-0000078141,0,0,0,0,4,5,0.0,17
635918,CR-0000077998,0,0,0,0,5,6,23.0,8
635919,CR-0000077371,0,0,0,0,5,1,123.0,6
635920,CR-0000078764,1,0,0,0,3,8,0.0,18
635921,CR-0000077624,0,0,0,0,5,6,273.0,12
635922,CR-0000077658,0,1,0,0,5,6,0.0,13
635923,CR-0000078409,0,0,0,0,4,5,300.0,0
635924,CR-0000078484,0,1,0,0,5,0,0.0,10
635933,CR-0000078305,0,0,0,0,4,6,0.0,19
635934,CR-0000078723,0,0,0,0,4,6,0.0,18
635935,CR-0000078481,0,1,0,0,4,8,0.0,7
635936,CR-0000078252,0,0,0,0,4,6,51.0,18
635937,CR-0000078237,0,0,0,0,4,5,0.0,16
635938,CR-0000078236,0,0,0,0,4,5,217.0,13
635939,CR-0000078090,1,0,0,0,4,5,0.0,13
635940,CR-0000078451,0,0,0,0,4,5,0.0,11
635941,CR-0000078244,0,0,0,0,5,0,0.0,17
635943,CR-0000077625,1,0,0,0,5,5,152.0,15
635944,CR-0000077949,0,0,0,0,5,0,0.0,22
635945,CR-0000078336,1,0,0,0,5,5,18.0,9
635946,CR-0000078502,0,0,0,0,5,0,0.0,17
635947,CR-0000077750,0,1,0,0,3,8,366.0,22
635948,CR-0000077743,0,0,0,0,4,6,51.0,14
635951,CR-0000077701,0,0,0,0,5,6,24.0,16
635952,CR-0000078383,1,0,0,0,5,5,402.0,9
635953,CR-0000077683,0,0,0,0,5,6,94.0,9
635954,CR-0000078733,1,0,0,0,5,6,57.0,5
635955,CR-0000077941,0,0,0,0,5,6,60.0,9
635956,CR-0000078306,0,0,0,0,4,5,735.0,7
635957,CR-0000077037,0,1,0,0,0,7,0.0,19
635958,CR-0000078195,1,0,0,0,4,7,168.0,7
635959,CR-0000078154,0,0,0,0,4,6,0.0,17
635960,CR-0000078818,0,0,0,0,4,5,51.0,19
635961,CR-0000078662,0,0,0,0,4,6,0.0,14
635962,CR-0000077628,0,0,0,0,4,3,315.0,21
635963,CR-0000078232,1,0,0,0,5,7,0.0,16
635964,CR-0000078224,0,0,0,0,5,0,0.0,20
635965,CR-0000078205,0,0,0,0,5,1,0.0,18
635966,CR-0000078685,1,0,0,0,5,0,0.0,21
635967,CR-0000077441,0,1,0,0,0,7,202.0,17
635968,CR-0000078099,0,0,0,0,5,1,19.0,22
635970,CR-0000078738,0,0,0,0,4,5,0.0,17
635971,CR-0000078303,0,0,0,0,4,5,51.0,5
635972,CR-0000078496,0,0,0,0,4,0,0.0,22
635982,CR-0000077027,0,0,0,0,4,5,0.0,15
635983,CR-0000077417,1,0,0,0,4,5,0.0,7
635988,CR-0000077713,0,0,0,0,5,0,0.0,21
635989,CR-0000078290,0,0,0,0,4,6,51.0,6
635990,CR-0000078500,0,0,0,0,5,1,16.0,5
635991,CR-0000078489,0,0,0,0,5,5,100.0,16
635992,CR-0000078486,0,0,0,0,5,5,75.0,11
635993,CR-0000078471,1,0,0,0,5,0,0.0,12
635994,CR-0000078470,1,0,0,0,5,1,0.0,10
635995,CR-0000078469,1,0,0,0,5,5,0.0,10
635998,CR-0000078346,1,1,0,0,5,0,0.0,2
635999,CR-0000077745,0,0,0,0,4,5,51.0,21
636000,CR-0000077742,0,0,0,0,4,6,0.0,10
636001,CR-0000078620,0,0,0,0,4,6,0.0,21
636002,CR-0000078783,0,0,0,0,4,5,0.0,10
636003,CR-0000077458,0,0,0,0,4,0,0.0,13
636004,CR-0000078768,0,0,0,0,4,0,0.0,17
636005,CR-0000078759,0,0,0,0,4,5,0.0,11
636006,CR-0000077842,0,0,0,0,4,0,0.0,7
636007,CR-0000078770,0,0,0,0,4,0,0.0,7
636008,CR-0000077677,0,0,0,0,4,5,51.0,17
636009,CR-0000077675,0,0,0,0,4,1,0.0,16
636010,CR-0000078363,0,0,0,0,4,6,0.0,21
636011,CR-0000077940,1,0,0,0,4,0,0.0,7
636012,CR-0000077939,0,0,0,0,4,5,20.0,21
636019,CR-0000076562,0,0,0,0,4,8,0.0,18
636020,CR-0000078482,0,0,0,0,4,6,0.0,11
636021,CR-0000078708,0,0,0,0,4,5,0.0,18
636022,CR-0000078089,0,0,0,0,4,6,630.0,9
636023,CR-0000078086,0,0,0,0,4,7,0.0,15
636024,CR-0000077935,0,0,0,0,5,0,237.0,18
636025,CR-0000077924,1,0,0,0,4,8,0.0,14
636026,CR-0000077918,0,0,0,0,5,5,0.0,17
636027,CR-0000077909,0,0,0,0,4,6,0.0,9
636035,CR-0000077610,0,0,0,0,5,1,75.0,5
636036,CR-0000077627,0,1,0,0,4,7,0.0,3
636037,CR-0000077544,0,0,0,0,4,5,0.0,7
636038,CR-0000077710,1,0,0,0,4,7,384.0,18
636039,CR-0000076564,0,0,0,0,4,3,0.0,0
636040,CR-0000077053,0,0,0,0,5,5,51.0,16
636041,CR-0000076887,1,0,0,0,5,5,181.0,0
636042,CR-0000077003,0,0,0,0,5,5,45.0,18
636043,CR-0000077338,0,1,0,0,5,5,400.0,13
636044,CR-0000078307,0,0,0,0,4,5,0.0,8
636045,CR-0000078298,0,0,0,0,5,5,90.0,15
636046,CR-0000078289,1,0,0,0,4,7,51.0,16
636047,CR-0000078488,2,0,0,0,5,0,0.0,15
636048,CR-0000078475,0,0,0,0,5,5,0.0,18
636049,CR-0000078238,0,0,0,0,5,0,32.0,1
636050,CR-0000078404,0,1,0,0,4,8,0.0,16
636051,CR-0000078337,0,0,0,0,4,6,72.0,17
636052,CR-0000078317,0,0,0,0,4,5,50.0,3
636053,CR-0000077730,0,0,0,0,4,5,0.0,7
636054,CR-0000078218,0,0,0,0,4,6,47.0,2
636055,CR-0000078693,0,0,0,0,4,5,0.0,21