CrashFactId,Name,MinorInjuries,ModerateInjuries,SevereInjuries,FatalInjuries,PrimaryCollisionFactor_Code,CollisionType_Code,Distance,CrashTime
645309,CR-0000082873,0,0,0,0,4,2,235.0,8
645310,CR-0000032394,0,0,0,0,4,3,62.0,15
645311,CR-0000038598,0,0,0,0,5,3,1000.0,0
645312,CR-0000032343,1,0,0,0,5,1,0.0,15
645313,CR-0000037385,0,0,0,0,5,3,285.0,21
645314,CR-0000031607,1,0,0,0,4,5,0.0,11
645315,CR-0000031305,0,0,0,0,4,5,0.0,9
645316,CR-0000038127,0,0,0,0,5,3,1000.0,20
645317,CR-0000049401,1,0,0,0,5,0,240.0,12
645318,CR-0000082041,0,0,0,0,5,1,85.0,17
645319,CR-0000082822,0,0,0,0,4,0,0.0,7
645320,CR-0000082823,0,0,0,0,4,6,0.0,22
645321,CR-0000082825,0,0,0,0,4,3,51.0,17
645322,CR-0000032505,0,0,0,0,4,1,0.0,6
645323,CR-0000049035,0,1,0,0,0,3,0.0,6
645330,CR-0000037414,0,0,0,0,5,0,0.0,17
645331,CR-0000032182,0,0,0,0,4,3,0.0,7
645332,CR-0000032169,0,0,0,0,4,5,0.0,14
645333,CR-0000032250,0,0,0,0,4,3,100.0,17
645334,CR-0000032249,0,0,1,0,4,3,0.0,7
645335,CR-0000032293,0,0,0,0,5,0,0.0,12
645336,CR-0000032645,0,0,0,0,4,5,30.0,15
645337,CR-0000035847,1,0,0,0,5,3,0.0,23
645342,CR-0000033991,1,0,0,0,0,3,100.0,16
645343,CR-0000032292,0,0,0,0,4,6,0.0,23
645344,CR-0000037221,0,0,0,0,5,3,355.0,19
645345,CR-0000032411,0,0,0,0,4,3,0.0,16
645346,CR-0000032236,0,0,0,0,4,0,0.0,9
645347,CR-0000032429,3,1,0,0,5,1,0.0,22
645348,CR-0000032342,0,1,0,0,4,3,0.0,14
645349,CR-0000032103,0,0,0,0,4,3,0.0,22
645350,CR-0000049570,0,0,0,0,4,3,0.0,13
645351,CR-0000044093,0,0,0,0,5,3,111.0,11
645352,CR-0000049306,4,1,0,0,5,0,0.0,9
645353,CR-0000049353,0,0,0,0,4,5,0.0,7
645354,CR-0000082032,0,0,0,0,5,0,400.0,11
645355,CR-0000082034,0,0,1,0,5,1,42.0,13
645356,CR-0000082036,0,1,0,0,5,6,61.0,21
645357,CR-0000082048,0,0,0,0,5,5,40.0,11
645358,CR-0000082052,0,2,0,0,5,2,25.0,15
645359,CR-0000082057,0,0,0,0,5,6,348.0,0
645360,CR-0000082062,0,0,0,0,5,0,0.0,10
645361,CR-0000082832,0,0,0,0,5,5,225.0,16
645362,CR-0000082843,0,0,1,0,5,8,0.0,15
645363,CR-0000082854,0,0,0,0,4,5,51.0,0
645364,CR-0000082858,0,0,0,0,5,0,0.0,15
645365,CR-0000082864,0,0,0,0,5,6,243.0,21
645366,CR-0000082868,0,0,0,0,5,6,0.0,16
645367,CR-0000082884,0,1,0,0,5,7,0.0,8
645376,CR-0000032410,0,0,0,0,4,3,600.0,14
645377,CR-0000032409,0,0,0,0,4,5,100.0,7
645378,CR-0000031600,0,0,0,0,4,3,0.0,12
645379,CR-0000037301,0,0,0,0,5,5,180.0,15
645380,CR-0000050424,0,0,0,0,4,1,0.0,14
645381,CR-0000049336,0,0,0,0,5,5,0.0,12
645382,CR-0000049334,1,1,0,0,5,0,0.0,11
645383,CR-0000082043,1,0,0,0,5,5,162.0,22
645384,CR-0000082045,0,0,0,0,5,2,51.0,23
645385,CR-0000082049,1,0,0,0,2,2,417.0,12
645386,CR-0000082054,0,0,0,0,5,6,0.0,20
645387,CR-0000082056,0,1,0,0,5,5,77.0,22
645388,CR-0000082064,0,0,0,0,5,5,75.0,17
645390,CR-0000049371,0,0,0,0,5,3,40.0,18
645391,CR-0000049310,3,0,0,0,5,5,485.0,16
645393,CR-0000082871,0,1,0,0,5,5,261.0,0
645394,CR-0000082874,0,0,0,0,5,6,123.0,13
645395,CR-0000082877,1,0,0,0,5,6,0.0,11
645396,CR-0000082878,1,0,0,0,5,8,119.0,18
645397,CR-0000031306,0,0,0,0,4,3,0.0,21
645398,CR-0000031140,0,0,2,1,4,1,0.0,20
645399,CR-0000044057,2,0,0,0,5,5,0.0,16
645400,CR-0000049369,0,0,0,0,5,3,15.0,17
645401,CR-0000062123,0,0,0,0,5,1,210.0,2
645410,CR-0000030655,0,0,0,0,4,5,0.0,21
645411,CR-0000082880,0,0,0,0,4,0,51.0,22
645412,CR-0000082887,1,0,0,0,5,6,0.0,15
645413,CR-0000082889,0,0,0,0,5,5,20.0,18
645414,CR-0000082890,0,0,0,0,4,6,0.0,2
645415,CR-0000082891,0,0,0,0,5,6,120.0,3
645416,CR-0000082896,1,0,0,0,0,7,51.0,11
645417,CR-0000082897,2,0,0,0,5,0,0.0,12
645418,CR-0000082886,0,0,0,0,5,5,0.0,15
645419,CR-0000082899,0,1,0,0,5,6,0.0,16
645420,CR-0000082905,1,0,0,0,5,0,0.0,17
645435,CR-0000045401,0,1,0,0,5,3,0.0,0
645436,CR-0000037185,1,0,0,0,5,3,20.0,11
645437,CR-0000082060,1,0,0,0,5,0,25.0,5
645438,CR-0000082061,0,0,0,0,5,2,53.0,9
645439,CR-0000082063,0,1,0,0,3,8,0.0,12
645442,CR-0000082900,0,0,0,0,5,6,0.0,19
645443,CR-0000082901,0,0,0,0,5,5,36.0,21
645444,CR-0000082902,0,0,0,0,5,6,26.0,21
645445,CR-0000082903,0,0,0,0,5,6,51.0,0
645446,CR-0000082909,1,0,0,0,5,0,0.0,22
645447,CR-0000082920,0,0,0,0,5,6,291.0,0
645448,CR-0000082921,0,0,0,0,5,6,295.0,1
645461,CR-0000030946,0,0,0,0,4,5,0.0,12
645463,CR-0000049419,0,0,0,0,5,3,33.0,0
645464,CR-0000082923,1,0,0,0,5,5,0.0,15
645465,CR-0000082925,0,0,0,0,5,2,20.0,17
645466,CR-0000082928,1,0,0,0,5,2,30.0,1
645467,CR-0000082929,0,0,0,0,5,5,60.0,17
645468,CR-0000082069,1,0,0,0,4,0,0.0,14
645469,CR-0000082070,0,0,0,0,5,2,18.0,15
645470,CR-0000082071,1,0,0,0,5,5,100.0,18
645471,CR-0000082073,0,0,0,0,5,0,18.0,17
645474,CR-0000030804,0,0,0,0,4,3,0.0,14
645475,CR-0000082930,0,0,1,0,5,5,0.0,10
645476,CR-0000082931,1,0,0,0,5,6,47.0,10
645477,CR-0000082932,1,0,0,0,5,6,57.0,14
645478,CR-0000082933,0,0,0,0,5,6,0.0,14
645479,CR-0000082939,1,0,0,0,5,6,33.0,6
645480,CR-0000082945,0,0,0,0,5,5,153.0,15
645481,CR-0000082947,2,0,0,0,5,1,0.0,16
645482,CR-0000082875,0,0,0,0,5,6,268.0,22
645483,CR-0000082883,0,0,0,0,5,0,132.0,2
645484,CR-0000082885,0,0,0,0,5,6,51.0,11
645485,CR-0000082892,0,1,0,0,5,6,47.0,5
645486,CR-0000082893,0,1,0,0,5,5,170.0,6
645487,CR-0000082895,0,1,0,0,4,6,0.0,10
645488,CR-0000082904,0,0,0,0,2,5,51.0,21
645489,CR-0000082954,0,0,0,0,4,5,51.0,17
645490,CR-0000082956,0,0,0,0,4,6,0.0,21
645491,CR-0000082952,0,0,0,0,4,6,51.0,18
645492,CR-0000082047,0,1,0,0,4,0,0.0,10
645493,CR-0000082055,0,0,0,0,5,6,150.0,21
645494,CR-0000082058,0,0,0,0,5,2,144.0,0
645495,CR-0000082065,1,0,0,0,5,0,0.0,16
645496,CR-0000082075,0,0,0,0,5,0,378.0,17
645497,CR-0000082088,0,0,0,0,5,0,51.0,11
645498,CR-0000082098,0,0,0,0,5,2,300.0,21
645502,CR-0000034001,0,0,0,0,4,3,0.0,8
645507,CR-0000044564,0,0,0,0,5,1,0.0,20
645508,CR-0000082907,0,0,0,0,5,6,60.0,14
645509,CR-0000082908,0,0,0,0,5,2,230.0,21
645510,CR-0000049384,1,0,0,0,5,5,50.0,13
645511,CR-0000049352,0,0,0,0,4,5,0.0,16
645512,CR-0000049259,0,0,0,0,4,3,0.0,22
645513,CR-0000049354,0,0,0,0,4,3,357.0,17
645514,CR-0000044007,0,0,0,0,5,3,220.0,23
645517,CR-0000032498,0,0,0,0,5,3,0.0,1
645518,CR-0000032493,0,0,0,0,4,6,44.0,19
645519,CR-0000031271,1,0,0,0,5,0,0.0,22
645520,CR-0000034339,0,0,0,0,5,5,0.0,9
645521,CR-0000082927,0,0,0,0,5,5,66.0,1
645522,CR-0000082962,0,0,0,0,5,5,60.0,14
645523,CR-0000082964,0,0,1,0,5,2,145.0,18
645525,CR-0000082906,1,0,0,0,5,5,0.0,12
645526,CR-0000082915,1,2,0,0,5,0,0.0,1
645527,CR-0000082917,0,0,0,0,5,3,51.0,12
645528,CR-0000082918,0,2,0,0,5,8,34.0,14
645529,CR-0000082922,3,0,0,0,5,0,0.0,9
645530,CR-0000082924,0,0,0,0,5,2,144.0,15
645531,CR-0000082940,1,0,0,0,5,5,51.0,7
645532,CR-0000082066,1,0,0,0,5,8,0.0,17
645533,CR-0000082068,1,0,0,0,5,0,0.0,13
645534,CR-0000082074,0,1,0,0,5,6,170.0,17
645535,CR-0000082076,0,0,0,0,5,0,48.0,22
645536,CR-0000082078,0,1,0,0,5,5,191.0,2
645537,CR-0000082082,1,0,0,0,5,2,267.0,9
645538,CR-0000049277,2,0,0,0,5,6,20.0,18
645539,CR-0000082888,1,0,0,0,5,0,0.0,16
645540,CR-0000082894,0,1,1,0,5,0,0.0,9
645541,CR-0000082898,0,0,0,0,5,5,0.0,15
645542,CR-0000082910,0,1,0,0,4,8,80.0,21
645543,CR-0000082911,0,0,0,0,4,0,0.0,20
645544,CR-0000082912,1,0,0,0,4,0,35.0,18
645545,CR-0000082913,0,0,0,0,5,5,51.0,16
645560,CR-0000082972,0,0,0,0,4,6,0.0,16
645561,CR-0000082973,0,0,1,0,4,6,0.0,12
645562,CR-0000082974,0,1,0,0,0,7,0.0,13
645563,CR-0000082979,0,0,0,0,2,3,40.0,9
645564,CR-0000031791,0,0,0,0,5,0,0.0,21
645565,CR-0000032646,0,1,0,0,5,3,0.0,5
645566,CR-0000032643,0,0,0,0,4,3,0.0,14
645567,CR-0000082914,0,0,0,0,5,5,502.0,22
645568,CR-0000082916,0,0,0,0,5,2,675.0,22
645569,CR-0000082938,0,0,0,0,5,5,140.0,1
645570,CR-0000082950,0,0,0,0,5,5,200.0,19
645571,CR-0000082951,0,0,0,0,5,6,0.0,21
645572,CR-0000082079,0,0,0,0,5,2,50.0,3
645573,CR-0000082080,0,1,0,0,5,8,0.0,8
645574,CR-0000082084,1,0,0,0,5,8,0.0,17
645577,CR-0000030520,3,0,0,0,5,0,0.0,8
645579,CR-0000030824,0,0,0,0,5,1,0.0,18
645580,CR-0000030772,0,0,0,0,4,0,0.0,8
645581,CR-0000032639,1,0,0,0,5,5,0.0,13
645582,CR-0000032444,1,0,0,0,4,3,0.0,5
645583,CR-0000032609,1,0,0,0,4,5,100.0,19
645584,CR-0000034466,3,0,0,0,4,0,0.0,10
645585,CR-0000032537,2,0,0,0,5,6,150.0,12
645586,CR-0000082103,1,0,0,0,5,7,0.0,14
645587,CR-0000082105,2,0,0,0,4,0,0.0,14
645588,CR-0000082081,2,0,0,0,5,6,0.0,8
645589,CR-0000082083,0,1,0,0,5,6,32.0,14
645590,CR-0000082085,0,0,0,0,5,5,26.0,22
645591,CR-0000082089,0,0,0,0,5,5,0.0,17
645592,CR-0000082090,0,0,0,1,5,8,0.0,23
645593,CR-0000032194,1,0,0,0,4,1,0.0,21
645594,CR-0000032491,0,0,0,0,4,6,0.0,8
645595,CR-0000032291,0,0,0,0,4,3,0.0,1
645596,CR-0000034269,0,0,0,0,5,5,100.0,7
645597,CR-0000034334,0,0,0,0,5,5,200.0,20
645598,CR-0000034266,0,0,0,0,5,3,0.0,6
645599,CR-0000032370,3,0,1,0,5,0,0.0,17
645600,CR-0000032451,0,0,0,0,4,3,0.0,16
645601,CR-0000082953,0,0,0,0,4,3,0.0,18
645602,CR-0000082955,0,0,0,0,4,5,51.0,12
645603,CR-0000082958,1,0,0,0,0,7,90.0,15
645604,CR-0000082959,0,0,0,0,5,1,0.0,20
645605,CR-0000082960,0,0,0,0,5,5,563.0,22
645606,CR-0000082961,0,0,0,0,5,0,51.0,8
645607,CR-0000082963,1,0,0,0,5,5,32.0,17
645608,CR-0000082967,0,0,0,0,5,5,44.0,0
645609,CR-0000082968,0,0,0,0,5,6,108.0,10
645610,CR-0000082969,0,0,0,0,5,1,0.0,9
645611,CR-0000082970,1,0,0,0,5,0,0.0,14
645612,CR-0000082971,0,1,0,0,5,5,0.0,18
645613,CR-0000082879,0,0,0,0,4,6,51.0,5
645614,CR-0000082881,0,0,0,0,4,6,51.0,19
645615,CR-0000082975,0,0,0,0,5,0,0.0,13
645616,CR-0000082977,0,0,1,0,5,7,0.0,21
645617,CR-0000082978,0,0,0,0,5,0,0.0,6
645618,CR-0000082980,0,0,0,0,5,5,0.0,21
645619,CR-0000082981,0,0,0,0,4,2,0.0,12
645620,CR-0000082983,0,1,0,0,5,8,0.0,19
645621,CR-0000082989,0,0,0,0,5,2,368.0,2
645622,CR-0000032589,1,0,0,0,5,5,0.0,0
645623,CR-0000032573,3,0,0,0,5,0,0.0,15
645624,CR-0000037331,2,0,0,0,5,0,0.0,17
645625,CR-0000033984,0,0,0,0,4,3,0.0,12
645626,CR-0000032603,0,0,0,0,4,0,160.0,16
645627,CR-0000031072,0,0,0,0,5,3,0.0,18
645628,CR-0000032348,0,0,0,0,5,5,40.0,16
645629,CR-0000037381,1,0,0,0,5,3,0.0,19
645630,CR-0000032237,0,0,0,0,4,3,10.0,18
645631,CR-0000032339,2,2,0,0,4,0,0.0,13
645632,CR-0000032330,0,0,0,0,4,0,0.0,15
645633,CR-0000032320,1,0,0,0,4,5,70.0,13
645634,CR-0000031019,0,0,0,0,4,3,300.0,22
645635,CR-0000049009,2,0,0,0,5,5,12.0,17
645636,CR-0000053783,0,0,0,0,5,3,180.0,1
645637,CR-0000082114,0,0,0,0,4,5,0.0,17
645638,CR-0000082118,0,0,0,0,5,6,64.0,17
645639,CR-0000082119,0,0,0,0,5,2,125.0,11
645640,CR-0000082120,0,0,0,0,5,0,0.0,12
645641,CR-0000082121,3,0,0,0,5,5,350.0,14
645642,CR-0000033345,0,0,0,0,5,3,0.0,17
645643,CR-0000032453,0,0,0,0,4,5,0.0,14
645644,CR-0000049286,0,0,0,0,5,3,0.0,4
645645,CR-0000032528,0,1,0,0,5,1,0.0,11
645646,CR-0000031326,0,0,0,0,4,3,36.0,4
645647,CR-0000032511,0,1,0,0,4,3,0.0,11
645648,CR-0000031556,1,0,0,0,4,3,0.0,11
645649,CR-0000034407,1,0,0,0,5,0,0.0,13
645650,CR-0000039993,0,0,0,0,5,3,0.0,0
645651,CR-0000049441,0,1,0,0,5,3,0.0,12
645652,CR-0000052247,0,0,0,0,5,3,0.0,1
645654,CR-0000049435,0,0,0,0,4,3,106.0,17
645655,CR-0000037164,1,0,0,0,5,3,0.0,21
645656,CR-0000032162,0,0,0,0,5,3,0.0,1
645657,CR-0000032479,0,0,0,0,4,5,0.0,17
645658,CR-0000032402,0,0,0,0,4,0,0.0,12
645659,CR-0000032454,0,0,0,0,4,5,0.0,17
645660,CR-0000032395,1,0,0,0,4,5,0.0,11
645661,CR-0000082067,0,0,0,0,5,6,138.0,21
645662,CR-0000082072,0,0,0,0,5,6,0.0,20
645663,CR-0000082077,0,0,0,0,5,5,60.0,1
645664,CR-0000082097,0,1,0,0,5,2,147.0,15
645665,CR-0000044074,0,1,0,0,5,0,0.0,15
645666,CR-0000044521,0,0,0,0,5,3,0.0,16
645667,CR-0000049284,1,0,0,0,5,0,0.0,23
645668,CR-0000049256,0,1,0,0,0,3,534.0,17
645669,CR-0000049197,1,0,0,0,5,0,0.0,7
645670,CR-0000049365,0,0,0,0,5,6,170.0,15
645671,CR-0000049181,1,0,0,0,5,6,0.0,16
645672,CR-0000082102,0,0,0,0,4,3,51.0,20
645673,CR-0000082104,0,1,1,0,4,1,0.0,14
645674,CR-0000082108,1,0,0,0,5,0,0.0,10
645675,CR-0000045197,0,0,0,0,5,3,0.0,12
645676,CR-0000043969,0,0,0,0,4,5,143.0,18
645677,CR-0000032593,1,0,0,0,0,3,0.0,15
645678,CR-0000032494,0,0,0,0,4,6,42.0,17
645679,CR-0000032363,0,0,0,0,4,3,0.0,0
645680,CR-0000032419,0,0,0,0,4,5,0.0,10
645681,CR-0000034202,0,0,0,0,4,5,0.0,20
645682,CR-0000049278,0,0,0,0,5,5,5.0,18
645683,CR-0000049315,0,0,0,0,5,3,170.0,1
645684,CR-0000049254,0,0,0,0,5,3,120.0,15
645685,CR-0000032532,1,0,0,0,4,3,0.0,17
645686,CR-0000045125,0,0,0,0,5,3,0.0,16
645687,CR-0000037338,1,0,0,0,5,0,140.0,14
645688,CR-0000049440,0,0,0,0,5,3,11.0,11
645689,CR-0000049421,0,0,0,0,5,3,288.0,8
645690,CR-0000034368,0,0,0,0,5,5,0.0,20
645691,CR-0000034285,0,0,0,0,5,5,200.0,7
645692,CR-0000037392,0,0,0,0,5,3,250.0,4
645693,CR-0000031058,0,0,0,0,5,5,0.0,7
645694,CR-0000031007,0,0,0,0,5,5,78.0,20
645695,CR-0000034559,2,0,0,0,5,5,15.0,10
645696,CR-0000032510,3,0,0,0,5,0,0.0,15
645697,CR-0000034430,0,1,0,0,3,3,0.0,9
645698,CR-0000034550,1,0,0,0,5,5,0.0,8
645699,CR-0000049566,0,0,0,0,5,5,50.0,15
645700,CR-0000031083,0,0,0,0,4,3,50.0,16
645701,CR-0000032354,1,0,0,0,4,3,0.0,18
645702,CR-0000031051,0,0,0,0,4,1,300.0,22
645703,CR-0000032586,0,0,0,0,5,0,0.0,17
645704,CR-0000032585,0,0,0,0,5,0,0.0,18
645705,CR-0000031201,0,0,0,0,4,5,0.0,19
645706,CR-0000037440,1,0,0,0,5,1,25.0,13
645707,CR-0000049094,0,0,0,0,4,3,90.0,9
645708,CR-0000049026,0,0,0,0,5,1,51.0,18
645709,CR-0000061966,0,0,0,0,5,2,304.0,13
645714,CR-0000033502,0,0,0,0,4,3,0.0,20
645715,CR-0000034706,0,1,0,0,5,3,27.0,18
645716,CR-0000032650,0,0,0,0,6,3,0.0,3
645717,CR-0000033485,0,0,0,0,5,0,0.0,21
645718,CR-0000031049,0,0,0,0,4,0,0.0,19
645719,CR-0000039250,0,0,0,0,5,3,155.0,5
645720,CR-0000031617,0,0,0,0,4,1,0.0,14
645721,CR-0000049071,0,1,0,0,5,3,0.0,7
645724,CR-0000082990,1,1,0,0,5,0,0.0,17
645725,CR-0000082991,0,0,0,0,5,0,50.0,18
645726,CR-0000082993,2,0,0,0,5,1,0.0,21
645727,CR-0000082999,1,0,0,0,5,5,39.0,8
645729,CR-0000082982,0,0,0,0,5,5,0.0,14
645730,CR-0000082984,0,1,0,0,5,7,0.0,18
645731,CR-0000082986,0,0,0,0,4,3,51.0,3
645732,CR-0000082992,0,0,0,0,5,5,0.0,19
645733,CR-0000082994,0,0,0,0,5,2,19.0,22
645734,CR-0000082996,0,0,0,0,5,6,51.0,2
645735,CR-0000083004,0,0,0,0,5,5,20.0,13
645736,CR-0000044508,0,1,0,0,5,1,0.0,15
645742,CR-0000083005,0,1,0,0,5,1,0.0,17
645743,CR-0000083010,0,0,0,0,5,6,26.0,15
645744,CR-0000083011,0,0,0,0,5,0,0.0,16
645745,CR-0000044106,1,0,0,0,5,0,0.0,9
645746,CR-0000048132,0,0,0,0,5,3,20.0,0
645747,CR-0000049327,0,0,0,0,4,5,0.0,6
645748,CR-0000049037,0,0,0,0,5,3,75.0,8
645749,CR-0000032323,0,0,0,0,4,3,0.0,21
645750,CR-0000031569,1,0,0,0,4,3,0.0,20
645751,CR-0000032212,0,0,0,0,4,3,20.0,19
645752,CR-0000031554,1,1,0,0,5,3,0.0,12
645753,CR-0000056612,2,0,0,0,5,3,0.0,8
645754,CR-0000082086,0,0,0,0,5,5,292.0,23
645755,CR-0000082092,0,0,0,0,5,6,51.0,19
645756,CR-0000034068,0,0,0,0,5,5,150.0,1
645757,CR-0000034708,0,0,0,0,5,3,0.0,11
645758,CR-0000034373,1,0,0,0,5,0,50.0,9
645759,CR-0000032648,0,0,0,0,5,5,100.0,16
645760,CR-0000082919,0,0,0,0,5,6,160.0,20
645761,CR-0000082926,0,0,0,0,5,2,0.0,23
645762,CR-0000082946,0,0,0,0,5,5,120.0,16
645763,CR-0000082957,0,0,0,0,4,5,0.0,15
645764,CR-0000082985,0,0,0,0,4,2,108.0,7
645765,CR-0000082987,0,0,0,0,4,5,0.0,12
645766,CR-0000082988,0,1,0,0,5,5,303.0,1
645767,CR-0000032389,1,0,0,0,4,1,0.0,9
645768,CR-0000032385,0,0,0,0,4,3,171.0,23
645769,CR-0000032380,0,0,0,0,5,3,0.0,0
645770,CR-0000032369,0,0,0,0,5,5,0.0,21
645771,CR-0000032341,1,0,1,0,4,1,0.0,9
645772,CR-0000031028,0,0,0,0,4,3,0.0,18
645773,CR-0000031612,0,0,0,0,4,5,0.0,15
645774,CR-0000054513,1,0,0,0,5,2,21.0,15
645775,CR-0000082109,0,0,0,0,5,6,91.0,11
645776,CR-0000082110,1,0,0,0,5,0,0.0,16
645792,CR-0000082094,0,0,0,0,5,0,0.0,22
645793,CR-0000082096,3,0,0,0,5,0,0.0,15
645794,CR-0000082106,0,0,0,0,5,6,108.0,2
645795,CR-0000082117,0,0,0,0,5,5,116.0,6
645796,CR-0000082125,0,0,0,0,4,5,0.0,11
645797,CR-0000033420,0,0,0,0,5,6,100.0,17
645798,CR-0000032638,0,0,0,0,5,3,50.0,2
645799,CR-0000049138,1,0,0,0,5,1,0.0,20
645800,CR-0000049451,0,0,0,0,5,3,50.0,19
645801,CR-0000049443,0,0,0,0,5,5,8.0,13
645806,CR-0000032428,0,0,0,0,4,3,0.0,20
645807,CR-0000032423,0,0,0,0,4,0,0.0,12
645808,CR-0000032310,0,0,0,0,4,3,0.0,13
645810,CR-0000039577,0,0,0,0,5,3,15.0,0
645811,CR-0000044510,0,0,0,0,5,1,0.0,18
645812,CR-0000049325,0,0,0,0,4,3,45.0,19
645813,CR-0000049363,0,0,0,0,5,0,0.0,13
645814,CR-0000049167,1,0,0,0,5,0,0.0,15
645815,CR-0000049049,0,0,0,0,4,5,0.0,14
645820,CR-0000049272,2,1,0,0,5,1,0.0,13
645828,CR-0000082111,0,0,0,0,5,5,0.0,16
645829,CR-0000082113,0,0,0,0,5,1,153.0,23
645830,CR-0000082115,0,0,0,0,5,0,0.0,16
645831,CR-0000082122,0,0,0,0,5,6,275.0,5
645832,CR-0000082124,0,0,0,0,5,6,51.0,19
645833,CR-0000049297,0,0,0,0,5,3,365.0,21
645834,CR-0000049290,1,0,0,0,4,0,0.0,9
645835,CR-0000049322,0,0,0,0,5,3,32.0,16
645836,CR-0000049161,0,0,0,0,4,5,0.0,15
645837,CR-0000049078,0,0,0,0,4,3,0.0,2
645838,CR-0000049028,1,0,0,0,3,3,0.0,21
645839,CR-0000049025,0,1,0,0,5,3,0.0,17
645840,CR-0000062098,0,1,0,0,5,2,50.0,17
645841,CR-0000032443,0,0,0,0,4,3,0.0,2
645846,CR-0000044927,2,0,0,0,5,1,0.0,19
645847,CR-0000049420,0,0,0,0,5,3,124.0,1
645848,CR-0000032579,0,1,0,0,3,3,0.0,12
645849,CR-0000045812,0,1,0,0,5,3,150.0,19
645850,CR-0000049261,1,0,0,0,4,5,0.0,13
645851,CR-0000049199,1,0,0,0,5,5,50.0,9
645852,CR-0000045472,0,0,0,0,5,3,660.0,9
645856,CR-0000082941,0,0,0,0,2,2,87.0,23
645857,CR-0000082949,0,0,0,0,0,7,0.0,17
645858,CR-0000082942,1,0,0,0,5,0,0.0,12
645859,CR-0000082966,0,1,0,0,0,7,78.0,19
645860,CR-0000082154,0,0,0,0,4,6,51.0,20
645861,CR-0000082976,2,1,0,0,5,0,200.0,17
645862,CR-0000083002,0,0,1,0,3,8,137.0,22
645875,CR-0000049127,0,0,0,0,5,3,42.0,1
645876,CR-0000049112,0,0,0,0,5,3,31.0,1
645877,CR-0000034582,1,0,0,0,5,5,0.0,11
645878,CR-0000032530,1,0,0,0,4,5,0.0,18
645879,CR-0000032526,0,0,0,0,4,3,0.0,19
645880,CR-0000032133,0,0,0,0,5,5,36.0,14
645881,CR-0000032140,0,0,1,0,3,3,150.0,15
645882,CR-0000049003,1,0,0,0,5,0,0.0,11
645883,CR-0000049475,0,1,0,0,5,3,8.0,1
645884,CR-0000061880,0,0,0,0,5,2,330.0,1
645891,CR-0000049111,0,0,0,0,4,5,0.0,11
645892,CR-0000048994,1,0,0,0,4,3,9.0,19
645893,CR-0000046453,0,0,0,0,5,3,0.0,5
645894,CR-0000034250,0,1,0,0,5,0,0.0,12
645895,CR-0000032197,1,0,0,0,4,5,0.0,16
645896,CR-0000031994,0,1,0,0,4,3,132.0,2
645897,CR-0000049151,1,0,0,0,2,5,277.0,8
645898,CR-0000032562,0,0,0,0,4,3,0.0,0
645899,CR-0000031887,0,0,0,0,5,3,90.0,23
645900,CR-0000031880,0,0,0,0,4,0,0.0,14
645901,CR-0000037320,0,2,0,0,5,0,0.0,13
645906,CR-0000082995,0,0,0,0,5,6,144.0,0
645907,CR-0000082997,0,0,0,0,5,2,120.0,5
645908,CR-0000082998,1,0,0,0,1,0,365.0,6
645909,CR-0000083000,1,0,0,0,5,0,0.0,17
645910,CR-0000083001,0,1,0,0,5,0,686.0,21
645911,CR-0000083003,0,0,0,0,4,3,51.0,17
645912,CR-0000049121,1,0,0,0,0,3,77.0,20
645913,CR-0000049115,0,0,0,0,5,0,0.0,8
645914,CR-0000034251,0,0,0,0,5,3,0.0,23
645915,CR-0000034301,0,0,0,0,4,5,0.0,7
645916,CR-0000033278,2,0,0,0,5,5,0.0,16
645917,CR-0000031854,0,0,0,0,4,0,0.0,11
645918,CR-0000031257,0,0,0,0,4,5,0.0,18
645927,CR-0000031255,0,0,0,0,4,6,0.0,14
645928,CR-0000037406,0,0,0,0,5,3,455.0,1
645929,CR-0000032629,0,0,0,0,4,5,0.0,0
645930,CR-0000032373,0,0,0,0,4,3,0.0,2
645931,CR-0000032615,0,0,0,0,4,0,0.0,17
645932,CR-0000031088,0,0,0,0,4,3,144.0,1
645933,CR-0000083006,0,0,0,0,5,0,0.0,9
645934,CR-0000044578,0,0,0,0,5,5,0.0,17
645935,CR-0000049537,2,0,0,0,4,5,0.0,13
645936,CR-0000049505,0,0,0,0,5,0,0.0,7
645937,CR-0000048961,0,0,0,0,4,3,0.0,10
645938,CR-0000037183,1,0,0,0,5,3,20.0,11
645939,CR-0000031792,0,0,0,0,4,1,106.0,17
645940,CR-0000032474,0,0,0,0,4,3,0.0,12
645941,CR-0000037404,0,0,0,0,4,3,320.0,22
645942,CR-0000031760,0,0,0,0,5,0,0.0,23
645943,CR-0000031753,0,0,0,0,4,3,70.0,0
645944,CR-0000032446,0,0,0,0,5,3,0.0,18
645945,CR-0000038065,0,0,0,0,5,3,365.0,10
645946,CR-0000031646,0,0,0,0,4,3,0.0,11
645947,CR-0000032346,0,0,0,0,4,3,0.0,15
645948,CR-0000037372,0,0,0,0,4,1,290.0,13
645955,CR-0000049139,0,0,0,0,5,3,20.0,22
645956,CR-0000054146,0,0,0,0,5,3,230.0,3
645957,CR-0000049129,0,0,0,0,5,3,190.0,3
645963,CR-0000044594,1,0,0,0,5,5,0.0,11
645964,CR-0000031893,1,0,0,0,5,5,0.0,17