CrashFactId,Name,MinorInjuries,ModerateInjuries,SevereInjuries,FatalInjuries,PrimaryCollisionFactor_Code,CollisionType_Code,Distance,CrashTime
651870,CR-0000085154,0,0,0,0,5,0,0.0,8
651871,CR-0000085159,0,0,0,0,5,6,219.0,16
651872,CR-0000085162,0,0,0,0,5,6,0.0,19
651873,CR-0000085164,1,0,0,0,5,5,150.0,23
651874,CR-0000085169,0,0,0,0,5,6,300.0,19
651875,CR-0000085176,0,0,0,0,4,3,51.0,18
651876,CR-0000046650,0,1,0,0,5,5,35.0,14
651877,CR-0000046627,0,1,0,0,5,5,0.0,17
651878,CR-0000051648,0,0,0,0,5,5,40.0,19
651879,CR-0000040648,0,0,0,0,5,5,0.0,15
651880,CR-0000040644,0,0,0,0,5,3,60.0,4
651881,CR-0000044801,1,0,0,0,5,6,200.0,9
651883,CR-0000036367,1,0,0,0,4,3,7.0,11
651884,CR-0000035886,0,0,0,0,4,5,0.0,20
651892,CR-0000035038,0,0,0,0,5,3,0.0,2
651893,CR-0000035197,0,1,0,0,3,3,50.0,21
651894,CR-0000031226,1,0,0,0,5,6,25.0,10
651895,CR-0000040642,0,0,0,0,5,3,0.0,19
651896,CR-0000040628,0,0,0,0,5,3,0.0,11
651906,CR-0000051444,1,0,0,0,5,0,0.0,18
651907,CR-0000051393,2,0,0,0,5,5,17.0,20
651911,CR-0000036583,0,0,0,0,5,5,250.0,15
651912,CR-0000040491,0,0,0,0,5,3,0.0,8
651921,CR-0000051329,0,0,0,0,5,0,0.0,21
651922,CR-0000051313,0,0,0,0,5,3,200.0,1
651923,CR-0000051421,0,0,0,0,4,3,0.0,15
651924,CR-0000057763,1,0,0,0,5,1,0.0,19
651948,CR-0000078129,0,0,0,0,5,2,58.0,6
651949,CR-0000077945,1,0,0,0,5,2,43.0,16
651950,CR-0000039256,0,0,0,0,5,3,0.0,12
651951,CR-0000036135,1,0,0,0,5,5,100.0,6
651952,CR-0000039161,0,0,0,0,4,3,0.0,10
651953,CR-0000036287,0,0,0,0,5,3,90.0,23
651954,CR-0000039290,0,0,0,0,5,3,0.0,2
651955,CR-0000051249,1,0,0,0,5,5,0.0,23
651956,CR-0000050661,1,0,0,0,3,3,355.0,20
651957,CR-0000051222,0,0,0,0,5,0,8.0,17
651958,CR-0000051274,0,0,0,0,5,0,0.0,8
651961,CR-0000050898,0,0,0,0,4,5,0.0,11
651962,CR-0000051332,0,0,0,0,5,3,72.0,22
651963,CR-0000051449,0,1,0,0,5,3,15.0,12
651964,CR-0000051438,1,0,0,0,5,5,38.0,12
651965,CR-0000051398,0,0,0,0,5,1,0.0,7
651966,CR-0000030175,1,0,0,0,5,0,0.0,22
651974,CR-0000046623,0,0,0,0,6,0,0.0,12
651975,CR-0000040427,1,0,0,0,4,1,0.0,12
651976,CR-0000050920,2,0,0,0,5,5,100.0,16
651977,CR-0000085178,0,0,0,0,4,6,51.0,12
651978,CR-0000085186,0,0,0,0,4,5,51.0,13
651979,CR-0000085198,0,0,0,0,4,6,0.0,0
651980,CR-0000049209,0,0,0,0,5,1,0.0,15
651981,CR-0000049816,0,0,0,0,4,6,0.0,17
651982,CR-0000062117,1,0,0,0,5,0,0.0,8
651983,CR-0000061928,1,0,0,0,5,0,117.0,16
651984,CR-0000061913,1,0,0,0,5,4,75.0,22
651993,CR-0000062050,0,0,0,0,5,0,646.0,17
651994,CR-0000061895,1,0,0,0,5,5,0.0,20
651995,CR-0000061881,0,0,0,0,5,0,0.0,12
651996,CR-0000062162,1,0,0,0,5,0,0.0,18
651997,CR-0000062126,0,0,0,0,5,0,0.0,19
652000,CR-0000039270,0,1,0,0,4,1,156.0,21
652001,CR-0000039102,0,0,0,0,5,0,0.0,15
652002,CR-0000046605,1,0,0,0,5,3,0.0,8
652010,CR-0000051300,0,0,0,0,5,3,0.0,18
652012,CR-0000051282,0,0,0,0,5,5,365.0,21
652013,CR-0000049913,0,1,0,0,5,3,0.0,20
652017,CR-0000048632,0,0,0,0,5,6,10.0,10
652018,CR-0000033889,1,0,0,0,0,3,300.0,17
652023,CR-0000048623,0,0,0,0,5,0,0.0,14
652024,CR-0000048607,0,0,1,0,5,5,0.0,20
652025,CR-0000061894,0,0,0,0,5,1,200.0,20
652026,CR-0000062180,0,0,0,0,5,0,0.0,22
652035,CR-0000044727,0,0,0,0,4,3,0.0,5
652036,CR-0000044374,0,2,0,0,5,1,0.0,10
652037,CR-0000039841,0,0,0,0,5,6,0.0,18
652038,CR-0000036278,0,0,0,0,5,5,0.0,10
652039,CR-0000036269,0,0,0,0,4,3,55.0,22
652047,CR-0000051420,1,0,0,0,5,3,93.0,21
652048,CR-0000051385,2,0,0,0,5,5,21.0,12
652049,CR-0000054622,1,0,0,0,5,2,107.0,1
652050,CR-0000050929,0,0,0,0,5,3,98.0,4
652051,CR-0000049760,0,0,0,0,5,5,0.0,16
652052,CR-0000046524,0,1,1,0,5,0,0.0,16
652053,CR-0000039707,2,0,0,0,4,0,0.0,9
652054,CR-0000046658,0,0,0,0,5,6,45.0,9
652061,CR-0000033407,0,0,0,0,5,3,0.0,21
652068,CR-0000034998,1,0,0,0,5,3,0.0,17
652069,CR-0000034989,0,0,0,0,5,3,0.0,22
652070,CR-0000032499,2,0,0,0,5,3,0.0,16
652071,CR-0000033442,1,0,0,0,5,5,20.0,14
652072,CR-0000033939,1,0,0,0,5,0,0.0,20
652073,CR-0000033435,0,0,0,0,5,0,0.0,9
652074,CR-0000033400,0,0,0,0,5,0,0.0,1
652075,CR-0000051411,0,0,0,0,5,1,0.0,8
652076,CR-0000051386,0,0,0,0,5,5,50.0,16
652077,CR-0000051363,0,0,0,0,4,1,0.0,7
652078,CR-0000050913,0,0,0,0,5,3,180.0,20
652079,CR-0000055570,0,1,0,0,5,2,0.0,15
652080,CR-0000039706,2,0,0,0,5,3,0.0,9
652081,CR-0000039291,2,0,0,0,5,0,0.0,11
652082,CR-0000040424,0,0,0,0,5,3,282.0,23
652083,CR-0000061965,0,0,0,0,5,1,96.0,13
652084,CR-0000062018,0,0,0,0,5,5,182.0,13
652085,CR-0000062196,0,0,0,0,5,5,0.0,16
652091,CR-0000051298,0,0,0,0,5,3,0.0,17
652107,CR-0000051320,0,0,0,0,4,3,219.0,7
652108,CR-0000051451,0,0,1,0,5,6,814.0,15
652109,CR-0000050899,1,0,0,0,4,0,0.0,0
652110,CR-0000049694,0,0,0,0,5,3,20.0,7
652111,CR-0000051482,1,1,0,0,5,1,335.0,17
652112,CR-0000051365,1,0,0,0,5,3,0.0,0
652113,CR-0000051354,0,1,0,0,3,3,102.0,15
652127,CR-0000044491,1,0,0,0,5,6,75.0,11
652128,CR-0000044704,0,0,0,0,5,3,0.0,12
652129,CR-0000036177,0,0,0,0,4,3,0.0,16
652130,CR-0000035875,1,0,0,0,5,0,0.0,15
652131,CR-0000036337,0,0,0,0,5,5,30.0,18
652142,CR-0000036167,2,0,0,0,4,5,0.0,22
652143,CR-0000036421,0,0,0,0,5,3,200.0,21
652144,CR-0000036245,0,0,0,0,5,5,72.0,9
652145,CR-0000036352,0,0,0,0,4,5,0.0,9
652147,CR-0000046739,1,0,0,0,5,3,0.0,7
652148,CR-0000050970,0,0,0,0,4,5,0.0,15
652151,CR-0000051598,0,0,0,0,5,5,0.0,6
652152,CR-0000040658,0,0,0,0,5,3,0.0,20
652153,CR-0000039709,0,0,0,0,5,5,100.0,13
652154,CR-0000032497,0,0,0,0,4,0,0.0,19
652155,CR-0000033241,4,0,0,0,5,0,0.0,12
652156,CR-0000033225,1,0,0,0,0,3,0.0,15
652157,CR-0000033500,0,0,0,0,5,5,0.0,8
652158,CR-0000036271,0,0,0,0,5,3,165.0,23
652160,CR-0000032481,0,1,0,0,5,3,200.0,13
652161,CR-0000036292,0,0,0,0,4,3,0.0,20
652162,CR-0000033465,1,0,0,0,5,5,60.0,20
652163,CR-0000033651,0,0,0,0,0,3,0.0,17
652164,CR-0000032437,1,0,0,0,4,3,40.0,23
652165,CR-0000032415,0,0,0,0,4,1,0.0,7
652166,CR-0000033375,0,0,0,0,5,3,320.0,19
652167,CR-0000033359,0,1,0,0,4,3,0.0,18
652168,CR-0000038623,0,0,0,0,5,0,0.0,17
652169,CR-0000034022,1,0,0,0,0,3,35.0,15
652170,CR-0000046824,0,0,0,0,5,3,0.0,3
652171,CR-0000040663,0,0,1,0,4,3,0.0,17
652172,CR-0000040593,0,0,0,0,5,3,360.0,17
652173,CR-0000051338,1,0,0,0,5,0,0.0,9
652174,CR-0000033182,1,0,0,0,5,0,0.0,12
652175,CR-0000052036,0,0,0,0,5,3,305.0,18
652176,CR-0000051045,1,0,0,0,4,5,0.0,6
652177,CR-0000040438,0,1,0,0,5,0,0.0,16
652178,CR-0000051120,0,0,0,0,5,5,308.0,13
652184,CR-0000049863,0,0,0,0,5,3,300.0,7
652185,CR-0000044470,0,0,0,0,5,3,0.0,16
652186,CR-0000045999,0,1,0,0,5,0,0.0,19
652187,CR-0000051498,1,0,0,0,5,3,0.0,20
652188,CR-0000045884,0,0,0,0,4,5,0.0,16
652189,CR-0000045866,0,0,0,0,4,3,0.0,20
652190,CR-0000037085,0,0,0,0,4,0,0.0,14
652191,CR-0000033895,2,0,0,0,5,3,180.0,12
652196,CR-0000044736,0,0,0,0,4,3,0.0,15
652197,CR-0000046763,1,0,0,0,5,0,600.0,12
652198,CR-0000033796,0,0,0,0,4,3,0.0,8
652199,CR-0000033748,1,0,0,0,5,3,37.0,14
652200,CR-0000032161,1,0,0,0,4,3,0.0,2
652201,CR-0000032613,1,0,0,0,4,3,0.0,7
652202,CR-0000035080,0,0,0,0,5,0,0.0,7
652203,CR-0000033267,0,0,0,0,5,3,0.0,16
652204,CR-0000046721,0,0,0,0,4,5,0.0,19
652205,CR-0000046531,0,0,0,0,5,3,0.0,17
652206,CR-0000034966,1,0,0,0,5,1,0.0,19
652207,CR-0000037571,0,0,0,0,5,5,150.0,18
652208,CR-0000035182,0,0,0,0,5,0,0.0,10
652209,CR-0000046584,1,0,0,0,5,0,0.0,10
652210,CR-0000051552,0,0,0,0,5,5,36.0,11
652219,CR-0000049921,1,0,0,0,5,1,0.0,6
652220,CR-0000049919,0,0,0,0,4,3,0.0,10
652221,CR-0000046665,3,0,0,0,5,0,0.0,20
652222,CR-0000049218,0,0,0,0,5,3,0.0,19
652223,CR-0000049703,0,0,0,0,5,3,168.0,16
652224,CR-0000049059,0,0,0,0,5,3,235.0,8
652226,CR-0000033159,0,0,0,0,5,0,300.0,13
652227,CR-0000035030,0,0,0,0,5,3,0.0,6
652228,CR-0000035064,1,0,0,0,5,1,0.0,21
652229,CR-0000034566,0,1,0,0,3,3,0.0,0
652233,CR-0000046940,0,1,1,0,5,3,0.0,21
652234,CR-0000051549,0,0,0,0,5,0,44.0,13
652235,CR-0000040470,0,0,0,0,5,0,0.0,18
652236,CR-0000051011,1,0,0,0,5,1,0.0,14
652237,CR-0000042349,0,0,0,0,5,5,0.0,17
652238,CR-0000050373,0,1,0,0,0,3,10.0,9
652239,CR-0000051527,0,0,0,0,5,5,40.0,23
652245,CR-0000036601,1,0,0,0,4,5,560.0,17
652246,CR-0000036041,0,0,0,0,4,5,0.0,12
652250,CR-0000049108,0,0,0,0,5,3,420.0,23
652251,CR-0000037596,0,0,0,0,5,0,0.0,11
652252,CR-0000033207,1,0,0,0,5,5,0.0,2
652253,CR-0000036585,1,1,1,0,5,0,0.0,16
652254,CR-0000051123,1,0,0,0,5,1,0.0,16
652255,CR-0000051112,0,0,0,0,5,3,31.0,19
652256,CR-0000051111,0,1,0,0,5,3,383.0,19
652257,CR-0000051108,1,0,0,0,5,0,0.0,14
652258,CR-0000051018,0,0,0,0,4,3,0.0,23
652259,CR-0000050054,0,0,0,0,5,5,0.0,0
652260,CR-0000032751,0,0,0,0,5,3,0.0,23
652261,CR-0000051050,0,0,0,0,5,3,317.0,2
652262,CR-0000051129,0,0,0,0,5,5,0.0,11
652263,CR-0000051079,0,1,0,0,5,0,0.0,19
652264,CR-0000040406,0,1,0,0,5,5,0.0,14
652265,CR-0000050684,0,0,0,0,5,3,365.0,20
652266,CR-0000033650,1,0,0,0,5,5,35.0,10
652267,CR-0000033357,0,0,0,0,4,5,0.0,23
652268,CR-0000039818,1,0,0,0,4,3,0.0,8
652269,CR-0000036362,2,0,0,0,4,0,0.0,13
652270,CR-0000033609,0,0,0,0,5,3,0.0,1
652271,CR-0000036023,0,1,0,0,5,3,0.0,6
652272,CR-0000050089,0,0,0,0,5,0,30.0,9
652273,CR-0000050073,0,0,0,0,4,6,100.0,8
652274,CR-0000051245,4,0,0,0,5,5,122.0,22
652275,CR-0000050298,1,0,0,0,5,5,42.0,8
652276,CR-0000050291,0,0,0,0,5,5,30.0,22
652277,CR-0000046683,0,0,0,0,5,5,120.0,10
652278,CR-0000049839,1,0,0,0,5,3,0.0,8
652279,CR-0000050255,0,1,0,0,5,3,319.0,15
652283,CR-0000040499,1,0,0,0,5,5,528.0,12
652284,CR-0000050686,0,1,0,0,3,3,510.0,22
652285,CR-0000051009,0,0,0,0,4,3,0.0,22
652286,CR-0000051528,1,1,0,0,5,5,0.0,23
652292,CR-0000049120,1,0,0,0,5,5,36.0,18
652293,CR-0000051413,1,0,0,0,5,0,30.0,11
652294,CR-0000044717,0,0,0,0,5,0,0.0,21
652295,CR-0000045957,3,0,0,0,4,5,0.0,19
652296,CR-0000037094,1,0,0,0,5,5,42.0,13
652297,CR-0000034907,0,0,0,0,4,3,0.0,22
652298,CR-0000036195,0,0,0,0,4,3,0.0,10
652299,CR-0000040447,0,1,0,0,5,3,0.0,21
652300,CR-0000051143,0,0,0,0,5,5,0.0,9
652301,CR-0000040538,2,0,0,0,5,6,0.0,10
652302,CR-0000050700,0,0,0,0,4,3,0.0,7
652303,CR-0000039289,0,0,1,0,3,3,0.0,0
652304,CR-0000050996,0,0,0,0,4,5,0.0,14
652305,CR-0000040276,1,0,0,0,5,3,0.0,19
652306,CR-0000046806,0,0,0,0,5,1,50.0,1
652307,CR-0000040509,0,0,0,0,5,3,0.0,14
652311,CR-0000049741,0,0,0,0,4,1,0.0,0
652316,CR-0000051481,0,0,0,0,5,5,90.0,18
652317,CR-0000041566,1,1,0,0,5,3,0.0,2
652325,CR-0000050761,0,1,0,0,5,3,0.0,18
652326,CR-0000045997,0,0,0,0,5,3,694.0,16
652327,CR-0000046723,0,0,0,0,5,3,270.0,0
652328,CR-0000046717,1,0,0,0,5,3,0.0,15
652329,CR-0000049964,0,1,0,0,0,3,27.0,20
652330,CR-0000049761,1,0,0,0,5,5,0.0,18
652331,CR-0000036219,1,0,0,0,5,5,30.0,7
652332,CR-0000035350,0,0,0,0,4,3,0.0,8
652333,CR-0000035314,0,0,0,0,5,3,0.0,23
652334,CR-0000034894,0,0,0,0,5,3,30.0,7
652335,CR-0000039742,0,0,0,0,5,3,0.0,21
652336,CR-0000037530,1,3,0,0,5,0,0.0,20
652337,CR-0000050725,1,0,0,0,5,5,0.0,10
652338,CR-0000059238,1,0,0,0,5,2,614.0,3
652339,CR-0000046638,0,0,0,0,5,3,25.0,20
652340,CR-0000040425,0,0,0,0,4,3,0.0,10
652344,CR-0000039741,0,0,0,0,5,0,0.0,20
652345,CR-0000037560,0,0,0,0,4,5,0.0,19
652346,CR-0000044922,0,0,0,0,5,0,0.0,16
652347,CR-0000046790,0,0,0,0,5,0,302.0,9
652348,CR-0000053016,1,0,0,0,5,3,400.0,21
652349,CR-0000046708,0,0,0,0,4,1,0.0,20
652350,CR-0000049782,1,0,0,0,5,5,0.0,15
652351,CR-0000049757,0,0,0,0,5,3,30.0,14
652352,CR-0000044812,0,0,0,0,5,3,0.0,17
652353,CR-0000051349,0,0,0,0,4,5,0.0,10
652354,CR-0000050390,2,0,0,0,5,5,25.0,7
652355,CR-0000050656,0,1,0,0,5,3,90.0,15
652356,CR-0000044690,0,0,0,0,4,5,0.0,9
652357,CR-0000050302,0,0,0,0,5,3,170.0,11
652358,CR-0000050281,0,1,0,0,5,3,116.0,10
652362,CR-0000051006,1,0,0,0,5,5,48.0,19
652363,CR-0000050375,0,0,0,0,5,5,291.0,11
652364,CR-0000051234,0,0,0,0,5,3,315.0,6
652365,CR-0000051293,3,0,0,0,5,0,0.0,14
652369,CR-0000051336,2,0,1,1,4,1,0.0,19
652370,CR-0000051486,0,0,0,0,5,3,37.0,23
652371,CR-0000040797,2,0,0,0,6,0,0.0,22
652372,CR-0000050837,0,1,0,0,5,3,0.0,7
652373,CR-0000049786,0,0,0,0,5,5,34.0,17
652374,CR-0000050993,0,0,0,0,5,0,10.0,23
652375,CR-0000039260,0,0,0,0,4,0,0.0,8
652376,CR-0000051052,0,0,0,0,5,3,169.0,8
652377,CR-0000051200,1,0,0,0,5,3,95.0,19
652378,CR-0000033073,1,0,0,0,5,3,150.0,18
652379,CR-0000035198,0,0,0,0,5,3,0.0,14
652380,CR-0000033367,0,0,0,0,4,5,0.0,15
652381,CR-0000035005,0,0,0,0,5,5,0.0,11
652385,CR-0000049680,1,0,0,0,5,3,97.0,12
652386,CR-0000050859,1,0,0,0,5,0,0.0,11
652387,CR-0000040697,0,0,0,0,5,3,0.0,19
652388,CR-0000044926,1,0,0,0,4,0,0.0,19
652389,CR-0000049675,1,0,0,0,5,5,27.0,7
652390,CR-0000049884,0,0,0,0,5,5,10.0,18
652391,CR-0000040681,0,0,0,0,5,3,0.0,18
652392,CR-0000050843,0,0,0,0,5,0,100.0,15
652393,CR-0000045864,1,0,0,0,5,5,0.0,23
652394,CR-0000050995,0,0,0,0,5,1,0.0,23
652395,CR-0000050977,0,0,0,0,5,3,4.0,1
652396,CR-0000050975,0,0,0,0,6,0,0.0,14
652397,CR-0000050961,0,0,0,0,5,6,0.0,7
652399,CR-0000051315,0,0,0,0,5,1,0.0,2
652400,CR-0000045897,2,0,0,0,5,3,0.0,15
652401,CR-0000046703,0,0,0,0,5,3,205.0,19
652402,CR-0000049763,1,0,0,0,5,5,36.0,21
652403,CR-0000033423,0,0,0,0,1,3,186.0,15
652404,CR-0000033291,0,0,0,0,5,0,0.0,21
652405,CR-0000034896,0,0,0,0,4,5,0.0,17
652406,CR-0000039752,0,1,0,0,5,0,0.0,15
652407,CR-0000036353,3,0,0,0,5,0,300.0,19
652408,CR-0000037475,0,0,0,0,5,6,27.0,8
652409,CR-0000051145,1,0,0,0,5,5,100.0,16
652412,CR-0000033282,0,0,0,0,5,6,300.0,19
652413,CR-0000033920,1,0,0,0,5,3,0.0,15
652414,CR-0000033643,1,0,0,0,5,3,0.0,9
652415,CR-0000032338,1,0,0,0,4,5,60.0,15
652416,CR-0000035023,2,1,0,0,5,1,0.0,22
652417,CR-0000033614,0,0,0,0,4,6,0.0,14
652418,CR-0000044769,0,0,0,0,4,3,0.0,9
652419,CR-0000040445,0,0,0,0,5,3,51.0,20
652420,CR-0000037087,0,0,0,0,4,1,0.0,9
652421,CR-0000036596,1,0,0,0,5,5,30.0,11
652422,CR-0000037532,0,0,0,0,5,3,59.0,1
652423,CR-0000037101,0,0,0,0,4,0,0.0,8
652424,CR-0000051034,0,0,0,0,4,3,0.0,23
652425,CR-0000051021,2,0,0,0,5,0,0.0,14
652426,CR-0000051086,1,0,0,0,5,3,303.0,1
652427,CR-0000051068,0,0,2,0,5,3,0.0,2
652428,CR-0000037078,0,0,0,0,4,3,0.0,19
652429,CR-0000037069,5,0,0,0,5,1,0.0,15
652430,CR-0000036237,1,0,0,0,5,3,0.0,19
652431,CR-0000039736,0,0,0,0,5,5,300.0,13
652432,CR-0000039718,0,0,1,0,5,3,0.0,18
652433,CR-0000034964,2,0,0,0,5,5,20.0,13
652434,CR-0000035046,0,0,0,0,4,3,0.0,12
652435,CR-0000035157,0,0,0,0,4,5,0.0,20
652436,CR-0000040440,0,0,0,0,5,5,0.0,17
652437,CR-0000050658,0,0,0,0,5,0,0.0,16
652438,CR-0000058541,0,0,0,1,3,8,79.0,23
652439,CR-0000050602,0,1,0,0,5,3,150.0,8
652440,CR-0000047225,0,1,0,0,0,3,183.0,16
652441,CR-0000051229,0,0,0,0,4,3,0.0,8
652442,CR-0000051286,0,0,0,0,5,3,275.0,22
652443,CR-0000051268,0,0,0,0,4,3,0.0,21
652444,CR-0000049714,1,0,0,0,0,3,0.0,7
652445,CR-0000051024,1,0,0,0,5,1,0.0,19
652446,CR-0000040497,3,0,0,0,4,1,0.0,8
652447,CR-0000046675,0,1,0,0,5,5,0.0,8
652448,CR-0000049807,5,0,0,0,5,5,10.0,18
652449,CR-0000051061,0,1,0,0,5,3,76.0,18
652450,CR-0000050566,0,0,0,0,4,3,226.0,3
652451,CR-0000040466,0,0,0,0,5,3,250.0,11
652452,CR-0000049749,0,1,0,0,0,3,10.0,18
652453,CR-0000044344,2,1,0,0,5,0,0.0,9
652454,CR-0000049812,1,1,0,0,5,0,0.0,22
652458,CR-0000050357,0,0,0,0,3,3,0.0,8
652459,CR-0000052406,0,0,1,0,3,3,0.0,18
652460,CR-0000051479,2,0,0,0,4,0,0.0,17
652461,CR-0000051461,1,0,0,0,5,5,114.0,12
652462,CR-0000040665,0,0,0,0,4,3,0.0,15
652463,CR-0000047372,1,0,1,0,5,3,0.0,2
652464,CR-0000050927,0,0,0,0,5,3,0.0,21
652465,CR-0000044747,0,0,0,0,5,5,0.0,18
652466,CR-0000044479,0,0,0,0,5,3,35.0,17
652467,CR-0000044588,1,0,0,0,0,3,0.0,17
652468,CR-0000045886,0,0,0,0,4,3,0.0,7
652469,CR-0000053017,0,0,0,0,5,3,21.0,21
652470,CR-0000044386,0,0,0,0,4,1,0.0,16
652472,CR-0000033341,0,0,0,0,5,0,0.0,12
652473,CR-0000049957,1,0,0,0,5,5,35.0,9
652474,CR-0000040415,0,0,0,0,5,3,0.0,16
652475,CR-0000045773,1,0,0,0,5,3,200.0,10
652476,CR-0000040520,1,0,0,0,4,3,0.0,7
652477,CR-0000037421,2,3,0,0,5,1,0.0,20
652478,CR-0000037636,0,0,0,0,5,3,69.0,4
652479,CR-0000035159,0,0,0,0,4,1,0.0,13
652480,CR-0000037512,2,0,0,0,5,0,0.0,15
652481,CR-0000045833,0,0,0,0,4,6,0.0,21
652482,CR-0000066451,0,1,1,0,5,2,100.0,0
652485,CR-0000036176,0,0,0,0,4,0,0.0,15
652486,CR-0000035873,1,0,0,0,0,3,0.0,14
652487,CR-0000032572,1,0,0,0,5,3,0.0,10
652498,CR-0000044938,2,2,0,0,5,5,48.0,13
652499,CR-0000033498,0,0,0,0,6,3,0.0,14
652500,CR-0000035900,1,0,0,0,5,3,0.0,18
652501,CR-0000062107,0,1,0,0,0,0,28.0,21
652502,CR-0000062072,0,0,0,0,5,0,0.0,13
652503,CR-0000062002,0,0,1,0,3,8,0.0,23
652504,CR-0000062247,0,1,0,0,5,0,0.0,12
652505,CR-0000061959,0,0,0,0,4,3,0.0,13
652514,CR-0000061911,1,0,0,0,5,5,0.0,17
652515,CR-0000062020,1,0,0,0,5,5,0.0,17
652516,CR-0000062066,0,0,0,0,5,5,300.0,1
652517,CR-0000062063,1,0,0,0,5,1,0.0,18
652518,CR-0000051193,0,0,0,0,4,3,0.0,8
652519,CR-0000040486,0,0,0,0,4,5,0.0,23
652520,CR-0000045831,0,0,0,0,5,5,0.0,23
652521,CR-0000066992,1,0,1,0,5,3,289.0,1
652522,CR-0000035100,0,0,0,0,5,0,50.0,17
652523,CR-0000035098,0,1,0,0,0,3,0.0,8
652524,CR-0000034583,0,0,0,0,5,3,150.0,10
652529,CR-0000050575,1,0,0,0,5,0,0.0,16
652533,CR-0000032694,0,0,0,0,4,0,0.0,2
652534,CR-0000050080,1,0,0,0,5,1,0.0,17
652535,CR-0000062120,0,0,0,0,5,5,50.0,12
652536,CR-0000062097,1,0,0,0,5,0,0.0,15
652537,CR-0000061943,1,0,0,0,5,0,0.0,18
652544,CR-0000044735,0,0,0,0,0,3,0.0,18
652545,CR-0000044651,1,0,0,0,5,3,0.0,13
652546,CR-0000061934,0,0,0,0,5,5,252.0,2
652547,CR-0000062245,0,1,0,0,0,0,0.0,11
652548,CR-0000061912,0,0,0,0,5,5,33.0,20
652549,CR-0000062213,1,0,0,0,5,1,200.0,21
652550,CR-0000062211,2,0,0,0,5,5,40.0,19
652551,CR-0000062127,0,1,1,0,5,0,0.0,20
652554,CR-0000035891,0,0,0,0,4,3,0.0,8
652555,CR-0000062105,0,0,0,1,5,8,450.0,20
652556,CR-0000061949,0,0,0,0,5,5,15.0,1
652557,CR-0000062077,0,1,0,0,5,1,0.0,17
652558,CR-0000061993,0,0,0,0,5,0,0.0,9
652559,CR-0000050285,1,0,0,0,5,6,82.0,15
652560,CR-0000068636,1,0,0,0,5,6,200.0,23
652569,CR-0000051312,0,0,0,0,5,3,0.0,1
652570,CR-0000051402,0,0,0,0,5,1,157.0,15
652571,CR-0000049698,0,2,0,0,5,1,0.0,9
652572,CR-0000049684,0,0,0,0,5,3,0.0,17
652573,CR-0000050868,0,0,0,0,5,3,69.0,0
652574,CR-0000051360,0,0,0,0,4,3,0.0,23
652575,CR-0000046785,0,0,0,0,5,3,750.0,18
652588,CR-0000046510,0,0,0,0,5,0,0.0,17
652589,CR-0000051324,1,0,0,0,4,0,0.0,18
652590,CR-0000051439,2,0,0,0,5,0,0.0,13
652591,CR-0000050870,0,0,0,0,5,5,0.0,8
652592,CR-0000050861,1,0,0,0,0,3,122.0,13
652593,CR-0000059410,1,0,1,0,5,2,0.0,0
652594,CR-0000050818,0,0,0,0,5,0,144.0,19
652595,CR-0000050816,0,0,0,0,5,5,0.0,16
652596,CR-0000050911,1,0,0,0,5,5,50.0,17
652599,CR-0000044358,0,0,0,0,5,3,180.0,6
652600,CR-0000044940,0,3,0,0,5,3,1011.0,16
652601,CR-0000044733,0,0,0,0,5,3,149.0,20
652602,CR-0000044609,0,0,0,0,5,3,30.0,18
652603,CR-0000044602,0,0,0,0,4,3,0.0,15
652614,CR-0000051404,0,0,0,0,4,3,0.0,0
652615,CR-0000049673,0,0,0,0,4,3,0.0,20
652616,CR-0000049654,2,0,0,0,5,3,279.0,23
652617,CR-0000050838,1,0,0,0,5,5,125.0,9
652618,CR-0000050793,0,0,0,0,5,3,120.0,3
652619,CR-0000045981,1,0,0,0,5,1,0.0,20
652620,CR-0000049607,1,0,0,0,5,3,528.0,9
652621,CR-0000039748,1,1,0,0,5,5,500.0,8
652622,CR-0000033236,0,0,1,0,4,3,0.0,17
652623,CR-0000036105,0,1,0,0,5,3,0.0,23
652624,CR-0000033153,0,0,0,0,5,1,147.0,16
652625,CR-0000039267,0,0,0,0,5,6,0.0,15
652626,CR-0000040252,0,0,0,0,4,6,0.0,15
652627,CR-0000046582,0,0,0,0,5,3,115.0,1
652628,CR-0000052945,1,1,0,0,5,5,0.0,0
652629,CR-0000051020,0,0,0,0,5,3,107.0,4
652630,CR-0000040468,0,0,0,0,5,3,10.0,16
652631,CR-0000051539,1,0,0,0,5,5,60.0,18
652632,CR-0000046574,0,0,0,0,5,3,0.0,23
652633,CR-0000051077,0,1,0,0,5,5,78.0,16
652634,CR-0000051058,0,0,0,0,4,3,0.0,19
652635,CR-0000050287,0,0,0,0,5,1,0.0,19
652644,CR-0000049898,0,0,0,0,5,0,0.0,12
652645,CR-0000049895,0,0,0,0,5,3,109.0,2
652646,CR-0000049878,1,1,0,0,5,3,118.0,10
652647,CR-0000049860,0,0,0,0,4,3,99.0,1
652648,CR-0000045847,0,0,0,0,5,3,0.0,23
652649,CR-0000051508,0,0,0,0,4,3,52.0,1
652650,CR-0000046677,1,0,0,0,4,3,0.0,9
652651,CR-0000061539,0,1,1,0,5,2,126.0,4
652655,CR-0000050693,0,1,0,0,5,3,7.0,10