CrashFactId,Name,MinorInjuries,ModerateInjuries,SevereInjuries,FatalInjuries,PrimaryCollisionFactor_Code,CollisionType_Code,Distance,CrashTime
665347,CR-0000065078,0,0,0,0,5,5,50.0,22
665348,CR-0000065076,1,0,0,0,5,0,210.0,18
665349,CR-0000064847,2,0,0,0,5,0,0.0,0
665350,CR-0000069250,2,0,0,0,5,5,33.0,12
665351,CR-0000069245,0,0,0,0,5,2,305.0,3
665352,CR-0000035353,0,1,0,0,4,0,0.0,15
665353,CR-0000046818,0,1,0,0,5,3,189.0,18
665354,CR-0000040860,0,0,0,0,4,1,0.0,19
665355,CR-0000046912,0,0,0,0,4,5,250.0,8
665356,CR-0000041437,0,1,0,0,5,5,431.0,10
665357,CR-0000064598,0,0,0,0,5,1,125.0,4
665358,CR-0000068586,1,0,0,0,5,6,75.0,20
665359,CR-0000046655,0,0,0,0,4,3,0.0,23
665360,CR-0000052305,0,0,0,0,5,3,250.0,10
665361,CR-0000052586,0,0,0,0,4,3,35.0,8
665362,CR-0000040622,2,0,0,0,5,0,0.0,8
665363,CR-0000064127,1,0,0,0,5,5,87.0,20
665364,CR-0000068404,1,0,0,0,5,2,528.0,15
665365,CR-0000068559,2,0,0,0,5,0,0.0,0
665366,CR-0000064553,0,0,0,0,5,6,60.0,14
665367,CR-0000068726,0,0,0,0,5,0,0.0,13
665368,CR-0000064434,1,0,0,0,5,8,0.0,8
665369,CR-0000064512,1,0,0,0,0,7,0.0,0
665370,CR-0000064425,1,0,0,0,5,5,0.0,17
665371,CR-0000068857,1,0,0,0,5,6,223.0,21
665372,CR-0000040909,0,0,0,0,5,3,470.0,20
665373,CR-0000051869,0,1,0,0,3,3,0.0,11
665374,CR-0000051983,0,0,0,0,5,3,0.0,9
665375,CR-0000035461,0,0,0,0,5,3,0.0,17
665376,CR-0000052001,0,0,0,0,4,3,115.0,9
665377,CR-0000041375,0,0,0,0,4,3,0.0,23
665378,CR-0000041354,0,0,0,0,4,1,0.0,22
665379,CR-0000069002,1,0,0,0,0,7,25.0,10
665380,CR-0000064535,0,0,0,0,5,5,30.0,12
665381,CR-0000064630,0,1,0,0,5,8,0.0,2
665382,CR-0000069153,0,1,0,0,2,3,0.0,1
665383,CR-0000064876,0,0,0,0,5,0,0.0,12
665384,CR-0000039131,2,0,0,0,5,0,0.0,12
665385,CR-0000039130,0,0,0,0,5,3,0.0,12
665386,CR-0000038797,0,0,0,0,4,3,100.0,1
665387,CR-0000039400,0,0,0,0,4,3,0.0,16
665388,CR-0000039095,0,0,0,0,5,3,0.0,18
665389,CR-0000040319,0,1,0,0,5,3,0.0,23
665390,CR-0000040078,3,0,0,0,5,0,0.0,22
665391,CR-0000064908,0,0,0,0,5,5,45.0,22
665392,CR-0000069182,0,0,1,0,0,7,126.0,22
665393,CR-0000064903,0,0,0,0,5,0,0.0,19
665394,CR-0000064869,0,0,0,0,5,6,27.0,2
665395,CR-0000069428,0,0,0,0,5,5,129.0,17
665396,CR-0000069411,0,1,0,0,5,0,0.0,8
665397,CR-0000065087,1,0,0,0,5,5,0.0,12
665398,CR-0000039388,0,0,0,0,5,3,0.0,21
665399,CR-0000041045,1,0,0,0,5,3,0.0,20
665400,CR-0000041034,0,0,0,0,4,5,0.0,15
665401,CR-0000052010,0,0,0,0,5,5,0.0,9
665402,CR-0000040900,0,0,0,0,5,3,317.0,2
665403,CR-0000040886,0,0,0,0,5,3,125.0,11
665404,CR-0000046946,0,1,0,0,5,0,0.0,2
665405,CR-0000046103,2,0,0,0,4,3,0.0,1
665406,CR-0000065163,0,0,0,0,5,6,0.0,20
665407,CR-0000069298,2,0,0,0,5,6,330.0,14
665408,CR-0000069430,1,0,0,0,5,8,0.0,19
665409,CR-0000069422,1,0,0,0,5,5,70.0,8
665410,CR-0000047255,0,0,0,0,4,3,60.0,11
665411,CR-0000052395,1,0,0,0,5,3,0.0,16
665412,CR-0000064119,0,1,1,0,4,1,90.0,6
665413,CR-0000039234,0,0,0,0,5,3,120.0,10
665414,CR-0000039315,0,0,0,0,4,5,0.0,19
665415,CR-0000046831,0,0,1,0,5,1,0.0,18
665416,CR-0000046830,0,1,0,0,4,3,167.0,18
665417,CR-0000046642,0,0,0,0,4,3,0.0,16
665418,CR-0000051721,0,0,0,0,5,0,0.0,14
665419,CR-0000051167,0,1,0,0,5,3,25.0,23
665420,CR-0000065069,1,0,0,0,5,0,0.0,11
665421,CR-0000064792,0,0,0,0,5,6,104.0,10
665422,CR-0000069248,1,0,0,0,5,0,330.0,10
665423,CR-0000069330,0,0,0,0,5,6,35.0,13
665424,CR-0000064785,0,0,0,0,5,6,0.0,23
665426,CR-0000041180,1,1,0,0,5,0,0.0,16
665427,CR-0000050533,1,0,0,0,5,5,9.0,19
665428,CR-0000040871,0,0,0,0,5,5,0.0,10
665429,CR-0000064389,1,0,1,0,5,1,0.0,17
665430,CR-0000068591,0,0,0,0,5,6,0.0,18
665431,CR-0000065307,0,0,0,0,5,2,30.0,16
665432,CR-0000064508,1,0,0,0,5,8,0.0,19
665435,CR-0000039195,0,1,0,0,5,3,0.0,20
665436,CR-0000039175,0,0,0,0,5,5,723.0,21
665437,CR-0000039170,0,0,0,0,5,5,1250.0,12
665438,CR-0000035148,0,0,0,0,5,5,0.0,11
665439,CR-0000040085,0,0,0,0,5,5,100.0,22
665440,CR-0000039865,0,0,1,0,5,3,160.0,13
665441,CR-0000050469,1,0,0,0,5,0,0.0,19
665442,CR-0000041230,1,0,0,0,4,0,0.0,21
665443,CR-0000041393,0,1,0,0,4,0,0.0,19
665444,CR-0000051985,1,0,0,0,5,3,189.0,12
665445,CR-0000051855,0,1,0,0,0,3,11.0,18
665446,CR-0000039198,0,0,0,0,5,3,100.0,1
665447,CR-0000035427,0,0,0,0,5,1,250.0,13
665448,CR-0000041094,0,0,0,0,5,3,78.0,18
665449,CR-0000069294,0,0,0,0,5,5,197.0,10
665450,CR-0000064810,1,0,0,0,5,7,0.0,11
665451,CR-0000065228,1,0,0,0,5,5,45.0,18
665452,CR-0000069522,0,0,0,0,5,5,0.0,19
665453,CR-0000069300,1,0,0,0,5,6,200.0,15
665454,CR-0000047137,0,0,0,0,4,3,38.0,20
665455,CR-0000040367,1,0,0,0,5,3,0.0,10
665456,CR-0000047115,0,0,0,0,5,1,121.0,19
665457,CR-0000052345,0,1,0,0,0,3,1476.0,16
665458,CR-0000047173,0,0,0,0,4,1,0.0,8
665459,CR-0000063902,0,1,0,0,5,8,800.0,19
665460,CR-0000063892,0,1,0,0,5,5,209.0,11
665461,CR-0000064135,1,0,0,0,5,0,0.0,3
665462,CR-0000068439,0,0,0,0,5,8,5.0,1
665463,CR-0000052602,0,0,0,0,5,3,282.0,2
665464,CR-0000051256,0,0,0,0,5,3,28.0,0
665465,CR-0000052573,0,0,0,0,5,0,0.0,16
665466,CR-0000069188,1,0,0,0,3,8,135.0,14
665467,CR-0000069175,0,1,0,0,5,6,43.0,17
665468,CR-0000069173,0,0,0,0,1,6,55.0,15
665469,CR-0000068987,0,0,0,0,5,0,0.0,13
665470,CR-0000068413,0,0,0,0,5,5,51.0,10
665471,CR-0000065101,0,0,0,0,5,6,78.0,23
665472,CR-0000064503,1,0,0,0,5,0,6.0,15
665473,CR-0000065067,0,1,0,0,3,8,0.0,8
665474,CR-0000065124,1,0,0,0,5,6,0.0,19
665475,CR-0000064796,1,0,0,0,5,5,12.0,14
665476,CR-0000069477,1,0,0,0,5,5,65.0,19
665477,CR-0000066207,2,0,0,0,5,0,0.0,11
665479,CR-0000051751,0,0,0,0,5,3,95.0,20
665480,CR-0000046649,0,0,0,0,5,5,40.0,12
665481,CR-0000046808,0,0,0,0,5,3,200.0,1
665482,CR-0000041021,0,0,0,0,5,3,644.0,5
665483,CR-0000046942,0,0,0,0,4,0,0.0,20
665484,CR-0000046926,0,0,0,0,5,3,40.0,0
665485,CR-0000041063,0,0,0,0,5,3,173.0,19
665486,CR-0000041078,0,0,0,0,5,5,0.0,16
665487,CR-0000041077,2,0,0,0,5,0,0.0,16
665488,CR-0000041053,1,0,0,0,5,3,0.0,6
665489,CR-0000068627,0,0,1,0,5,8,0.0,14
665490,CR-0000064578,0,0,0,0,5,6,25.0,22
665491,CR-0000052153,0,1,1,0,5,1,0.0,20
665492,CR-0000041248,0,0,0,0,5,3,0.0,0
665493,CR-0000051980,1,0,0,0,4,5,0.0,16
665494,CR-0000040580,0,0,0,1,5,3,0.0,17
665495,CR-0000035318,0,0,0,0,4,3,0.0,6
665496,CR-0000051628,0,0,0,0,5,3,84.0,0
665497,CR-0000051678,0,0,0,0,5,5,249.0,16
665498,CR-0000069447,2,0,0,0,5,0,0.0,12
665499,CR-0000064635,1,0,0,0,5,0,0.0,16
665500,CR-0000064763,0,1,1,0,3,8,0.0,17
665501,CR-0000035476,2,0,0,0,5,5,0.0,1
665502,CR-0000035406,0,0,0,0,5,5,0.0,17
665503,CR-0000046845,0,0,0,0,5,5,0.0,12
665504,CR-0000051809,1,0,0,0,5,0,280.0,17
665505,CR-0000051780,0,0,0,0,5,3,0.0,11
665506,CR-0000041612,1,0,0,0,5,5,0.0,15
665507,CR-0000045086,0,0,0,0,5,6,50.0,17
665508,CR-0000045081,1,0,0,0,5,1,0.0,9
665509,CR-0000041414,0,0,0,0,4,3,0.0,8
665510,CR-0000041407,0,0,0,0,5,3,117.0,21
665512,CR-0000068834,0,0,0,0,5,1,400.0,9
665514,CR-0000046835,0,0,0,0,4,3,0.0,18
665515,CR-0000052003,1,0,0,0,5,5,0.0,21
665516,CR-0000041603,1,0,0,0,5,0,220.0,7
665517,CR-0000040858,1,0,0,0,5,3,0.0,21
665518,CR-0000045088,1,0,0,0,5,3,0.0,23
665521,CR-0000064100,3,0,0,0,5,5,0.0,12
665522,CR-0000064077,1,0,0,0,5,0,0.0,13
665523,CR-0000063933,0,1,0,0,5,8,0.0,8
665526,CR-0000064746,1,0,0,0,5,5,876.0,18
665528,CR-0000069326,0,0,0,0,5,6,150.0,11
665529,CR-0000052507,0,0,0,0,5,1,0.0,13
665530,CR-0000052196,0,0,0,0,4,0,232.0,6
665531,CR-0000050813,1,0,0,0,5,5,48.0,13
665532,CR-0000045052,0,0,0,0,4,5,0.0,14
665533,CR-0000045034,0,0,0,0,5,3,80.0,21
665534,CR-0000045033,0,0,0,0,5,1,0.0,21
665535,CR-0000036329,1,1,0,0,5,0,0.0,15
665536,CR-0000064084,1,0,0,0,5,0,0.0,17
665537,CR-0000063944,0,0,0,0,5,5,176.0,9
665538,CR-0000063936,0,0,0,0,5,5,0.0,13
665539,CR-0000063911,1,0,0,0,5,5,228.0,16
665540,CR-0000064250,0,0,0,0,5,6,95.0,4
665541,CR-0000068852,0,0,0,0,5,0,0.0,13
665544,CR-0000041350,2,0,0,0,5,5,0.0,23
665545,CR-0000041534,0,0,0,0,5,3,350.0,7
665546,CR-0000041239,1,0,0,0,5,5,0.0,15
665547,CR-0000050947,1,0,0,0,5,3,65.0,12
665548,CR-0000045051,0,0,0,0,5,3,180.0,21
665549,CR-0000051880,1,0,0,0,5,3,0.0,10
665550,CR-0000041216,0,0,0,0,5,3,231.0,11
665551,CR-0000045063,0,0,0,0,5,3,0.0,3
665552,CR-0000064747,1,0,0,0,5,8,0.0,18
665553,CR-0000069177,1,0,0,0,1,0,0.0,18
665556,CR-0000041347,0,1,0,0,4,3,0.0,18
665557,CR-0000041343,0,0,0,0,5,5,0.0,15
665558,CR-0000041323,0,0,0,0,5,6,50.0,16
665559,CR-0000064102,0,0,0,0,5,5,28.0,15
665560,CR-0000063934,1,0,0,0,5,5,74.0,11
665561,CR-0000046941,0,0,0,0,4,0,0.0,17
665562,CR-0000050337,0,0,0,0,3,3,0.0,7
665563,CR-0000041082,0,0,0,0,4,3,0.0,9
665564,CR-0000041435,0,0,0,0,4,5,0.0,11
665565,CR-0000063878,0,0,0,0,5,5,60.0,17
665566,CR-0000068634,2,0,0,0,5,5,0.0,22
665567,CR-0000068625,0,0,0,0,5,5,0.0,12
665568,CR-0000068431,1,0,0,0,5,0,0.0,8
665569,CR-0000063877,0,0,0,0,5,2,72.0,15
665570,CR-0000063867,1,0,0,0,5,8,0.0,8
665571,CR-0000068411,0,0,0,0,5,8,0.0,0
665572,CR-0000051963,0,0,0,0,5,3,300.0,9
665573,CR-0000035216,0,0,0,0,4,1,0.0,11
665574,CR-0000040198,0,0,0,0,5,3,0.0,0
665575,CR-0000040316,0,0,2,0,5,3,0.0,21
665576,CR-0000039863,1,0,0,0,5,5,0.0,8
665577,CR-0000041018,0,0,0,0,5,3,168.0,15
665578,CR-0000040890,1,0,0,0,5,5,0.0,19
665579,CR-0000041056,0,0,0,0,5,3,0.0,7
665580,CR-0000068641,0,0,0,0,5,2,160.0,17
665581,CR-0000068743,0,0,0,0,5,1,75.0,16
665582,CR-0000068487,0,0,0,0,5,5,210.0,18
665583,CR-0000046511,2,1,0,0,5,3,156.0,20
665584,CR-0000047339,0,0,0,0,4,3,0.0,0
665585,CR-0000047321,0,1,0,0,5,3,0.0,7
665586,CR-0000051578,0,0,0,0,5,6,1056.0,6
665587,CR-0000040482,0,1,0,0,4,3,0.0,18
665588,CR-0000042332,0,0,0,0,4,3,0.0,18
665591,CR-0000051441,0,1,0,0,5,5,75.0,16
665592,CR-0000064576,0,0,0,0,5,6,77.0,14
665593,CR-0000065347,1,0,0,0,5,0,0.0,9
665594,CR-0000065346,1,0,0,0,5,0,0.0,9
665595,CR-0000039496,0,0,0,0,5,3,0.0,21
665596,CR-0000068734,0,0,0,0,5,5,150.0,1
665597,CR-0000068709,0,0,0,0,5,6,64.0,17
665598,CR-0000064680,0,0,0,0,5,6,45.0,22
665599,CR-0000064243,0,0,0,0,5,5,0.0,15
665600,CR-0000064664,0,1,0,0,5,6,0.0,4
665601,CR-0000065139,1,0,0,0,5,5,39.0,19
665602,CR-0000064801,0,0,0,0,5,6,50.0,19
665603,CR-0000064753,3,0,0,0,5,0,0.0,8
665605,CR-0000046900,1,0,0,0,5,3,0.0,8
665606,CR-0000050949,0,1,0,0,4,3,0.0,13
665607,CR-0000045168,1,0,0,0,5,3,0.0,19
665608,CR-0000051898,0,0,0,0,5,3,315.0,20
665609,CR-0000064663,0,0,0,0,5,6,138.0,2
665610,CR-0000064629,0,0,0,0,5,5,30.0,23
665611,CR-0000064202,0,0,1,0,0,7,0.0,2
665612,CR-0000064200,0,0,0,0,5,0,0.0,0
665614,CR-0000041302,0,0,0,0,5,5,0.0,17
665615,CR-0000041336,0,0,0,0,5,3,0.0,4
665616,CR-0000041359,0,0,0,0,5,3,200.0,0
665617,CR-0000042307,1,0,0,0,5,3,45.0,11
665618,CR-0000069023,0,0,0,0,5,2,120.0,20
665619,CR-0000065349,0,0,0,0,5,5,100.0,13
665620,CR-0000068821,0,0,0,0,5,6,208.0,0
665621,CR-0000064530,1,0,0,0,5,0,0.0,0
665622,CR-0000064516,0,1,0,0,5,8,0.0,8
665623,CR-0000041450,1,0,0,0,5,3,0.0,11
665624,CR-0000039451,1,0,0,0,5,3,135.0,13
665625,CR-0000039430,0,0,0,0,5,5,0.0,12
665626,CR-0000039396,0,0,0,0,5,5,0.0,17
665627,CR-0000037652,0,0,0,0,4,3,0.0,14
665630,CR-0000041288,0,0,0,0,4,3,0.0,8
665631,CR-0000041286,1,0,0,0,5,5,0.0,23
665632,CR-0000041163,2,0,0,0,4,1,0.0,23
665633,CR-0000041111,2,0,0,0,5,1,0.0,18
665634,CR-0000041105,0,0,0,0,5,3,118.0,7
665635,CR-0000041254,0,0,0,0,5,0,600.0,15
665636,CR-0000037651,0,0,0,0,5,0,0.0,16
665637,CR-0000037600,0,0,0,0,5,3,150.0,1
665638,CR-0000040175,1,0,0,0,5,5,50.0,8
665639,CR-0000040174,1,0,0,0,5,1,0.0,8
665640,CR-0000040067,0,1,0,0,4,5,250.0,18
665641,CR-0000039887,0,0,0,0,4,0,0.0,18
665642,CR-0000051827,0,0,0,0,5,0,0.0,14
665643,CR-0000046838,0,0,0,0,4,1,0.0,16
665645,CR-0000041332,0,0,0,0,4,3,0.0,7
665646,CR-0000064726,1,0,0,0,5,8,0.0,13
665647,CR-0000069032,0,0,0,0,5,1,19.0,10
665648,CR-0000068817,0,0,0,0,5,6,0.0,19
665649,CR-0000039478,0,0,0,0,5,1,0.0,23
665650,CR-0000039460,0,0,0,0,5,3,0.0,0
665651,CR-0000039382,0,0,0,0,5,0,0.0,9
665652,CR-0000041322,1,0,0,0,5,1,217.0,16
665653,CR-0000041522,1,1,0,0,5,0,0.0,12
665654,CR-0000041363,0,0,0,0,5,5,0.0,10
665655,CR-0000040963,1,0,0,0,5,1,0.0,17
665656,CR-0000046960,0,0,0,0,4,5,232.0,17
665657,CR-0000039186,0,0,0,0,5,3,0.0,12
665658,CR-0000038793,1,0,0,0,5,3,0.0,10
665659,CR-0000039402,1,0,0,0,5,5,0.0,7
665660,CR-0000046864,2,0,0,0,5,5,640.0,19
665661,CR-0000041309,0,0,0,0,5,5,228.0,18
665662,CR-0000041538,1,1,0,0,5,3,81.0,17
665663,CR-0000051899,0,0,0,0,5,3,157.0,6
665664,CR-0000051873,0,0,0,0,4,5,0.0,20
665665,CR-0000041355,1,0,0,0,4,5,0.0,1
665667,CR-0000039384,0,0,1,0,0,3,0.0,14
665668,CR-0000038757,0,0,0,0,4,3,0.0,18
665669,CR-0000039329,1,0,0,0,5,1,30.0,21
665670,CR-0000046842,0,0,0,0,4,3,0.0,13
665671,CR-0000046828,0,0,0,0,5,5,0.0,16
665672,CR-0000046817,0,0,0,0,4,3,0.0,18
665673,CR-0000051811,0,0,0,0,5,5,0.0,19
665678,CR-0000068976,2,0,0,0,5,0,0.0,14
665679,CR-0000068961,1,0,0,0,5,5,15.0,9
665686,CR-0000041321,1,0,0,0,5,1,0.0,13
665687,CR-0000041319,1,0,0,0,0,0,0.0,8
665690,CR-0000050177,1,0,0,0,5,0,0.0,8
665691,CR-0000044989,0,0,0,0,4,3,150.0,15
665692,CR-0000041151,1,0,0,0,5,6,344.0,17
665693,CR-0000035269,0,0,0,0,5,0,0.0,18
665694,CR-0000065331,1,0,0,0,5,0,0.0,19
665695,CR-0000038860,0,0,1,0,3,3,0.0,22
665696,CR-0000037599,0,0,0,0,4,3,32.0,17
665697,CR-0000040168,0,0,0,0,5,0,0.0,5
665698,CR-0000037502,0,0,0,0,5,0,0.0,8
665699,CR-0000037516,1,0,0,0,5,5,0.0,17
665700,CR-0000039869,1,0,0,0,5,3,0.0,21
665701,CR-0000051842,0,0,0,0,5,3,0.0,20
665702,CR-0000064729,1,0,0,0,0,7,75.0,17
665703,CR-0000069179,0,0,0,0,5,0,0.0,18
665704,CR-0000068962,2,0,0,0,5,0,10.0,12
665705,CR-0000068960,0,1,0,0,5,6,15.0,8
665708,CR-0000041339,1,0,0,0,4,0,0.0,10
665709,CR-0000064758,0,0,0,0,5,0,0.0,12
665710,CR-0000040782,0,0,0,0,5,0,0.0,12
665711,CR-0000040755,0,1,0,0,2,3,404.0,19
665712,CR-0000037602,0,0,0,0,4,3,0.0,9
665713,CR-0000037585,1,0,0,0,5,3,210.0,8
665714,CR-0000041135,0,0,0,0,4,3,0.0,17
665715,CR-0000044964,0,0,0,0,5,0,0.0,16
665716,CR-0000040833,0,0,0,0,5,3,0.0,1
665717,CR-0000040815,0,0,0,0,5,3,0.0,13
665718,CR-0000046798,0,0,0,0,5,0,0.0,16
665719,CR-0000046742,0,0,0,0,5,3,27.0,10
665720,CR-0000051902,0,2,0,0,5,0,0.0,16
665721,CR-0000040922,1,0,0,0,5,3,85.0,11
665725,CR-0000041170,1,0,0,0,0,3,0.0,10
665726,CR-0000041152,0,0,0,0,5,3,189.0,18
665727,CR-0000041244,0,0,0,0,4,1,0.0,18
665728,CR-0000046161,0,0,0,0,4,1,0.0,7
665729,CR-0000051990,1,0,0,0,5,0,0.0,17
665730,CR-0000052111,1,0,0,0,5,3,124.0,22
665731,CR-0000041454,0,0,0,0,5,5,0.0,18
665732,CR-0000041402,0,0,0,0,5,5,0.0,16
665733,CR-0000039765,0,1,0,0,5,5,330.0,0
665734,CR-0000039598,0,0,0,0,5,0,0.0,5
665735,CR-0000051738,5,0,0,0,4,1,0.0,23
665736,CR-0000063977,0,1,0,0,5,8,0.0,0
665737,CR-0000068585,0,0,0,0,5,2,300.0,19
665738,CR-0000040990,0,0,0,0,4,3,0.0,0
665739,CR-0000040983,0,0,0,0,5,5,77.0,18
665740,CR-0000051862,0,0,0,0,4,3,0.0,14
665741,CR-0000039111,0,0,0,0,5,3,0.0,13
665742,CR-0000035447,0,0,0,0,4,3,0.0,0
665743,CR-0000035432,0,0,0,0,6,3,0.0,20
665744,CR-0000052037,0,1,0,0,5,3,0.0,19
665745,CR-0000053034,0,2,0,0,5,6,205.0,19
665746,CR-0000052550,0,0,0,0,4,0,20.0,10
665747,CR-0000038843,0,0,1,0,4,3,245.0,9
665748,CR-0000046826,1,0,0,0,5,5,0.0,16
665749,CR-0000051736,0,0,0,0,5,3,508.0,20
665750,CR-0000051674,1,0,0,0,5,3,0.0,8
665751,CR-0000041443,0,1,0,0,4,0,0.0,19
665752,CR-0000041415,0,0,0,0,4,5,0.0,8
665753,CR-0000041754,1,0,0,0,0,3,141.0,11
665754,CR-0000038693,0,0,0,0,4,3,150.0,18
665755,CR-0000039152,2,0,0,0,5,0,90.0,15
665756,CR-0000039202,0,0,0,0,6,0,0.0,2
665757,CR-0000038807,1,1,0,0,5,5,50.0,12
665758,CR-0000039193,2,0,0,0,5,0,60.0,18
665759,CR-0000068537,1,0,0,0,5,6,0.0,17
665766,CR-0000047371,1,0,0,0,5,3,335.0,1
665767,CR-0000040682,0,0,0,0,5,3,0.0,7
665768,CR-0000040671,0,1,0,0,5,3,0.0,9
665769,CR-0000040655,1,0,0,0,5,3,0.0,18
665770,CR-0000040823,0,0,0,0,5,1,0.0,11
665771,CR-0000040757,0,0,0,0,5,3,377.0,0
665772,CR-0000050962,0,0,0,0,4,3,75.0,10
665773,CR-0000039487,1,0,0,0,5,0,200.0,9
665774,CR-0000039485,0,1,0,0,5,3,250.0,4
665775,CR-0000046865,3,0,0,0,5,5,0.0,7
665776,CR-0000044962,0,0,0,0,5,5,0.0,11
665777,CR-0000041266,0,0,0,0,4,5,0.0,17
665778,CR-0000051944,0,0,1,0,3,3,88.0,5
665779,CR-0000041385,0,0,0,0,5,3,20.0,14
665780,CR-0000051967,0,0,0,0,5,1,0.0,12
665781,CR-0000051968,0,0,0,0,6,3,0.0,15
665782,CR-0000041202,0,0,0,0,5,3,200.0,19
665783,CR-0000041196,0,0,0,0,5,5,0.0,13
665784,CR-0000046895,0,0,0,0,4,5,0.0,2
665785,CR-0000050540,0,0,0,0,4,3,0.0,19
665786,CR-0000050505,1,0,0,0,3,3,8.0,13
665787,CR-0000051894,0,0,0,0,4,5,0.0,18
665788,CR-0000040982,0,0,0,0,5,5,0.0,17
665789,CR-0000051874,0,1,0,0,5,3,0.0,15
665790,CR-0000037551,0,0,0,0,5,3,36.0,1
665791,CR-0000039974,1,0,0,0,5,3,0.0,16
665792,CR-0000040000,0,0,0,0,5,3,30.0,5
665793,CR-0000040356,0,0,0,0,5,6,0.0,8
665794,CR-0000039886,0,1,0,0,5,3,15.0,17
665795,CR-0000039665,1,1,0,0,5,0,0.0,0
665796,CR-0000039792,1,0,0,0,5,1,0.0,18
665797,CR-0000039614,2,0,0,0,5,5,0.0,21
665798,CR-0000039114,1,0,0,0,5,3,40.0,15
665799,CR-0000039109,0,0,0,0,5,3,0.0,12
665800,CR-0000039184,0,0,0,0,5,5,20.0,9
665801,CR-0000035214,0,0,0,0,5,0,528.0,17
665802,CR-0000035134,0,0,0,0,5,3,0.0,0
665803,CR-0000038759,0,0,0,0,5,1,0.0,18
665804,CR-0000039368,2,0,0,0,5,3,100.0,20
665805,CR-0000041047,0,0,0,0,4,3,0.0,7
665806,CR-0000041040,0,0,0,0,4,3,57.0,15
665807,CR-0000041033,0,0,0,0,4,1,0.0,17
665808,CR-0000041006,1,0,0,0,5,6,200.0,12
665809,CR-0000040987,1,0,0,0,5,1,447.0,20
665810,CR-0000039791,1,0,0,0,5,3,0.0,18
665811,CR-0000039593,0,0,0,0,5,3,0.0,22
665812,CR-0000046576,0,0,0,0,4,0,180.0,14
665813,CR-0000052374,0,0,0,0,5,1,25.0,17
665814,CR-0000046565,0,1,0,0,0,3,0.0,7
665815,CR-0000052365,0,0,0,0,5,3,348.0,22
665816,CR-0000041864,0,0,0,0,5,1,334.0,11
665817,CR-0000041388,0,1,0,0,5,3,0.0,15
665818,CR-0000046545,0,1,0,0,5,0,0.0,12
665819,CR-0000046924,1,0,0,0,4,0,0.0,15
665820,CR-0000051691,2,0,0,0,5,0,0.0,10
665821,CR-0000064497,1,0,0,0,5,5,367.0,17
665822,CR-0000064495,0,0,0,0,5,5,117.0,17
665823,CR-0000064075,1,1,0,0,5,1,634.0,17
665824,CR-0000064020,0,0,1,0,5,5,210.0,19
665825,CR-0000041042,1,0,0,0,5,3,0.0,16
665826,CR-0000041038,1,0,0,0,4,3,0.0,8
665827,CR-0000046147,0,0,0,0,4,3,0.0,9
665828,CR-0000041092,0,0,1,0,5,3,409.0,14
665829,CR-0000041069,0,0,0,0,4,5,0.0,7
665830,CR-0000035534,1,0,0,0,5,0,0.0,12
665831,CR-0000035404,0,0,0,0,5,3,0.0,18
665832,CR-0000046836,0,0,0,0,4,3,0.0,16
665833,CR-0000041030,0,0,0,0,4,6,0.0,11
665834,CR-0000052039,0,0,0,0,4,5,0.0,15
665835,CR-0000052035,1,0,0,0,5,0,0.0,17
665836,CR-0000052028,0,0,0,0,5,0,255.0,6
665837,CR-0000051062,0,1,0,0,5,3,248.0,18
665838,CR-0000046918,0,0,0,0,4,0,0.0,17
665839,CR-0000046248,0,0,0,0,5,3,223.0,0
665840,CR-0000035379,0,0,0,0,4,3,0.0,9
665841,CR-0000039207,0,0,0,0,5,3,88.0,2
665842,CR-0000050730,0,0,0,0,4,0,0.0,18
665843,CR-0000050715,2,0,0,0,5,0,0.0,22
665844,CR-0000040888,0,0,0,0,5,3,0.0,13
665845,CR-0000041095,2,0,0,0,5,5,307.0,19
665846,CR-0000041084,0,0,0,0,4,1,0.0,8
665847,CR-0000046115,0,0,0,0,5,3,0.0,17
665848,CR-0000040354,0,0,1,0,5,3,0.0,7
665849,CR-0000039884,0,0,0,0,5,3,110.0,15
665850,CR-0000039651,4,0,0,0,5,0,0.0,21
665851,CR-0000041898,0,0,0,0,5,5,0.0,11
665852,CR-0000052375,0,0,0,0,5,3,40.0,17
665853,CR-0000040551,1,0,0,0,5,5,150.0,20
665854,CR-0000052465,1,0,0,0,5,0,0.0,8
665855,CR-0000047281,0,0,0,0,4,3,138.0,8
665856,CR-0000064036,0,0,1,0,5,8,0.0,6
665857,CR-0000068578,0,0,0,0,5,5,46.0,12
665858,CR-0000064070,0,0,0,0,5,6,48.0,12
665859,CR-0000068337,1,0,0,0,5,0,30.0,8
665860,CR-0000069707,1,0,0,0,5,5,502.0,15
665863,CR-0000051276,0,0,0,0,5,0,0.0,10
665864,CR-0000052396,0,1,0,0,5,3,0.0,17
665865,CR-0000041058,0,0,0,0,5,0,0.0,8
665866,CR-0000041054,0,0,2,0,5,3,380.0,7
665867,CR-0000046206,0,1,0,0,3,3,40.0,16
665868,CR-0000064018,1,0,0,0,5,1,196.0,11
665869,CR-0000063929,0,0,0,0,5,6,140.0,7
665870,CR-0000064432,0,1,0,0,5,0,0.0,6
665871,CR-0000068501,0,1,0,0,0,7,27.0,17
665872,CR-0000039232,0,0,0,0,5,5,0.0,6
665873,CR-0000051750,0,0,1,0,0,3,0.0,16