CrashFactId,Name,MinorInjuries,ModerateInjuries,SevereInjuries,FatalInjuries,PrimaryCollisionFactor_Code,CollisionType_Code,Distance,CrashTime
668134,CR-0000041596,0,0,0,0,5,3,0.0,20
668135,CR-0000046743,1,0,0,0,5,6,150.0,10
668136,CR-0000068486,0,0,0,0,5,5,0.0,17
668137,CR-0000069706,0,2,0,0,5,0,85.0,12
668138,CR-0000068462,0,0,0,0,5,5,40.0,10
668139,CR-0000041227,0,0,0,0,5,3,25.0,18
668140,CR-0000032576,0,0,0,0,5,1,15.0,17
668141,CR-0000037162,0,0,0,0,5,3,0.0,0
668142,CR-0000057837,0,0,0,0,5,5,70.0,0
668143,CR-0000067060,0,0,0,0,5,2,1056.0,4
668144,CR-0000062894,0,0,0,0,4,1,0.0,22
668145,CR-0000068602,1,0,0,0,5,5,76.0,16
668146,CR-0000068723,0,0,0,0,5,5,0.0,10
668147,CR-0000064248,2,2,0,0,5,4,0.0,16
668148,CR-0000064418,2,0,0,0,1,5,42.0,9
668149,CR-0000064417,1,0,0,0,5,0,0.0,7
668150,CR-0000052442,1,0,0,0,5,3,209.0,9
668151,CR-0000052384,0,0,0,0,5,3,748.0,9
668152,CR-0000071512,0,0,0,0,5,2,52.0,20
668153,CR-0000052826,0,0,0,0,5,0,237.0,15
668154,CR-0000047365,0,0,0,0,5,5,56.0,21
668155,CR-0000051953,0,1,0,0,5,3,0.0,21
668156,CR-0000039701,0,0,0,0,5,3,0.0,17
668157,CR-0000047426,0,0,0,0,5,1,0.0,16
668158,CR-0000064579,0,0,0,0,4,2,100.0,23
668159,CR-0000067170,0,0,0,0,5,2,0.0,8
668160,CR-0000035340,0,0,0,0,5,3,0.0,23
668161,CR-0000042759,0,0,0,0,5,3,473.0,9
668162,CR-0000064312,1,0,0,0,5,0,0.0,17
668163,CR-0000038442,0,0,0,0,5,3,146.0,3
668164,CR-0000039231,0,0,0,0,5,3,112.0,5
668165,CR-0000047231,0,0,0,0,4,1,0.0,7
668166,CR-0000041875,0,0,0,0,4,3,0.0,18
668167,CR-0000046816,1,0,0,0,5,3,60.0,16
668168,CR-0000052689,0,0,0,0,4,5,0.0,20
668169,CR-0000041953,2,0,0,0,5,1,0.0,18
668170,CR-0000042018,1,0,0,0,2,3,0.0,20
668171,CR-0000064176,0,0,0,0,5,6,430.0,23
668174,CR-0000029836,0,0,0,0,5,3,0.0,22
668175,CR-0000057404,0,0,0,0,4,2,18.0,3
668176,CR-0000043010,0,0,0,0,5,3,341.0,10
668177,CR-0000058043,0,0,0,0,5,2,75.0,22
668178,CR-0000058167,0,0,0,0,5,1,129.0,2
668179,CR-0000055772,0,0,0,0,5,1,135.0,3
668180,CR-0000061939,0,0,0,0,5,2,15.0,7
668181,CR-0000039731,1,0,0,0,5,3,0.0,8
668182,CR-0000039982,0,0,0,0,5,3,0.0,22
668183,CR-0000039794,1,0,0,0,5,5,0.0,19
668184,CR-0000039603,0,0,0,0,5,5,0.0,18
668185,CR-0000036584,0,0,0,0,5,5,100.0,15
668186,CR-0000041900,0,0,0,0,5,3,58.0,12
668187,CR-0000041991,0,1,0,0,5,0,0.0,19
668188,CR-0000046645,0,0,0,0,5,3,60.0,0
668189,CR-0000041977,0,1,0,0,5,3,745.0,1
668190,CR-0000052685,0,2,0,0,5,0,0.0,10
668191,CR-0000041968,0,0,0,0,5,3,0.0,20
668192,CR-0000051705,0,0,0,0,4,5,0.0,19
668193,CR-0000052489,0,0,0,0,4,5,0.0,15
668194,CR-0000040467,2,0,0,0,5,0,0.0,15
668195,CR-0000052468,0,0,0,0,5,3,167.0,9
668196,CR-0000047289,0,0,0,0,5,3,183.0,16
668197,CR-0000055528,0,0,0,0,5,3,0.0,0
668198,CR-0000038306,0,0,0,0,5,3,120.0,5
668199,CR-0000051631,0,1,0,0,5,3,400.0,2
668200,CR-0000047286,0,1,0,0,5,3,72.0,2
668201,CR-0000033676,0,0,0,0,2,3,0.0,19
668202,CR-0000055438,0,0,0,0,5,3,10.0,10
668204,CR-0000041721,1,0,0,0,5,1,0.0,16
668205,CR-0000041689,1,0,0,0,6,0,0.0,17
668206,CR-0000041419,1,1,1,0,4,1,0.0,6
668207,CR-0000052587,0,0,0,0,4,5,0.0,15
668208,CR-0000041657,0,0,0,0,5,3,90.0,12
668209,CR-0000064168,0,1,0,0,0,7,0.0,12
668213,CR-0000056518,0,0,0,0,5,2,200.0,18
668214,CR-0000057688,0,0,0,0,5,2,238.0,8
668215,CR-0000038012,0,0,0,0,5,3,390.0,18
668216,CR-0000054059,0,0,0,0,5,1,22.0,2
668219,CR-0000047282,0,0,2,0,5,3,600.0,1
668221,CR-0000062222,0,0,0,0,5,1,114.0,3
668223,CR-0000050528,0,0,0,0,5,3,0.0,9
668224,CR-0000038792,0,0,0,0,5,3,0.0,2
668225,CR-0000035713,0,0,0,0,5,3,48.0,14
668226,CR-0000061983,0,0,0,0,5,2,0.0,22
668227,CR-0000048325,0,1,0,0,5,3,45.0,10
668228,CR-0000031078,0,1,0,0,6,3,0.0,7
668229,CR-0000041899,0,0,0,0,5,3,62.0,12
668230,CR-0000047145,6,0,0,0,5,5,376.0,18
668231,CR-0000041803,0,0,0,0,4,5,0.0,19
668232,CR-0000040631,0,0,0,0,5,3,130.0,17
668233,CR-0000041687,0,0,0,0,5,6,0.0,14
668234,CR-0000046656,1,0,0,0,5,6,150.0,7
668235,CR-0000040608,1,0,0,0,5,0,0.0,18
668236,CR-0000052585,0,1,0,0,5,3,0.0,20
668237,CR-0000047248,0,1,0,0,5,1,0.0,17
668238,CR-0000046611,0,0,0,0,5,3,120.0,15
668239,CR-0000052252,0,0,0,0,5,3,426.0,2
668240,CR-0000053913,0,0,0,0,5,3,50.0,16
668241,CR-0000056262,0,0,0,0,4,2,0.0,3
668243,CR-0000048848,0,0,0,0,6,3,87.0,21
668244,CR-0000064610,0,0,0,0,5,2,1290.0,20
668245,CR-0000068406,1,0,0,0,5,7,0.0,23
668246,CR-0000063845,1,0,0,0,5,0,0.0,8
668247,CR-0000064959,0,0,0,0,5,5,90.0,12
668248,CR-0000046689,0,0,1,0,5,0,0.0,17
668249,CR-0000040616,0,0,0,0,5,3,0.0,19
668250,CR-0000052635,0,0,0,0,5,1,445.0,2
668251,CR-0000052634,0,0,0,0,5,3,60.0,2
668252,CR-0000047243,0,0,0,0,5,0,0.0,5
668253,CR-0000047240,1,0,0,0,5,3,130.0,3
668254,CR-0000068427,1,0,0,0,0,7,0.0,7
668255,CR-0000054804,0,0,0,0,5,1,175.0,15
668256,CR-0000039060,0,0,0,0,5,3,100.0,21
668257,CR-0000039955,1,0,0,0,5,3,210.0,14
668258,CR-0000039985,0,0,0,0,5,5,0.0,13
668259,CR-0000047224,0,1,0,0,3,3,154.0,15
668260,CR-0000041884,3,0,0,0,5,5,0.0,16
668261,CR-0000041877,0,0,0,0,5,0,0.0,5
668262,CR-0000051805,0,1,0,0,5,0,0.0,15
668263,CR-0000052677,0,0,0,0,5,0,0.0,21
668264,CR-0000052569,1,0,0,0,5,0,0.0,13
668265,CR-0000040517,0,0,0,0,4,3,0.0,12
668266,CR-0000040473,0,0,0,0,5,3,0.0,17
668267,CR-0000052470,0,0,0,0,5,5,0.0,12
668268,CR-0000052464,1,0,0,0,5,1,0.0,7
668269,CR-0000047146,0,0,0,0,5,3,193.0,21
668270,CR-0000047275,0,1,0,0,5,3,66.0,1
668271,CR-0000047268,0,0,0,0,4,5,0.0,11
668272,CR-0000047156,0,1,0,0,5,3,0.0,21
668273,CR-0000043069,0,0,0,0,5,3,0.0,2
668274,CR-0000047800,0,0,0,0,5,3,0.0,9
668275,CR-0000043563,0,0,0,0,5,3,0.0,2
668276,CR-0000055982,0,1,0,0,5,7,0.0,12
668277,CR-0000048564,0,0,0,0,5,3,29.0,18
668279,CR-0000053732,1,0,0,0,0,0,90.0,11
668280,CR-0000047127,0,0,0,0,4,5,0.0,16
668281,CR-0000041823,0,0,0,0,5,3,130.0,1
668282,CR-0000046672,1,0,0,0,5,0,0.0,17
668283,CR-0000039739,1,0,0,0,5,3,0.0,17
668284,CR-0000037064,0,0,0,0,5,0,0.0,13
668285,CR-0000039710,2,0,0,0,5,5,75.0,13
668286,CR-0000039916,1,0,0,0,5,3,0.0,13
668292,CR-0000047338,0,1,0,0,5,3,85.0,19
668293,CR-0000046726,0,0,0,0,5,5,0.0,15
668294,CR-0000047419,0,1,0,0,5,1,72.0,7
668295,CR-0000057862,0,0,0,0,5,4,0.0,8
668296,CR-0000057263,1,0,0,0,5,1,445.0,4
668297,CR-0000068758,0,0,0,0,4,2,100.0,22
668301,CR-0000058654,0,0,0,0,4,2,55.0,7
668302,CR-0000059010,0,0,0,0,4,2,30.0,2
668303,CR-0000041256,0,0,0,0,6,3,60.0,16
668304,CR-0000057895,0,0,0,0,5,2,0.0,12
668305,CR-0000058052,0,0,0,0,5,2,122.0,0
668306,CR-0000050061,0,0,0,0,5,5,50.0,15
668308,CR-0000057750,0,0,0,0,5,1,37.0,20
668309,CR-0000058000,0,0,0,0,5,2,0.0,23
668310,CR-0000057981,0,1,0,0,6,6,150.0,11
668319,CR-0000055775,0,0,0,0,4,2,0.0,7
668320,CR-0000032729,1,0,0,0,1,3,0.0,14
668321,CR-0000062154,0,0,0,0,5,2,0.0,20
668324,CR-0000047354,0,1,0,0,5,3,0.0,22
668325,CR-0000075932,0,0,0,0,5,2,0.0,23
668326,CR-0000052637,0,0,0,0,5,3,65.0,3
668327,CR-0000047198,0,0,0,0,5,0,300.0,19
668328,CR-0000068311,1,0,0,0,5,5,113.0,15
668329,CR-0000063843,1,0,0,0,5,5,0.0,2
668330,CR-0000047308,0,0,0,0,4,5,0.0,17
668331,CR-0000052811,0,0,0,0,4,3,0.0,15
668332,CR-0000046749,1,0,0,0,5,0,88.0,19
668333,CR-0000039909,0,0,0,0,5,3,60.0,19
668334,CR-0000039991,0,0,0,0,4,3,0.0,12
668335,CR-0000052370,0,0,0,0,5,3,275.0,9
668336,CR-0000046629,0,0,0,0,5,1,28.0,22
668337,CR-0000042041,0,0,0,0,4,0,0.0,8
668338,CR-0000052500,0,0,0,0,4,3,0.0,0
668339,CR-0000041837,0,0,0,0,4,1,0.0,19
668340,CR-0000068426,1,0,0,0,5,7,225.0,6
668341,CR-0000063847,3,0,0,0,5,5,0.0,13
668342,CR-0000068394,0,0,0,0,5,3,20.0,18
668343,CR-0000068391,0,1,0,0,5,0,0.0,14
668344,CR-0000063436,0,1,0,0,5,8,0.0,1
668345,CR-0000068290,0,0,0,0,5,6,15.0,2
668346,CR-0000046733,0,0,0,0,5,1,0.0,0
668347,CR-0000068372,0,0,0,0,5,4,131.0,0
668348,CR-0000063420,1,0,0,0,5,5,10.0,22
668349,CR-0000068181,0,0,0,0,5,0,0.0,13
668350,CR-0000068346,1,0,0,0,5,0,0.0,11
668351,CR-0000063793,0,0,0,0,5,1,90.0,7
668352,CR-0000068539,0,1,0,0,5,0,0.0,17
668353,CR-0000063776,0,0,0,0,5,2,20.0,17
668354,CR-0000052754,0,0,0,0,5,5,0.0,17
668355,CR-0000071914,0,1,0,0,5,6,0.0,15
668356,CR-0000036963,0,0,0,0,5,3,25.0,11
668357,CR-0000048816,0,0,0,0,5,3,1829.0,0
668360,CR-0000048497,0,0,0,0,5,3,90.0,18
668361,CR-0000046707,0,0,0,0,5,3,160.0,23
668362,CR-0000052727,1,0,0,0,5,5,0.0,10
668363,CR-0000047404,1,0,0,0,3,3,21.0,14
668364,CR-0000039115,2,0,0,0,5,0,0.0,8
668365,CR-0000039689,0,0,1,0,0,3,0.0,17
668366,CR-0000045950,1,2,0,0,5,0,0.0,16
668368,CR-0000046716,0,0,0,0,5,5,108.0,15
668369,CR-0000047420,1,0,0,0,5,0,0.0,8
668370,CR-0000041758,1,0,0,0,5,1,0.0,17
668371,CR-0000052710,0,0,0,0,4,5,0.0,10
668372,CR-0000052708,0,0,0,0,5,3,1581.0,23
668373,CR-0000047403,0,0,0,0,5,6,225.0,14
668374,CR-0000039575,0,1,0,0,5,0,0.0,20
668376,CR-0000038081,0,0,0,0,5,3,0.0,3
668377,CR-0000042898,0,0,0,0,5,3,67.0,16
668378,CR-0000045665,0,0,0,0,5,3,0.0,2
668379,CR-0000071479,0,0,0,0,5,2,210.0,21
668380,CR-0000053050,0,1,0,0,5,0,0.0,22
668381,CR-0000052733,1,0,0,0,5,3,170.0,15
668382,CR-0000063529,0,0,0,0,5,6,0.0,1
668383,CR-0000063515,1,0,0,0,5,0,143.0,13
668384,CR-0000063567,0,0,0,0,5,5,0.0,16
668396,CR-0000029344,0,0,0,0,4,3,0.0,6
668397,CR-0000046156,0,0,0,0,5,3,275.0,13
668400,CR-0000034620,0,1,0,0,4,3,0.0,14
668401,CR-0000037108,0,0,0,0,5,3,255.0,21
668402,CR-0000052044,1,0,0,0,0,3,0.0,6
668404,CR-0000056301,0,0,0,0,5,1,0.0,0
668405,CR-0000043471,0,1,0,0,5,3,380.0,23
668406,CR-0000041700,0,0,0,0,5,5,0.0,6
668407,CR-0000047182,1,0,0,0,5,5,54.0,18
668408,CR-0000052610,1,0,0,0,5,1,0.0,13
668409,CR-0000063850,1,0,0,0,5,0,200.0,14
668410,CR-0000063825,1,0,0,0,5,5,70.0,7
668417,CR-0000042619,0,0,0,0,5,3,150.0,15
668418,CR-0000063434,1,0,0,0,5,5,0.0,8
668419,CR-0000063616,1,0,0,0,5,0,0.0,16
668420,CR-0000063799,0,0,0,0,5,6,0.0,16
668421,CR-0000036464,0,0,0,0,5,3,410.0,19
668422,CR-0000036565,1,0,0,0,5,5,0.0,8
668423,CR-0000039520,0,0,0,0,5,3,0.0,0
668424,CR-0000039513,1,0,0,0,5,5,250.0,15
668426,CR-0000061964,1,0,0,0,5,4,29.0,13
668429,CR-0000043231,0,0,0,0,5,3,0.0,4
668430,CR-0000063830,0,0,0,0,5,0,0.0,13
668431,CR-0000063815,0,0,0,0,4,2,196.0,3
668432,CR-0000039292,0,0,0,0,5,3,74.0,2
668433,CR-0000039971,1,0,0,0,5,3,0.0,12
668434,CR-0000039999,2,1,0,0,5,1,0.0,5
668435,CR-0000040357,1,0,0,0,5,1,0.0,10
668436,CR-0000063548,0,0,0,0,5,0,0.0,21
668437,CR-0000063718,0,0,0,0,0,7,0.0,9
668438,CR-0000063714,3,0,0,0,5,5,12.0,4
668439,CR-0000069726,0,1,0,0,5,0,0.0,21
668445,CR-0000071424,0,0,0,0,5,2,0.0,17
668446,CR-0000052355,1,0,0,0,5,3,32.0,9
668455,CR-0000063504,0,0,0,0,5,5,315.0,23
668456,CR-0000069708,0,0,0,0,5,1,173.0,17
668461,CR-0000052533,0,0,0,0,5,3,12.0,5
668462,CR-0000063802,0,0,0,0,5,2,10.0,18
668465,CR-0000047832,1,0,0,0,5,0,0.0,17
668466,CR-0000036174,0,1,0,0,5,3,280.0,3
668467,CR-0000034645,1,0,0,0,5,3,0.0,0
668468,CR-0000056919,0,0,0,0,5,5,345.0,1
668469,CR-0000040739,0,0,0,0,5,3,0.0,10
668470,CR-0000040712,0,0,0,0,5,3,0.0,0
668471,CR-0000047347,2,0,0,0,5,5,137.0,12
668472,CR-0000047329,0,0,0,0,5,5,0.0,23
668473,CR-0000047307,0,0,0,0,4,5,0.0,18
668474,CR-0000068197,1,0,0,0,5,5,150.0,17
668475,CR-0000063763,0,0,0,0,5,6,0.0,3
668476,CR-0000068509,0,0,0,0,5,5,0.0,9
668477,CR-0000069748,1,0,0,0,5,0,0.0,11
668478,CR-0000069739,0,1,0,0,5,0,0.0,16
668483,CR-0000047079,0,0,0,0,4,3,0.0,12
668484,CR-0000052730,1,0,0,0,5,1,0.0,13
668485,CR-0000039148,0,1,0,0,5,5,0.0,13
668486,CR-0000037080,0,2,0,0,5,6,1320.0,11
668487,CR-0000052669,0,0,0,0,5,3,255.0,10
668496,CR-0000068214,2,0,0,0,5,0,0.0,20
668501,CR-0000041595,2,0,0,0,5,3,240.0,17
668502,CR-0000050494,1,0,0,0,5,0,120.0,11
668503,CR-0000037934,0,1,0,0,1,3,110.0,12
668504,CR-0000056035,0,0,0,0,5,2,315.0,0
668505,CR-0000051121,2,0,0,0,5,0,0.0,15
668509,CR-0000072596,0,0,0,0,5,2,475.0,12
668512,CR-0000040705,0,2,0,0,5,0,0.0,15
668513,CR-0000040703,0,0,0,0,5,5,0.0,12
668514,CR-0000047346,1,0,0,0,5,1,0.0,12
668515,CR-0000047330,0,0,0,0,4,5,0.0,19
668516,CR-0000047322,0,1,0,0,0,3,322.0,7
668517,CR-0000051568,0,0,0,0,5,3,0.0,2
668518,CR-0000046781,0,0,0,0,5,1,0.0,15
668519,CR-0000047357,0,0,0,0,4,1,0.0,8
668520,CR-0000039571,0,0,0,0,5,5,0.0,19
668521,CR-0000039717,1,0,0,0,5,5,0.0,18
668522,CR-0000039399,0,1,0,0,5,3,0.0,1
668523,CR-0000039274,0,0,0,0,4,3,0.0,11
668524,CR-0000039801,0,0,0,0,5,5,0.0,11
668525,CR-0000039798,0,0,0,0,5,3,60.0,0
668526,CR-0000041880,0,1,0,0,5,3,0.0,9
668527,CR-0000047211,1,0,0,0,5,5,0.0,17
668528,CR-0000041914,0,0,0,0,5,3,198.0,14
668529,CR-0000052703,1,0,0,0,0,3,10.0,16
668530,CR-0000039149,1,0,0,0,4,0,300.0,0
668531,CR-0000037067,1,0,0,0,5,5,0.0,14
668532,CR-0000068299,0,0,0,0,5,5,65.0,23
668533,CR-0000063552,0,1,0,0,5,8,170.0,8
668534,CR-0000063586,0,0,0,0,5,5,375.0,23
668535,CR-0000063536,1,0,0,0,5,6,0.0,9
668538,CR-0000047306,1,0,0,0,5,5,26.0,19
668539,CR-0000052805,0,0,0,0,5,0,0.0,16
668540,CR-0000046746,1,0,0,0,5,5,46.0,14
668541,CR-0000047363,0,1,0,0,3,3,120.0,17
668542,CR-0000047356,0,1,0,0,5,3,430.0,23
668543,CR-0000046725,0,0,0,0,4,3,0.0,11
668544,CR-0000041950,0,0,0,0,5,5,0.0,17
668545,CR-0000041462,0,0,0,0,4,6,0.0,11
668546,CR-0000041231,0,0,0,0,4,5,0.0,20
668547,CR-0000068093,0,0,0,0,5,5,245.0,17
668548,CR-0000068115,2,0,0,0,5,5,12.0,11
668549,CR-0000068113,1,0,0,0,5,5,0.0,15
668550,CR-0000068661,0,0,0,0,5,0,0.0,21
668551,CR-0000063531,0,0,0,0,5,5,45.0,0
668552,CR-0000041782,1,0,0,0,5,0,0.0,16
668553,CR-0000047414,0,0,0,0,4,3,0.0,17
668554,CR-0000039390,0,0,0,0,5,0,0.0,7
668555,CR-0000039153,0,0,0,0,5,5,0.0,15
668556,CR-0000039681,1,0,0,0,5,0,0.0,13
668557,CR-0000039611,2,0,0,0,5,3,0.0,20
668558,CR-0000046586,3,0,0,0,5,0,0.0,13
668559,CR-0000041878,0,0,0,0,4,3,157.0,6
668560,CR-0000041873,0,0,0,0,4,3,0.0,22
668561,CR-0000040409,0,0,0,0,6,3,60.0,20
668567,CR-0000041265,0,0,0,0,4,3,0.0,9
668568,CR-0000041559,3,0,0,0,5,5,99.0,17
668569,CR-0000041464,0,0,0,0,4,3,0.0,1
668570,CR-0000039915,0,0,0,0,5,6,4.0,0
668571,CR-0000064997,1,0,0,0,5,5,0.0,15
668572,CR-0000068199,1,0,0,0,5,0,0.0,22
668573,CR-0000068254,0,2,0,0,5,6,129.0,18
668574,CR-0000068229,1,0,0,0,5,0,0.0,12
668575,CR-0000046202,0,0,0,0,5,0,0.0,0
668576,CR-0000033882,0,0,0,0,5,3,0.0,2
668577,CR-0000033391,0,1,0,0,0,3,0.0,16
668578,CR-0000040294,0,0,0,0,5,3,20.0,19
668579,CR-0000048103,1,0,0,0,5,3,0.0,18
668580,CR-0000034872,1,0,0,0,5,3,0.0,8
668581,CR-0000072156,0,0,0,0,5,2,0.0,5
668582,CR-0000041733,0,1,0,0,5,3,813.0,23
668583,CR-0000029379,0,0,0,0,4,3,0.0,11
668586,CR-0000051319,2,1,0,0,5,5,21.0,15
668587,CR-0000046541,0,0,0,0,5,3,320.0,10
668588,CR-0000037500,0,0,0,0,5,3,84.0,3
668589,CR-0000054587,0,0,0,0,5,2,1320.0,1
668590,CR-0000054879,0,0,0,0,5,3,33.0,2
668591,CR-0000057089,0,0,0,0,5,1,117.0,22
668599,CR-0000041174,1,0,0,0,4,3,0.0,14
668600,CR-0000036483,0,0,0,0,4,3,0.0,21
668601,CR-0000039602,2,0,0,0,5,5,0.0,10
668602,CR-0000047234,0,0,0,1,4,3,12.0,16
668603,CR-0000046560,0,0,0,0,5,1,0.0,16
668604,CR-0000046639,0,0,0,0,5,3,0.0,22
668605,CR-0000040546,1,0,0,0,5,3,0.0,17
668606,CR-0000040539,0,0,0,0,5,5,30.0,12
668607,CR-0000040492,0,0,1,0,5,3,0.0,4
668608,CR-0000068174,0,0,0,0,5,6,296.0,17
668609,CR-0000068172,0,1,0,0,5,5,96.0,13
668610,CR-0000068672,0,0,0,0,5,5,10.0,18
668612,CR-0000040732,0,1,0,0,5,3,0.0,13
668613,CR-0000039479,0,0,0,0,4,3,0.0,0
668614,CR-0000038952,1,0,0,0,5,5,0.0,17
668615,CR-0000047081,3,0,0,0,5,5,0.0,11
668616,CR-0000041346,0,0,0,0,5,5,0.0,16
668617,CR-0000041480,0,0,0,0,4,5,0.0,17
668618,CR-0000046720,0,0,0,0,4,5,0.0,7
668619,CR-0000040913,0,0,0,0,5,3,0.0,5
668620,CR-0000046538,0,0,0,0,4,5,0.0,16
668621,CR-0000067615,0,0,0,0,5,2,30.0,8
668622,CR-0000063048,0,0,0,0,5,2,0.0,2
668623,CR-0000068348,1,0,0,0,5,2,393.0,15
668624,CR-0000052715,0,0,0,0,5,0,0.0,3
668625,CR-0000041905,0,0,0,0,4,3,0.0,9
668626,CR-0000039759,0,0,0,0,5,6,0.0,7
668627,CR-0000039563,0,0,0,0,5,1,0.0,9
668628,CR-0000039925,0,1,0,0,5,3,0.0,9
668629,CR-0000040751,1,0,0,0,5,0,0.0,19
668630,CR-0000047336,0,0,0,0,5,1,0.0,17
668631,CR-0000047332,0,0,0,0,5,5,121.0,0
668632,CR-0000046745,1,0,0,0,4,0,0.0,12
668633,CR-0000047409,1,0,0,0,4,3,0.0,18
668634,CR-0000051982,0,0,0,0,5,0,0.0,7
668635,CR-0000052684,1,0,0,0,5,5,50.0,10
668636,CR-0000052654,0,0,0,0,4,5,0.0,19
668637,CR-0000068140,1,1,0,0,5,1,0.0,16
668638,CR-0000063769,1,0,0,0,5,6,211.0,13
668639,CR-0000068699,0,0,0,0,5,6,184.0,0
668641,CR-0000052817,0,0,0,0,4,3,0.0,11
668642,CR-0000040261,1,0,0,0,6,5,0.0,10
668643,CR-0000039000,0,1,0,0,5,3,0.0,5
668644,CR-0000061919,0,0,0,0,5,1,0.0,5
668645,CR-0000062027,0,0,0,0,5,1,0.0,4
668646,CR-0000061318,0,0,0,0,5,3,0.0,5
668647,CR-0000062399,0,1,0,0,5,2,1272.0,9
668648,CR-0000062724,0,0,0,0,5,1,64.0,23
668650,CR-0000040519,0,0,0,0,5,3,63.0,0
668651,CR-0000047270,0,0,0,0,4,3,0.0,21
668652,CR-0000047261,0,0,0,0,5,3,20.0,16
668653,CR-0000040733,0,0,0,0,5,3,0.0,19
668654,CR-0000047364,1,1,0,0,5,0,0.0,17
668655,CR-0000039628,0,0,0,0,5,0,0.0,14
668656,CR-0000039549,0,0,0,0,5,3,0.0,18
668657,CR-0000038950,0,0,0,0,5,5,395.0,15
668658,CR-0000039543,0,0,0,0,4,3,0.0,13
668659,CR-0000039554,0,0,0,0,5,3,0.0,12
668660,CR-0000039466,1,0,0,0,5,0,300.0,12
668661,CR-0000039516,1,0,0,0,5,1,0.0,18
668662,CR-0000039509,1,0,0,0,5,5,0.0,10
668663,CR-0000056171,0,0,0,0,5,1,0.0,3
668664,CR-0000051369,0,1,0,0,5,3,0.0,1
668665,CR-0000041176,0,0,0,0,4,6,0.0,13
668666,CR-0000041303,1,0,0,0,5,5,0.0,15
668667,CR-0000041523,0,0,0,0,5,1,0.0,13
668668,CR-0000041460,0,0,0,0,4,1,0.0,17
668669,CR-0000046736,0,0,0,0,5,3,99.0,2
668670,CR-0000046704,3,0,0,0,5,0,0.0,19
668671,CR-0000040908,1,0,0,0,5,3,240.0,19
668672,CR-0000041203,0,0,0,0,4,1,0.0,17
668673,CR-0000040485,0,0,0,0,4,3,0.0,8
668674,CR-0000040411,1,0,0,0,5,3,490.0,22
668675,CR-0000047293,0,0,0,0,4,5,0.0,2
668676,CR-0000041719,0,1,0,0,4,3,0.0,12
668677,CR-0000041805,0,0,0,0,4,5,0.0,6
668678,CR-0000041702,1,0,0,0,5,3,0.0,6
668679,CR-0000040626,0,0,0,0,5,3,0.0,7
668681,CR-0000043809,0,0,0,0,5,3,0.0,1
668682,CR-0000073737,0,0,0,0,5,2,110.0,5
668683,CR-0000043542,0,0,1,1,5,3,0.0,2
668684,CR-0000076158,0,0,0,0,5,2,0.0,2
668685,CR-0000051210,1,0,0,0,5,3,0.0,23
668686,CR-0000063820,0,1,0,0,5,2,26.0,21
668689,CR-0000054819,0,0,0,0,5,3,103.0,7
668690,CR-0000041394,0,0,0,0,5,3,233.0,21
668691,CR-0000040478,0,1,0,0,0,3,355.0,11
668692,CR-0000047107,0,0,0,0,4,3,30.0,14
668693,CR-0000046607,0,0,0,0,5,1,15.0,8
668694,CR-0000041706,1,0,0,0,0,3,0.0,17
668695,CR-0000041845,1,0,0,0,5,5,0.0,10
668696,CR-0000052599,1,0,0,0,5,3,42.0,16
668697,CR-0000047195,1,0,0,0,5,3,0.0,14
668699,CR-0000040956,0,0,0,0,5,0,0.0,13
668700,CR-0000039625,0,0,0,0,5,3,0.0,12
668701,CR-0000039737,1,0,0,0,0,3,0.0,16
668702,CR-0000039723,0,1,1,0,5,3,15.0,21
668703,CR-0000040275,2,1,0,0,5,0,0.0,18
668704,CR-0000039677,0,0,0,0,4,0,0.0,12
668705,CR-0000041997,0,0,0,0,5,1,0.0,10
668706,CR-0000047205,0,1,0,0,5,1,0.0,9
668707,CR-0000040111,0,1,0,0,5,3,0.0,7
668708,CR-0000039605,1,0,0,0,5,3,0.0,11
668709,CR-0000052571,0,0,0,0,5,3,58.0,15
668710,CR-0000052372,0,1,0,0,4,0,0.0,14
668711,CR-0000052562,0,0,0,0,5,3,200.0,18
668712,CR-0000052491,1,0,0,0,5,5,0.0,16
668713,CR-0000051612,0,0,0,0,4,3,0.0,0
668714,CR-0000047110,0,0,0,0,5,3,28.0,1
668715,CR-0000041676,0,0,0,0,4,3,0.0,19
668716,CR-0000052577,0,0,0,0,4,3,350.0,23
668717,CR-0000052379,0,0,0,0,5,3,150.0,6
668718,CR-0000064999,1,1,0,0,5,0,0.0,17
668719,CR-0000063846,0,1,0,0,5,5,110.0,9
668720,CR-0000063831,1,0,0,0,5,6,0.0,18
668721,CR-0000063829,1,0,0,0,5,1,0.0,11
668722,CR-0000042425,0,0,0,0,5,3,0.0,20
668724,CR-0000058893,0,0,0,0,5,2,165.0,2
668725,CR-0000029912,0,0,0,0,4,0,0.0,12
668726,CR-0000030224,0,0,0,0,4,0,0.0,23
668727,CR-0000031036,3,1,0,0,6,0,0.0,20
668728,CR-0000064891,0,0,0,0,5,2,261.0,2
668732,CR-0000046191,0,0,0,0,5,3,206.0,4
668733,CR-0000050917,0,0,0,0,5,3,9.0,0
668734,CR-0000041971,1,0,0,0,5,5,0.0,23
668735,CR-0000040434,1,0,0,0,4,5,0.0,10
668736,CR-0000051686,0,0,0,0,4,5,0.0,22
668737,CR-0000040484,0,0,0,0,4,3,0.0,11