CrashFactId,Name,MinorInjuries,ModerateInjuries,SevereInjuries,FatalInjuries,PrimaryCollisionFactor_Code,CollisionType_Code,Distance,CrashTime
670867,CR-0000041471,1,0,0,0,5,5,0.0,12
670868,CR-0000052069,0,0,0,0,4,3,0.0,12
670869,CR-0000041389,0,0,0,0,5,1,0.0,17
670870,CR-0000041472,1,0,0,0,5,3,65.0,14
670871,CR-0000052273,0,0,0,0,4,6,0.0,1
670872,CR-0000052257,0,0,0,0,4,3,9.0,9
670873,CR-0000039470,0,0,0,0,5,3,0.0,0
670874,CR-0000077807,0,0,0,0,5,2,88.0,1
670875,CR-0000077541,0,0,0,0,5,2,0.0,16
670876,CR-0000049622,0,0,0,0,5,3,36.0,23
670877,CR-0000033000,1,0,0,0,5,3,0.0,20
670878,CR-0000032219,1,0,0,0,5,3,0.0,23
670879,CR-0000049380,0,1,0,0,5,3,70.0,7
670881,CR-0000049140,0,0,0,0,5,3,0.0,23
670882,CR-0000034649,0,0,0,0,5,3,0.0,23
670883,CR-0000034545,0,0,0,0,5,3,0.0,4
670886,CR-0000047813,0,0,0,0,5,3,0.0,1
670887,CR-0000032057,0,0,0,0,5,3,0.0,0
670888,CR-0000035509,0,0,0,0,5,3,75.0,2
670889,CR-0000031454,0,0,0,0,5,3,159.0,2
670890,CR-0000048396,1,0,0,0,5,3,50.0,3
670892,CR-0000067109,1,0,0,0,5,8,0.0,21
670893,CR-0000066925,0,0,0,0,5,5,0.0,22
670900,CR-0000039757,1,0,0,0,5,0,200.0,6
670901,CR-0000039883,0,0,0,0,4,3,0.0,11
670902,CR-0000052368,0,0,0,0,5,3,100.0,4
670903,CR-0000052897,2,0,0,0,5,5,124.0,22
670904,CR-0000051270,0,1,0,0,3,3,0.0,0
670905,CR-0000047196,1,1,0,0,5,5,33.0,16
670906,CR-0000032718,0,0,0,0,5,3,0.0,0
670907,CR-0000045892,0,0,0,0,5,3,0.0,1
670908,CR-0000036119,0,0,0,0,5,3,0.0,2
670909,CR-0000033002,1,0,0,0,5,3,0.0,17
670910,CR-0000049637,0,0,0,0,5,3,316.0,21
670911,CR-0000073011,0,0,0,0,5,2,35.0,0
670912,CR-0000035027,0,0,0,0,5,3,92.0,3
670913,CR-0000032832,0,1,0,0,5,3,0.0,23
670914,CR-0000031125,0,0,0,0,4,3,0.0,15
670915,CR-0000049819,1,0,0,0,5,5,136.0,10
670916,CR-0000067158,1,0,0,0,5,0,0.0,15
670923,CR-0000071450,0,1,0,0,0,7,68.0,18
670924,CR-0000039418,2,0,0,0,5,5,60.0,13
670925,CR-0000039607,1,0,0,0,5,0,10.0,15
670926,CR-0000051252,0,0,0,0,4,3,0.0,18
670927,CR-0000046251,0,0,0,0,5,3,180.0,2
670928,CR-0000052859,2,0,0,0,5,5,239.0,7
670934,CR-0000052399,0,0,0,0,4,6,0.0,11
670935,CR-0000052618,0,0,0,0,5,5,0.0,21
670937,CR-0000034747,0,0,0,0,5,3,11.0,2
670938,CR-0000031757,0,0,0,0,5,3,90.0,16
670939,CR-0000037355,0,0,0,0,5,3,70.0,0
670940,CR-0000033110,0,0,0,0,5,3,0.0,23
670941,CR-0000034547,0,0,0,0,5,3,240.0,22
670943,CR-0000051911,0,1,0,0,5,3,0.0,1
670944,CR-0000047166,0,0,0,0,5,1,0.0,17
670945,CR-0000052381,0,0,0,0,5,6,400.0,17
670946,CR-0000052604,0,1,0,0,5,3,70.0,9
670947,CR-0000052603,1,0,0,0,5,5,15.0,8
670948,CR-0000033845,0,0,0,0,5,3,0.0,12
670949,CR-0000049032,0,0,0,0,5,3,18.0,1
670950,CR-0000061864,0,0,0,0,5,6,60.0,15
670951,CR-0000033449,1,1,0,0,5,3,195.0,0
670952,CR-0000035338,0,0,0,0,5,3,0.0,0
670953,CR-0000033017,0,0,0,0,5,3,0.0,2
670954,CR-0000051756,0,0,0,0,5,3,69.0,3
670966,CR-0000051346,0,1,0,0,5,3,0.0,19
670967,CR-0000047102,1,0,0,0,4,3,400.0,11
670968,CR-0000040219,0,1,0,0,4,1,15.0,8
670969,CR-0000052502,0,0,0,0,4,5,0.0,14
670970,CR-0000046908,2,0,0,0,5,3,40.0,16
670971,CR-0000047114,0,0,0,0,5,5,600.0,17
670972,CR-0000041736,0,0,0,0,5,3,444.0,9
670973,CR-0000052881,0,1,0,0,5,3,393.0,19
670978,CR-0000035264,0,0,0,0,5,3,0.0,4
670979,CR-0000035035,0,0,0,0,5,3,0.0,5
670980,CR-0000031244,1,0,0,0,4,3,480.0,7
670986,CR-0000071682,1,1,0,0,5,0,0.0,13
670987,CR-0000071433,0,0,0,0,5,5,50.0,17
670988,CR-0000071734,0,0,0,0,5,5,65.0,21
670989,CR-0000071657,1,0,0,0,5,0,0.0,18
671004,CR-0000049800,0,0,0,0,5,3,0.0,3
671005,CR-0000034243,0,1,0,0,5,3,18.0,0
671006,CR-0000049813,1,0,0,0,5,3,300.0,23
671012,CR-0000052861,2,0,0,0,5,3,0.0,15
671013,CR-0000052326,0,0,0,0,5,0,0.0,19
671017,CR-0000060187,0,1,0,0,5,2,0.0,13
671018,CR-0000048073,2,0,0,0,5,0,0.0,18
671019,CR-0000052096,0,1,0,0,5,3,200.0,1
671020,CR-0000060625,0,0,0,0,5,6,345.0,13
671021,CR-0000078586,0,0,0,0,5,2,360.0,10
671022,CR-0000044783,0,0,0,0,5,3,0.0,9
671023,CR-0000034331,0,0,0,0,5,3,0.0,22
671024,CR-0000033840,0,0,1,0,0,3,350.0,21
671025,CR-0000048615,0,0,0,0,5,3,0.0,22
671026,CR-0000034591,0,0,0,0,5,3,0.0,0
671027,CR-0000031907,0,1,0,0,5,3,20.0,4
671028,CR-0000032708,1,0,0,0,5,3,0.0,1
671034,CR-0000067160,4,0,0,0,5,0,0.0,17
671035,CR-0000067201,0,0,0,0,5,5,0.0,18
671036,CR-0000067093,1,0,0,0,5,1,0.0,12
671042,CR-0000052280,1,0,0,0,4,5,100.0,11
671043,CR-0000052261,2,0,0,0,5,0,0.0,15
671044,CR-0000045170,0,0,0,0,4,0,0.0,6
671045,CR-0000041797,0,1,0,0,5,3,380.0,2
671046,CR-0000051337,0,1,0,0,0,0,6.0,7
671047,CR-0000047160,0,0,0,0,5,3,0.0,10
671048,CR-0000051152,0,0,0,0,4,3,0.0,5
671049,CR-0000040366,0,0,0,0,4,3,0.0,14
671050,CR-0000036294,0,0,0,0,5,3,150.0,20
671051,CR-0000034483,0,0,0,0,5,3,600.0,3
671057,CR-0000034853,0,0,0,0,5,3,0.0,11
671058,CR-0000047105,1,0,0,0,5,0,0.0,21
671059,CR-0000051275,0,0,0,0,4,0,0.0,8
671060,CR-0000052394,0,0,0,0,5,0,35.0,16
671067,CR-0000071639,0,0,0,0,5,5,12.0,17
671068,CR-0000071782,2,0,0,0,5,6,22.0,9
671069,CR-0000071481,0,0,0,0,5,1,0.0,22
671070,CR-0000047094,1,0,0,0,3,3,0.0,13
671071,CR-0000051434,0,0,0,0,4,3,0.0,22
671080,CR-0000071675,0,1,0,0,5,8,0.0,7
671081,CR-0000071417,0,0,0,0,5,0,0.0,23
671082,CR-0000047049,0,1,0,0,5,3,170.0,23
671093,CR-0000035858,0,1,0,0,5,3,0.0,2
671095,CR-0000053097,0,0,0,0,5,3,60.0,22
671096,CR-0000056999,0,0,0,0,5,3,473.0,1
671097,CR-0000054877,1,0,0,0,5,3,0.0,2
671103,CR-0000052160,0,0,0,0,5,3,20.0,0
671106,CR-0000034538,0,0,0,0,5,3,0.0,12
671107,CR-0000050426,0,0,0,0,5,3,600.0,1
671112,CR-0000051424,0,0,0,0,5,6,0.0,7
671113,CR-0000047045,0,0,0,0,5,5,0.0,17
671114,CR-0000052510,1,0,0,0,5,0,521.0,15
671115,CR-0000046281,0,0,0,0,4,3,0.0,1
671116,CR-0000032925,0,0,0,0,5,3,0.0,23
671117,CR-0000040086,0,0,0,0,5,3,50.0,18
671119,CR-0000029590,0,1,0,0,4,3,0.0,13
671123,CR-0000050163,0,0,0,0,5,3,12.0,0
671124,CR-0000047073,0,0,0,0,5,3,235.0,13
671125,CR-0000051445,2,0,0,0,5,0,0.0,23
671126,CR-0000047055,0,0,0,0,5,3,236.0,1
671127,CR-0000041326,1,0,0,0,5,5,73.0,19
671128,CR-0000047007,1,0,0,0,5,5,487.0,4
671129,CR-0000046270,0,0,0,0,4,3,0.0,23
671130,CR-0000052194,0,0,0,0,5,3,0.0,22
671141,CR-0000075191,0,0,0,0,5,2,45.0,17
671142,CR-0000062781,0,0,0,0,5,1,0.0,16
671143,CR-0000051096,0,0,0,0,5,3,16.0,18
671144,CR-0000051165,0,0,0,0,5,3,0.0,23
671145,CR-0000050659,0,1,0,0,5,3,49.0,17
671146,CR-0000041418,0,0,0,0,5,3,65.0,3
671153,CR-0000052156,0,0,0,0,5,3,60.0,22
671154,CR-0000045938,1,0,0,0,5,3,15.0,17
671155,CR-0000041585,1,0,0,0,5,0,0.0,10
671156,CR-0000045188,1,0,0,0,5,0,0.0,10
671157,CR-0000047040,1,0,0,0,5,0,0.0,14
671158,CR-0000047064,0,0,0,0,5,5,75.0,21
671164,CR-0000047046,2,0,0,0,5,0,0.0,18
671165,CR-0000052263,1,0,0,0,5,3,200.0,17
671166,CR-0000041520,0,1,0,0,4,3,0.0,11
671167,CR-0000041485,0,0,0,0,5,3,1051.0,3
671168,CR-0000041390,0,0,0,0,5,5,0.0,17
671169,CR-0000038877,0,0,0,0,5,5,550.0,14
671170,CR-0000037528,0,0,0,0,5,3,15.0,22
671171,CR-0000032702,0,0,0,0,5,3,105.0,23
671172,CR-0000033380,0,0,0,0,5,3,0.0,4
671173,CR-0000035022,0,0,0,0,5,3,0.0,1
671174,CR-0000050699,0,1,0,0,5,3,45.0,22
671178,CR-0000037503,1,0,0,0,5,5,0.0,13
671179,CR-0000039411,0,0,0,0,5,3,1000.0,19
671180,CR-0000039318,0,0,0,0,4,6,0.0,8
671181,CR-0000046240,0,0,0,0,4,5,0.0,7
671185,CR-0000048618,0,0,0,0,5,3,0.0,0
671186,CR-0000048868,0,1,0,0,5,3,0.0,1
671191,CR-0000047076,0,0,0,0,5,5,0.0,19
671193,CR-0000047065,0,0,0,0,4,3,0.0,18
671194,CR-0000052152,0,0,0,0,4,3,0.0,7
671195,CR-0000047014,1,0,0,0,5,3,99.0,20
671196,CR-0000052116,1,0,0,0,3,3,24.0,8
671197,CR-0000046883,0,0,0,0,5,0,0.0,16
671198,CR-0000052283,1,0,0,0,5,5,150.0,15
671199,CR-0000052192,5,0,0,0,5,0,0.0,18
671200,CR-0000052188,1,0,0,0,5,3,0.0,14
671201,CR-0000029849,0,1,0,0,4,3,0.0,18
671207,CR-0000052513,0,1,0,0,0,3,577.0,17
671208,CR-0000052504,0,0,0,0,5,5,119.0,8
671209,CR-0000052143,1,0,0,0,5,5,0.0,16
671210,CR-0000052197,0,0,0,0,4,3,0.0,7
671211,CR-0000052275,0,0,0,0,5,3,21.0,1
671212,CR-0000052265,0,0,0,0,5,3,0.0,17
671216,CR-0000052269,0,0,0,0,4,3,0.0,12
671217,CR-0000052163,0,0,0,0,4,6,0.0,8
671218,CR-0000052095,0,0,0,0,5,3,100.0,1
671219,CR-0000051936,0,0,0,0,5,3,37.0,16
671220,CR-0000041578,0,0,0,0,5,5,0.0,19
671221,CR-0000051924,0,0,0,0,5,5,0.0,6
671222,CR-0000041565,0,0,0,0,4,5,0.0,8
671223,CR-0000041492,0,0,0,0,4,3,0.0,9
671224,CR-0000044600,1,0,0,0,4,3,0.0,21
671225,CR-0000074346,0,0,0,0,5,2,0.0,11
671226,CR-0000074668,0,0,0,0,5,2,0.0,13
671227,CR-0000055631,1,0,0,0,5,1,0.0,2
671228,CR-0000061727,2,0,0,0,5,2,150.0,9
671231,CR-0000045911,1,0,0,0,4,3,0.0,15
671232,CR-0000039826,0,0,0,0,5,0,0.0,1
671233,CR-0000039476,2,0,0,0,5,5,90.0,21
671234,CR-0000039453,0,0,0,0,4,0,0.0,16
671238,CR-0000044972,0,0,0,0,5,3,0.0,4
671239,CR-0000045115,0,0,0,0,5,3,0.0,20
671240,CR-0000041360,0,0,0,0,5,3,65.0,1
671241,CR-0000034523,1,0,0,0,0,3,0.0,12
671242,CR-0000040528,0,0,0,0,5,3,0.0,0
671247,CR-0000043980,1,0,0,0,0,3,80.0,16
671248,CR-0000034317,0,1,0,0,0,3,0.0,20
671249,CR-0000032347,0,0,0,0,4,3,15.0,8
671255,CR-0000029229,0,0,0,0,5,3,0.0,14
671257,CR-0000045181,0,1,0,0,0,3,0.0,19
671258,CR-0000045179,1,0,0,0,5,1,0.0,14
671259,CR-0000041563,0,0,0,0,4,3,309.0,23
671260,CR-0000041512,1,0,0,0,5,0,0.0,5
671264,CR-0000030493,0,1,0,0,4,3,127.0,9
671267,CR-0000030311,0,0,1,0,4,3,0.0,10
671274,CR-0000035111,0,0,0,0,5,3,0.0,0
671275,CR-0000040296,5,0,0,0,5,3,400.0,22
671276,CR-0000034423,0,1,0,0,5,3,0.0,22
671277,CR-0000035402,0,0,0,0,5,3,0.0,2
671278,CR-0000050674,0,1,0,0,5,3,0.0,21
671286,CR-0000039824,1,0,0,0,5,3,0.0,8
671287,CR-0000047085,0,0,0,0,5,5,0.0,20
671288,CR-0000047032,0,0,0,0,5,0,0.0,21
671289,CR-0000052134,0,1,0,0,5,3,0.0,8
671290,CR-0000046295,0,0,0,0,4,5,0.0,8
671291,CR-0000052295,0,0,0,0,2,3,0.0,23
671292,CR-0000039503,1,0,0,0,5,5,0.0,8
671293,CR-0000039376,0,0,0,0,5,3,0.0,15
671294,CR-0000037629,0,0,0,0,5,3,0.0,10
671295,CR-0000049896,0,0,0,0,5,3,145.0,3
671296,CR-0000044709,0,0,0,0,5,3,170.0,23
671297,CR-0000036568,0,0,0,0,5,3,121.0,13
671298,CR-0000039704,1,0,0,0,5,3,15.0,0
671299,CR-0000036859,0,1,0,0,0,3,0.0,16
671301,CR-0000053919,1,0,0,0,5,0,0.0,8
671302,CR-0000037589,1,0,0,0,5,3,50.0,17
671303,CR-0000039817,0,0,0,0,5,3,183.0,21
671304,CR-0000051804,0,0,0,0,5,3,145.0,14
671305,CR-0000046952,0,0,0,0,5,3,35.0,17
671309,CR-0000029850,0,0,0,0,5,3,0.0,6
671310,CR-0000037612,1,0,0,0,5,0,0.0,19
671313,CR-0000041422,0,0,0,0,5,3,130.0,9
671314,CR-0000052439,0,0,0,0,6,5,0.0,8
671315,CR-0000052330,0,0,0,0,4,3,0.0,11
671316,CR-0000052307,1,0,0,0,5,5,0.0,12
671317,CR-0000046799,0,0,0,0,5,5,18.0,17
671318,CR-0000040322,0,0,0,0,5,3,0.0,10
671319,CR-0000052058,0,1,0,0,5,3,510.0,7
671321,CR-0000046876,1,0,0,0,5,0,0.0,9
671322,CR-0000044971,0,0,0,0,5,3,9.0,0
671323,CR-0000045921,1,0,0,0,5,3,120.0,22
671324,CR-0000045183,0,0,0,0,4,5,0.0,15
671325,CR-0000046767,2,0,0,0,6,0,29.0,22
671326,CR-0000038824,0,0,1,0,3,3,0.0,21
671327,CR-0000039429,0,0,0,0,5,5,23.0,10
671328,CR-0000037594,1,0,0,0,5,1,0.0,11
671329,CR-0000037537,0,1,0,0,4,3,0.0,1
671330,CR-0000039421,0,0,0,0,5,3,80.0,21
671331,CR-0000039871,1,0,0,0,5,3,0.0,13
671332,CR-0000050470,0,0,0,0,5,3,148.0,23
671333,CR-0000051981,0,0,0,0,5,3,25.0,2
671334,CR-0000037645,0,1,0,0,5,3,80.0,21
671335,CR-0000032861,0,1,0,0,5,3,20.0,12
671336,CR-0000039877,0,0,0,0,5,3,130.0,9
671337,CR-0000046144,0,1,0,0,5,3,0.0,16
671338,CR-0000065422,1,0,0,0,5,2,20.0,6
671342,CR-0000041591,1,0,0,0,5,3,0.0,16
671343,CR-0000058370,0,0,1,0,5,2,0.0,23
671344,CR-0000040997,0,0,0,0,5,3,60.0,2
671345,CR-0000051998,1,0,0,0,5,3,370.0,2
671346,CR-0000051858,0,0,0,0,5,3,4224.0,20
671347,CR-0000052074,1,0,0,0,5,0,120.0,6
671348,CR-0000052167,0,0,0,0,5,3,0.0,16
671349,CR-0000041501,0,0,0,0,4,3,0.0,5
671350,CR-0000041527,0,0,0,0,5,5,0.0,17
671351,CR-0000034882,1,0,0,0,5,3,0.0,17
671352,CR-0000033098,0,0,0,0,4,3,0.0,13
671353,CR-0000033760,1,0,0,0,0,3,0.0,16
671356,CR-0000052067,0,0,0,0,4,3,50.0,23
671357,CR-0000045104,0,0,0,0,5,1,406.0,18
671358,CR-0000046979,0,1,0,0,5,3,0.0,8
671359,CR-0000041376,2,0,0,0,4,6,0.0,17
671360,CR-0000071355,0,1,0,0,5,8,0.0,7
671361,CR-0000071128,0,0,0,0,5,6,30.0,7
671362,CR-0000071039,1,0,0,0,5,0,0.0,20
671366,CR-0000031488,1,0,0,0,4,3,0.0,15
671367,CR-0000052511,0,0,0,0,5,5,0.0,16
671368,CR-0000047001,0,0,0,0,4,3,0.0,22
671369,CR-0000051406,0,0,0,0,4,3,0.0,0
671370,CR-0000039129,0,0,0,0,5,3,0.0,10
671374,CR-0000050884,0,0,0,0,4,5,0.0,9
671376,CR-0000044934,0,0,0,0,5,3,120.0,0
671377,CR-0000030202,0,0,0,0,5,3,0.0,0
671380,CR-0000045906,2,0,0,0,5,5,275.0,10
671381,CR-0000051913,0,1,0,0,5,3,0.0,7
671382,CR-0000038819,0,1,0,0,5,3,170.0,20
671383,CR-0000038994,1,0,0,0,4,5,0.0,11
671384,CR-0000038917,0,0,0,0,5,3,226.0,19
671385,CR-0000039510,2,0,0,0,5,3,0.0,12
671386,CR-0000037631,0,0,0,0,5,3,0.0,7
671387,CR-0000037671,0,0,0,0,5,3,0.0,15
671388,CR-0000045129,0,0,0,0,4,5,0.0,6
671389,CR-0000041770,0,0,0,0,5,5,1320.0,8
671390,CR-0000071146,0,0,0,0,5,0,78.0,7
671391,CR-0000071024,0,1,0,0,5,0,0.0,21
671392,CR-0000071092,3,0,0,0,5,5,55.0,19
671393,CR-0000071091,0,0,0,0,2,2,0.0,18
671394,CR-0000071072,0,0,0,0,5,0,26.0,19
671395,CR-0000047159,2,0,0,0,5,5,450.0,8
671396,CR-0000052011,0,0,0,0,5,0,0.0,9
671397,CR-0000051651,0,0,0,0,4,5,0.0,15
671398,CR-0000044168,0,0,0,0,5,3,120.0,9
671399,CR-0000070161,0,0,0,0,5,2,51.0,1
671400,CR-0000039463,0,0,0,0,5,3,350.0,3
671401,CR-0000051821,0,0,0,0,5,3,107.0,0
671402,CR-0000058244,0,1,0,0,5,2,265.0,1
671403,CR-0000041340,1,0,0,0,5,3,342.0,10
671404,CR-0000051382,0,0,0,0,4,3,0.0,0
671405,CR-0000052125,0,0,0,0,5,3,108.0,18
671406,CR-0000046302,0,0,0,0,5,0,40.0,14
671407,CR-0000046288,0,0,0,0,5,3,149.0,15
671408,CR-0000041544,0,0,0,0,4,3,0.0,0
671409,CR-0000050952,1,0,0,0,5,5,0.0,16
671410,CR-0000045013,1,0,0,0,5,3,110.0,17
671412,CR-0000041451,1,0,0,0,5,5,0.0,12
671416,CR-0000047091,0,1,0,0,5,3,0.0,10
671417,CR-0000065710,1,0,0,0,5,1,0.0,1
671419,CR-0000045147,0,0,0,0,4,1,0.0,11
671420,CR-0000045120,0,1,0,0,5,3,660.0,12
671421,CR-0000071257,0,0,0,0,5,0,405.0,16
671422,CR-0000071305,0,0,0,0,5,6,0.0,23
671423,CR-0000071157,1,0,0,0,5,0,0.0,10
671425,CR-0000029384,0,0,0,0,4,3,40.0,22
671432,CR-0000066775,1,0,0,0,1,7,0.0,13
671433,CR-0000065530,0,0,0,0,5,2,0.0,23
671434,CR-0000070481,0,0,1,0,5,2,0.0,2
671435,CR-0000051839,0,1,0,0,5,3,42.0,0
671436,CR-0000059288,0,0,0,0,5,2,0.0,23
671437,CR-0000059156,0,0,0,0,5,4,0.0,1
671438,CR-0000040490,0,0,0,0,5,3,0.0,1
671439,CR-0000051215,0,0,0,0,5,3,22.0,2
671440,CR-0000069629,0,0,1,0,5,2,0.0,1
671441,CR-0000065835,0,0,0,0,5,2,40.0,2
671442,CR-0000066614,1,0,0,0,5,1,409.0,2
671443,CR-0000065799,0,1,0,0,5,1,0.0,1
671444,CR-0000065265,0,1,1,0,5,4,129.0,8
671445,CR-0000066457,0,1,0,0,5,2,650.0,2
671446,CR-0000052605,0,1,0,0,3,3,0.0,10
671447,CR-0000070546,0,0,0,0,5,2,0.0,22
671448,CR-0000071401,0,0,0,0,5,2,52.0,19
671449,CR-0000071391,0,0,0,0,5,2,30.0,23
671450,CR-0000041026,0,0,0,0,5,3,0.0,15
671451,CR-0000050648,1,0,0,0,5,3,7392.0,23
671452,CR-0000046927,0,1,0,0,5,3,0.0,2
671453,CR-0000067146,0,0,0,0,5,2,51.0,19
671459,CR-0000041299,0,0,0,0,5,5,100.0,14
671460,CR-0000046993,1,0,0,0,5,3,225.0,17
671461,CR-0000052567,0,0,0,0,5,5,230.0,7
671462,CR-0000052321,1,0,0,0,5,5,30.0,13
671463,CR-0000052584,0,0,0,0,5,3,0.0,20
671464,CR-0000046366,1,0,0,0,5,5,0.0,17
671468,CR-0000071051,1,0,0,0,5,0,250.0,18
671469,CR-0000071008,0,0,0,0,5,0,0.0,10
671470,CR-0000039435,1,1,0,0,5,3,0.0,19
671471,CR-0000039518,1,0,0,0,5,3,100.0,22
671472,CR-0000039606,0,0,0,0,0,3,0.0,13
671473,CR-0000051134,1,0,0,0,5,5,63.0,18
671474,CR-0000052017,0,0,0,0,5,5,105.0,13
671475,CR-0000046893,0,0,0,0,4,3,0.0,21
671476,CR-0000051599,1,0,0,0,5,3,75.0,12
671477,CR-0000046859,2,0,0,0,5,5,0.0,8
671478,CR-0000045927,0,0,0,0,5,6,75.0,9
671479,CR-0000041283,0,0,0,0,5,3,50.0,20
671480,CR-0000052814,0,0,0,0,5,5,0.0,18
671481,CR-0000051951,1,0,0,0,5,0,0.0,17
671482,CR-0000052187,0,1,0,0,5,3,100.0,13
671483,CR-0000067102,0,0,0,0,5,1,0.0,20
671484,CR-0000041764,0,1,0,0,5,3,0.0,2
671485,CR-0000070473,1,0,0,0,5,2,59.0,18
671486,CR-0000041100,0,0,0,0,5,3,0.0,3
671487,CR-0000059401,0,0,0,0,5,1,40.0,3
671488,CR-0000058733,0,0,0,0,5,2,52.0,21
671489,CR-0000066409,0,0,0,0,5,1,14.0,1
671490,CR-0000066679,1,0,0,0,5,2,0.0,0
671491,CR-0000066291,0,0,0,0,5,2,30.0,23
671492,CR-0000066081,0,0,0,0,5,2,0.0,1
671493,CR-0000065842,0,0,0,0,5,1,0.0,16
671494,CR-0000071058,0,0,1,0,5,6,350.0,23
671495,CR-0000039524,0,0,0,0,5,0,0.0,11
671496,CR-0000040286,2,0,0,0,5,3,45.0,4
671497,CR-0000052027,0,0,0,0,5,3,20.0,2
671498,CR-0000051127,0,0,0,0,4,3,0.0,12
671499,CR-0000040384,0,0,0,0,5,3,100.0,16
671500,CR-0000046350,0,0,0,0,5,1,0.0,1
671501,CR-0000047034,0,0,0,0,4,3,0.0,8
671502,CR-0000046891,0,0,0,0,5,3,266.0,22
671506,CR-0000036133,1,0,0,0,5,3,39.0,8
671507,CR-0000033033,0,1,0,0,5,3,0.0,7
671510,CR-0000046899,1,0,0,0,5,5,41.0,8
671511,CR-0000046874,1,0,0,0,5,1,0.0,8
671512,CR-0000038969,0,0,0,0,5,1,0.0,21
671513,CR-0000038919,0,1,0,0,5,3,253.0,19
671514,CR-0000038879,0,0,0,0,5,5,20.0,17
671515,CR-0000040072,0,0,0,0,5,3,0.0,12
671516,CR-0000051689,0,0,0,0,5,3,0.0,9
671517,CR-0000047134,1,1,0,0,5,0,172.0,19
671518,CR-0000069622,0,0,0,0,5,2,0.0,21
671520,CR-0000050524,0,0,0,0,5,3,0.0,2
671521,CR-0000053013,1,0,0,0,5,3,0.0,20
671523,CR-0000070391,0,0,0,0,5,2,305.0,2
671524,CR-0000059189,1,0,0,0,5,1,0.0,0
671525,CR-0000045025,0,0,0,0,5,0,0.0,8
671526,CR-0000045109,1,0,0,0,5,0,162.0,11
671527,CR-0000071053,1,0,0,0,5,0,0.0,19
671528,CR-0000039541,0,1,0,0,5,3,0.0,11
671529,CR-0000052052,0,1,0,0,0,3,0.0,17
671530,CR-0000052899,0,0,0,0,4,0,0.0,7
671531,CR-0000051223,0,0,0,0,5,6,0.0,18
671532,CR-0000046886,1,0,0,0,5,0,0.0,18
671533,CR-0000051580,0,0,0,0,5,3,0.0,7
671534,CR-0000046409,0,0,0,0,4,3,0.0,0
671535,CR-0000041306,1,0,0,0,5,5,0.0,18
671536,CR-0000041532,0,1,0,0,3,3,177.0,3
671537,CR-0000045905,1,0,0,0,5,0,0.0,9
671539,CR-0000052870,0,0,0,0,4,0,0.0,13
671540,CR-0000067546,0,0,0,0,5,3,27.0,21
671541,CR-0000067228,1,0,0,0,5,2,0.0,21
671542,CR-0000066841,0,0,0,0,5,2,240.0,23
671544,CR-0000072783,0,0,0,0,5,2,22.0,1
671545,CR-0000072690,0,0,0,0,5,2,30.0,3
671546,CR-0000041737,1,0,0,0,5,1,0.0,9
671547,CR-0000052331,1,0,0,0,4,3,10.0,18
671548,CR-0000066776,0,0,0,0,5,5,58.0,13
671549,CR-0000065899,0,0,0,0,5,2,20.0,2
671550,CR-0000065742,0,1,0,0,5,7,0.0,8
671553,CR-0000029903,0,0,0,0,5,3,0.0,17
671559,CR-0000046267,1,0,0,0,5,3,220.0,22
671560,CR-0000066613,1,0,0,0,5,1,125.0,2
671561,CR-0000066594,0,0,0,0,5,2,150.0,0
671562,CR-0000070354,0,0,0,0,5,2,0.0,2
671563,CR-0000066130,0,0,0,0,5,2,5.0,0
671564,CR-0000061118,0,0,0,0,5,1,0.0,5
671565,CR-0000069590,1,0,0,0,5,2,0.0,0
671566,CR-0000066856,0,1,0,0,5,1,33.0,22
671567,CR-0000036427,0,0,0,0,5,3,225.0,4
671573,CR-0000045096,0,1,0,0,5,3,0.0,17
671574,CR-0000045093,0,1,0,0,0,3,120.0,12
671575,CR-0000052414,0,0,0,0,5,5,10.0,22
671576,CR-0000051847,0,0,0,0,4,3,0.0,1
671584,CR-0000070956,0,1,0,0,5,2,0.0,20
671585,CR-0000040993,0,0,0,0,5,3,0.0,0
671586,CR-0000040557,0,0,0,0,5,3,0.0,2
671587,CR-0000074340,0,0,0,0,5,2,30.0,2
671588,CR-0000041358,0,0,0,0,4,1,0.0,12
671589,CR-0000046954,0,0,0,0,5,3,140.0,20
671590,CR-0000050968,1,0,0,0,5,3,0.0,20
671591,CR-0000071395,0,0,0,0,5,6,0.0,16
671592,CR-0000071078,0,0,0,0,5,5,27.0,8
671593,CR-0000071057,0,1,0,0,5,5,30.0,23
671594,CR-0000039474,0,1,0,0,5,0,0.0,20
671595,CR-0000041157,0,0,0,0,5,3,15.0,20
671596,CR-0000051931,0,0,0,0,4,0,0.0,14
671597,CR-0000045191,0,0,0,0,4,1,500.0,16
671598,CR-0000050461,0,0,0,0,5,3,180.0,15
671599,CR-0000045044,0,0,0,0,5,3,144.0,1
671600,CR-0000045032,0,0,0,0,5,3,0.0,17
671601,CR-0000045107,1,0,0,0,0,3,0.0,2
671602,CR-0000045005,1,0,0,0,4,0,0.0,17
671603,CR-0000041362,0,0,0,0,5,5,0.0,2
671604,CR-0000046966,1,1,0,0,5,0,0.0,7
671605,CR-0000071958,1,0,0,0,5,5,135.0,8
671606,CR-0000071299,0,1,0,0,5,1,0.0,9
671607,CR-0000071286,0,0,0,0,5,5,67.0,4