CrashFactId,Name,MinorInjuries,ModerateInjuries,SevereInjuries,FatalInjuries,PrimaryCollisionFactor_Code,CollisionType_Code,Distance,CrashTime
678576,CR-0000087762,1,0,0,0,5,0,0.0,15
678577,CR-0000087763,0,0,0,0,4,5,0.0,0
678578,CR-0000087764,1,0,0,0,5,5,45.0,11
678579,CR-0000087765,2,0,0,0,5,1,0.0,4
678580,CR-0000087766,1,0,0,0,5,2,1022.0,7
678581,CR-0000087767,4,0,0,0,5,5,85.0,10
678582,CR-0000087768,1,0,0,0,5,0,0.0,11
678583,CR-0000087769,0,1,0,0,0,7,0.0,11
678584,CR-0000087770,0,0,0,0,5,5,0.0,14
678585,CR-0000087771,1,0,0,0,5,6,62.0,15
678586,CR-0000087772,2,0,0,0,5,1,0.0,16
678587,CR-0000087773,0,0,0,0,5,0,0.0,21
678588,CR-0000087774,3,0,0,0,5,5,0.0,23
678589,CR-0000087775,2,1,0,0,5,1,0.0,9
678590,CR-0000087776,0,1,0,0,5,7,293.0,7
678591,CR-0000087777,0,0,0,0,5,3,51.0,13
678592,CR-0000087778,1,0,0,0,0,7,0.0,13
678593,CR-0000087779,0,0,0,0,5,5,25.0,15
678594,CR-0000087780,1,0,0,0,5,5,40.0,16
678595,CR-0000087781,0,0,0,0,4,5,0.0,7
678596,CR-0000087782,0,1,0,0,5,2,365.0,6
678597,CR-0000087783,0,0,0,0,5,1,125.0,8
678598,CR-0000087784,0,2,0,0,5,7,111.0,13
678599,CR-0000087785,1,0,0,0,5,1,0.0,15
678600,CR-0000087786,0,0,0,0,5,6,330.0,17
678601,CR-0000087787,0,0,0,0,5,0,0.0,18
678602,CR-0000087788,1,0,0,0,5,5,79.0,21
678603,CR-0000087789,1,0,0,0,4,7,0.0,21
678604,CR-0000087790,0,0,0,0,5,0,290.0,22
678605,CR-0000087791,0,0,0,0,4,6,51.0,21
678606,CR-0000087792,0,2,0,0,5,2,138.0,9
678607,CR-0000087793,0,0,0,0,5,0,51.0,18
678608,CR-0000087794,1,0,0,0,5,5,75.0,1
678609,CR-0000087795,0,0,0,0,5,2,325.0,0
678610,CR-0000087796,1,1,0,0,5,8,0.0,6
678611,CR-0000087797,0,0,0,0,5,6,0.0,6
678612,CR-0000087798,0,0,0,0,5,5,90.0,9
678613,CR-0000087799,0,0,0,0,5,6,0.0,9
678614,CR-0000087800,0,0,0,0,5,2,19.0,11
678615,CR-0000087801,0,0,0,0,4,6,51.0,8
678616,CR-0000087802,2,0,0,0,5,5,190.0,7
678617,CR-0000087803,1,1,0,0,4,0,0.0,9
678618,CR-0000087804,0,0,0,0,5,5,39.0,9
678619,CR-0000087805,1,0,0,0,5,8,0.0,14
678620,CR-0000087806,0,0,0,0,5,0,0.0,22
678621,CR-0000087807,0,0,0,0,5,0,49.0,22
678622,CR-0000087808,0,0,0,0,4,5,0.0,8
678623,CR-0000087809,0,0,0,0,5,5,51.0,1
678624,CR-0000087810,0,0,0,0,5,6,100.0,23
678625,CR-0000087811,0,1,0,0,5,5,32.0,4
678626,CR-0000087812,1,0,0,0,4,0,0.0,11
678627,CR-0000087813,0,0,0,0,5,5,0.0,12
678628,CR-0000087814,0,0,0,0,5,5,260.0,15
678629,CR-0000087815,0,0,0,0,2,2,145.0,17
678630,CR-0000087817,1,0,0,0,5,0,0.0,19
678631,CR-0000087818,5,0,0,0,5,1,0.0,20
678632,CR-0000087819,0,0,0,0,5,6,300.0,20
678633,CR-0000087820,0,1,0,0,5,6,0.0,21
678634,CR-0000087821,0,0,0,0,5,5,51.0,22
678635,CR-0000087822,0,0,0,0,5,5,40.0,22
678636,CR-0000087823,0,0,0,0,5,6,123.0,23
678637,CR-0000087824,0,0,0,0,5,6,555.0,23
678638,CR-0000087825,0,0,0,0,4,0,0.0,20
678639,CR-0000087826,0,0,0,0,5,2,65.0,9
678640,CR-0000087827,0,0,0,0,5,5,0.0,10
678641,CR-0000087828,1,0,0,0,5,2,150.0,11
678642,CR-0000087829,1,0,0,0,5,0,0.0,12
678643,CR-0000087830,1,0,0,0,5,4,4655.0,12
678644,CR-0000087831,0,1,0,0,5,7,0.0,13
678645,CR-0000087832,0,0,0,0,5,1,0.0,7
678646,CR-0000087833,0,0,0,0,5,1,22.0,7
678647,CR-0000087834,1,0,0,0,0,7,16.0,14
678648,CR-0000087835,1,0,0,0,5,0,0.0,15
678649,CR-0000087836,0,0,0,0,5,5,510.0,16
678650,CR-0000087837,0,0,0,0,5,0,0.0,16
678651,CR-0000087838,0,0,0,0,5,3,81.0,17
678652,CR-0000087839,1,0,0,0,5,2,32.0,20
678653,CR-0000087840,1,0,0,0,4,2,0.0,21
678654,CR-0000087841,0,0,0,0,5,2,0.0,22
678655,CR-0000087842,0,1,0,0,5,2,28.0,23
678656,CR-0000087843,0,0,0,0,5,2,220.0,1
678657,CR-0000087844,1,0,0,0,6,0,0.0,12
678658,CR-0000087845,0,1,0,0,5,5,192.0,14
678659,CR-0000087846,0,2,0,0,0,7,51.0,15
678660,CR-0000087847,1,0,0,0,5,0,0.0,16
678661,CR-0000087848,2,0,0,0,5,1,50.0,9
678662,CR-0000087849,1,0,0,0,5,2,0.0,9
678663,CR-0000087850,1,0,0,0,5,5,48.0,15
678664,CR-0000087851,0,0,1,0,5,2,19.0,19
678665,CR-0000087852,2,0,0,0,5,3,0.0,20
678666,CR-0000087853,0,0,0,0,5,0,100.0,21
678667,CR-0000087854,0,0,0,0,5,5,310.0,16
678668,CR-0000087855,0,0,0,0,4,6,0.0,16
678669,CR-0000087856,0,0,0,0,5,5,180.0,5
678670,CR-0000087857,2,0,0,0,4,6,51.0,0
678671,CR-0000087858,2,0,0,0,5,0,0.0,1
678672,CR-0000087859,0,0,0,0,4,0,0.0,2
678673,CR-0000087860,0,0,0,0,5,5,32.0,3
678674,CR-0000087861,4,0,0,0,5,5,448.0,14
678675,CR-0000087862,0,1,0,0,5,1,0.0,17
678676,CR-0000087863,0,0,0,0,5,3,360.0,18
678677,CR-0000087864,0,0,0,0,5,5,51.0,20
678678,CR-0000087865,1,0,0,0,5,6,0.0,20
678679,CR-0000087866,0,0,0,0,5,6,51.0,22
678680,CR-0000087867,0,0,0,0,5,6,107.0,23
678681,CR-0000087868,0,0,0,0,5,5,1864.0,18
678682,CR-0000087869,0,0,0,0,5,6,350.0,22
678683,CR-0000087871,0,0,0,0,4,5,0.0,8
678684,CR-0000087872,0,0,0,0,4,6,0.0,16
678685,CR-0000087873,0,0,0,0,4,0,0.0,20
678686,CR-0000087874,0,0,0,0,4,5,0.0,18
678687,CR-0000087875,1,0,0,0,0,7,114.0,21
678688,CR-0000087876,1,0,0,0,5,0,0.0,16
678689,CR-0000087877,0,0,0,0,5,6,0.0,14
678690,CR-0000087878,1,0,0,0,5,5,60.0,19
678691,CR-0000087879,0,0,0,0,4,6,100.0,17
678692,CR-0000087880,0,0,0,0,4,6,71.0,21
678693,CR-0000087881,1,0,0,0,5,0,0.0,11
678694,CR-0000087882,1,0,0,0,4,8,210.0,23
678695,CR-0000087883,0,1,0,0,5,7,126.0,7
678696,CR-0000087884,0,0,0,0,5,6,0.0,17
678697,CR-0000087885,0,0,0,0,5,6,0.0,14
678698,CR-0000087886,0,0,0,0,5,5,33.0,0
678699,CR-0000087887,0,1,0,0,5,8,80.0,23
678700,CR-0000087888,0,1,0,0,5,5,0.0,18
678701,CR-0000087889,1,0,0,0,5,1,0.0,22
678702,CR-0000087890,0,0,0,0,5,6,80.0,7
678703,CR-0000087891,2,0,0,0,5,0,181.0,13
678704,CR-0000087892,1,0,0,0,5,5,0.0,14
678705,CR-0000087893,1,0,0,0,5,0,0.0,16
678706,CR-0000087894,0,0,0,0,5,5,69.0,21
678707,CR-0000087895,0,0,0,0,5,0,135.0,21
678708,CR-0000087896,0,0,0,0,5,5,0.0,22
678709,CR-0000087897,0,0,0,0,4,1,0.0,18
678710,CR-0000087898,0,0,0,0,4,5,0.0,8
678711,CR-0000087899,0,0,0,0,4,6,0.0,7
678712,CR-0000087900,0,0,0,0,4,7,51.0,7
678713,CR-0000087901,1,0,0,0,5,5,51.0,7
678714,CR-0000087902,0,0,0,0,5,3,50.0,8
678715,CR-0000087903,0,0,0,0,5,0,0.0,11
678716,CR-0000087904,1,1,0,0,5,0,0.0,14
678717,CR-0000087905,1,1,0,0,5,5,51.0,15
678718,CR-0000087906,1,0,0,0,0,7,0.0,15
678719,CR-0000087907,0,0,0,0,5,6,70.0,16
678720,CR-0000087908,2,0,0,0,5,0,176.0,17
678721,CR-0000087909,1,0,0,0,3,8,0.0,20
678722,CR-0000087910,3,3,0,0,5,0,0.0,23
678723,CR-0000087911,0,0,0,0,4,5,51.0,17
678724,CR-0000087912,0,0,0,0,4,6,0.0,14
678725,CR-0000087913,0,0,0,0,4,6,51.0,0
678726,CR-0000087914,0,0,0,0,4,6,51.0,11
678727,CR-0000087915,0,0,0,0,4,0,51.0,9
678728,CR-0000087916,0,0,1,0,5,8,152.0,1
678729,CR-0000087917,0,1,0,0,5,7,0.0,17
678730,CR-0000087918,0,0,0,0,4,7,0.0,9
678731,CR-0000087919,1,0,0,0,5,8,0.0,11
678732,CR-0000087920,0,0,0,0,5,6,0.0,16
678733,CR-0000087921,0,0,0,0,5,0,0.0,20
678734,CR-0000087922,1,0,0,0,5,0,0.0,10
678735,CR-0000087923,0,0,0,0,4,5,0.0,9
678736,CR-0000087924,0,1,0,0,5,0,51.0,4
678737,CR-0000087925,0,1,0,0,5,5,186.0,16
678738,CR-0000087926,0,1,0,0,5,7,18.0,22
678739,CR-0000087927,2,0,0,0,5,5,62.0,13
678740,CR-0000087928,0,1,0,0,5,7,0.0,14
678741,CR-0000087929,0,1,0,0,5,5,20.0,16
678742,CR-0000087930,0,2,0,0,5,1,210.0,21
678743,CR-0000087931,0,1,0,0,5,2,0.0,21
678744,CR-0000087932,2,0,0,0,5,5,93.0,23
678745,CR-0000087933,0,0,0,0,5,5,51.0,14
678746,CR-0000087934,0,0,0,0,5,5,51.0,10
678747,CR-0000087935,0,0,0,0,4,1,0.0,19
678748,CR-0000087936,0,0,0,0,6,0,0.0,21
678749,CR-0000087937,0,0,0,0,4,5,117.0,15
678750,CR-0000087938,1,0,0,0,5,6,51.0,15
678751,CR-0000087939,0,0,0,0,4,5,51.0,6
678752,CR-0000087940,0,0,0,0,5,1,0.0,1
678753,CR-0000087941,0,0,0,0,5,6,0.0,9
678754,CR-0000087942,1,0,0,0,5,5,0.0,15
678755,CR-0000087943,0,0,0,0,5,2,0.0,17
678756,CR-0000087944,1,0,0,0,5,1,150.0,17
678757,CR-0000087945,2,0,0,0,5,0,0.0,6
678758,CR-0000087946,1,0,0,0,5,7,34.0,8
678759,CR-0000087947,2,0,0,0,5,5,36.0,13
678760,CR-0000087948,0,0,0,0,4,5,0.0,15
678761,CR-0000087949,0,1,0,0,5,7,0.0,16
678762,CR-0000087950,2,0,0,0,5,0,0.0,17
678763,CR-0000087951,1,0,0,0,5,1,0.0,19
678764,CR-0000087952,0,0,0,0,5,5,27.0,20
678765,CR-0000087953,0,0,0,0,5,5,52.0,21
678766,CR-0000087954,1,0,1,0,5,8,53.0,8
678767,CR-0000087955,0,1,2,1,5,2,30.0,22
678768,CR-0000087956,0,0,0,1,5,8,0.0,0
678769,CR-0000087958,0,1,0,0,5,0,248.0,17
678770,CR-0000087959,0,0,0,0,5,6,250.0,20
678771,CR-0000087960,0,0,0,0,5,0,0.0,6
678772,CR-0000087961,0,0,0,0,5,5,25.0,21
678773,CR-0000087962,0,0,0,0,5,2,60.0,19
678774,CR-0000087963,0,0,0,0,5,6,0.0,20
678775,CR-0000087964,0,0,0,0,5,5,0.0,14
678776,CR-0000087965,0,0,0,0,5,3,176.0,8
678777,CR-0000087966,0,0,0,0,4,2,0.0,22
678778,CR-0000087967,1,0,0,0,5,0,0.0,21
678779,CR-0000087968,0,0,0,0,5,0,0.0,18
678780,CR-0000087969,3,0,0,0,5,0,187.0,18
678781,CR-0000087970,0,0,0,1,4,2,6038.0,22
678782,CR-0000087972,0,0,0,0,5,0,0.0,16
678783,CR-0000087973,0,1,0,0,5,2,0.0,17
678784,CR-0000087974,2,0,0,0,5,1,0.0,17
678785,CR-0000087975,0,0,0,0,5,3,30.0,9
678786,CR-0000087976,2,1,0,0,5,1,42.0,16
678787,CR-0000087977,1,3,0,0,5,0,0.0,18
678788,CR-0000087978,1,0,0,0,5,6,0.0,20
678789,CR-0000087979,0,0,0,0,5,6,127.0,0
678790,CR-0000087980,0,0,0,0,5,6,30.0,0
678791,CR-0000087981,0,0,0,0,5,2,60.0,1
678792,CR-0000087982,0,0,0,0,5,6,0.0,13
678793,CR-0000087983,0,0,0,0,5,1,90.0,1
678794,CR-0000087984,2,0,0,0,5,6,155.0,2
678795,CR-0000087985,0,1,0,0,5,2,675.0,2
678796,CR-0000087986,0,0,0,0,5,5,164.0,7
678797,CR-0000087987,2,0,0,0,5,0,0.0,20
678798,CR-0000087988,0,0,0,0,5,2,0.0,20
678799,CR-0000087989,1,1,0,0,5,0,0.0,20
678800,CR-0000087990,0,0,0,0,5,1,84.0,0
678801,CR-0000087991,0,0,0,0,5,5,140.0,4
678802,CR-0000087992,0,0,0,0,5,1,345.0,5
678803,CR-0000087993,0,0,0,0,5,2,56.0,3
678804,CR-0000087994,0,1,0,0,5,6,124.0,0
678805,CR-0000087995,0,0,0,0,5,2,69.0,15
678806,CR-0000087996,0,1,0,0,5,2,26.0,0
678807,CR-0000087997,1,0,0,0,5,0,0.0,1
678808,CR-0000087998,0,0,1,0,5,8,186.0,1
678809,CR-0000087999,0,0,1,0,5,2,0.0,1
678810,CR-0000088000,1,0,0,0,5,1,215.0,2
678811,CR-0000088001,1,0,0,0,5,2,279.0,8
678812,CR-0000088002,0,0,0,0,5,6,170.0,11
678813,CR-0000088003,0,1,0,0,5,7,460.0,12
678814,CR-0000088004,0,1,0,0,5,5,0.0,13
678815,CR-0000088005,0,0,0,0,5,0,192.0,14
678816,CR-0000088006,0,1,0,0,5,0,0.0,15
678817,CR-0000088007,0,1,0,0,5,2,0.0,15
678818,CR-0000088008,1,1,1,0,5,6,0.0,17
678819,CR-0000088009,0,0,0,0,5,6,51.0,17
678820,CR-0000088010,0,0,0,0,4,5,51.0,21
678821,CR-0000088011,0,0,0,0,5,0,102.0,22
678822,CR-0000088012,0,0,0,0,5,0,0.0,7
678823,CR-0000088013,0,0,0,0,5,2,0.0,3
678824,CR-0000088014,1,0,0,0,5,8,0.0,7
678825,CR-0000088015,1,0,0,0,5,0,0.0,8
678826,CR-0000088016,0,0,0,0,4,5,0.0,8
678827,CR-0000088017,0,1,0,0,5,6,164.0,12
678828,CR-0000088018,0,1,0,0,5,1,0.0,14
678829,CR-0000088019,1,0,0,0,5,2,98.0,16
678830,CR-0000088020,0,1,0,0,5,7,51.0,17
678831,CR-0000088021,1,0,0,0,5,0,140.0,18
678832,CR-0000088022,0,0,0,0,4,1,0.0,17
678833,CR-0000088023,0,0,0,0,4,6,51.0,19
678834,CR-0000088024,0,0,0,0,5,0,0.0,13
678835,CR-0000088027,3,0,0,0,5,0,0.0,22
678836,CR-0000088028,0,0,0,0,5,2,0.0,1
678837,CR-0000088029,0,0,0,0,5,2,0.0,5
678838,CR-0000088030,0,0,0,0,5,5,90.0,9
678839,CR-0000088031,2,0,0,0,5,0,0.0,16
678840,CR-0000088032,0,1,1,0,0,7,0.0,21
678841,CR-0000088033,0,0,0,0,5,1,470.0,20
678842,CR-0000088034,0,1,0,0,5,1,39.0,2
678843,CR-0000088035,1,0,0,0,5,3,51.0,11
678844,CR-0000088036,1,1,0,0,5,0,0.0,11
678845,CR-0000088037,0,0,0,0,5,6,100.0,16
678846,CR-0000088038,0,0,0,0,5,6,51.0,17
678847,CR-0000088039,2,0,0,0,5,0,0.0,20
678848,CR-0000088040,1,0,0,0,5,2,0.0,23
678849,CR-0000088041,0,0,0,0,5,6,63.0,23
678850,CR-0000088042,0,0,0,0,5,6,450.0,0
678851,CR-0000088043,3,0,0,0,5,6,26.0,0
678852,CR-0000088044,0,0,0,0,5,2,0.0,1
678853,CR-0000088045,0,0,0,0,5,6,0.0,3
678854,CR-0000088046,1,0,0,0,5,5,120.0,13
678855,CR-0000088047,3,2,0,0,5,6,0.0,15
678856,CR-0000088048,0,0,0,0,5,5,51.0,15
678857,CR-0000088049,2,0,0,0,5,5,138.0,16
678858,CR-0000088050,0,0,0,0,5,5,149.0,17
678859,CR-0000088051,1,1,0,0,5,0,0.0,17
678860,CR-0000088052,0,0,1,0,0,7,0.0,18
678861,CR-0000088053,1,1,0,0,5,0,0.0,21
678862,CR-0000088054,0,0,0,0,5,1,121.0,22
678863,CR-0000088055,0,0,0,0,5,2,147.0,7
678864,CR-0000088056,0,0,0,0,5,1,147.0,7
678865,CR-0000088057,0,0,0,0,5,6,51.0,9
678866,CR-0000088058,0,1,0,0,5,7,178.0,13
678867,CR-0000088059,0,0,0,0,5,6,150.0,17
678868,CR-0000088060,0,0,0,0,5,2,158.0,20
678869,CR-0000088061,0,0,0,0,5,6,16.0,7
678870,CR-0000088062,1,0,0,0,5,0,0.0,13
678871,CR-0000088063,0,1,0,0,5,0,0.0,8
678872,CR-0000088064,0,0,0,0,5,6,32.0,8
678873,CR-0000088065,0,0,0,0,5,5,0.0,14
678874,CR-0000088066,0,1,0,0,5,0,0.0,14
678875,CR-0000088067,1,0,0,0,5,0,51.0,17
678876,CR-0000088068,0,0,0,0,5,5,20.0,0
678877,CR-0000088069,0,0,0,0,4,6,20.0,0
678878,CR-0000088070,0,1,0,0,5,7,250.0,18
678879,CR-0000088071,1,0,0,0,5,5,152.0,5
678880,CR-0000088072,0,0,0,0,5,2,270.0,11
678881,CR-0000088073,1,0,0,0,5,5,348.0,13
678882,CR-0000088074,0,1,0,0,5,0,255.0,14
678883,CR-0000088075,0,0,0,0,5,6,0.0,23
678884,CR-0000088076,0,0,0,0,5,6,63.0,8
678885,CR-0000088077,0,0,0,0,5,1,60.0,18
678886,CR-0000088078,0,0,1,0,0,7,550.0,19
678887,CR-0000088079,0,1,0,0,5,2,40.0,20
678888,CR-0000088080,0,0,0,0,5,6,57.0,21
678889,CR-0000088081,0,0,0,0,4,6,51.0,20
678890,CR-0000088082,1,0,0,0,5,6,450.0,10
678891,CR-0000088083,1,0,0,0,5,0,90.0,17
678892,CR-0000088084,1,0,0,0,5,7,0.0,20
678893,CR-0000088085,0,0,0,0,5,2,0.0,16
678894,CR-0000088086,0,0,0,0,5,5,0.0,21
678895,CR-0000088087,0,1,0,0,5,4,140.0,23
678896,CR-0000088088,0,0,0,0,5,2,0.0,3
678897,CR-0000088089,0,0,0,0,5,6,0.0,11
678898,CR-0000088090,0,0,1,0,5,8,0.0,22
678899,CR-0000088091,0,2,0,0,5,8,0.0,8
678900,CR-0000088092,0,0,0,0,5,5,270.0,16
678901,CR-0000088093,0,1,0,0,5,5,35.0,1
678902,CR-0000088094,0,0,0,0,5,6,51.0,3
678903,CR-0000088095,0,0,0,0,5,6,36.0,9
678904,CR-0000088096,2,0,0,0,5,6,0.0,11
678905,CR-0000088097,1,0,0,0,5,5,0.0,12
678906,CR-0000088098,0,1,0,0,5,5,286.0,12
678907,CR-0000088099,1,0,0,0,5,0,0.0,13
678908,CR-0000088100,1,1,0,0,5,0,0.0,14
678909,CR-0000088102,0,0,0,0,5,5,51.0,20
678910,CR-0000088103,2,2,0,0,5,5,61.0,20
678911,CR-0000088104,2,0,0,0,5,1,0.0,21
678912,CR-0000088105,0,0,0,0,5,0,39.0,21
678913,CR-0000088106,0,1,0,0,5,6,0.0,22
678914,CR-0000088107,0,0,0,0,4,1,0.0,9
678915,CR-0000088108,0,0,0,0,4,4,0.0,21
678916,CR-0000088109,0,0,0,0,4,6,51.0,12
678917,CR-0000088110,4,0,0,0,4,5,0.0,19
678918,CR-0000088111,0,0,0,0,4,0,0.0,10
678919,CR-0000088112,0,0,0,0,4,6,51.0,10
678920,CR-0000088113,0,0,0,0,4,4,0.0,6
678921,CR-0000088114,0,0,0,0,5,5,25.0,1
678922,CR-0000088115,0,0,0,0,4,6,55.0,15
678923,CR-0000088116,0,0,0,0,4,6,0.0,5
678924,CR-0000088117,0,0,0,0,4,6,51.0,19
678925,CR-0000088118,1,0,0,0,5,0,0.0,8
678926,CR-0000088119,1,0,0,0,5,5,51.0,15
678927,CR-0000088120,1,0,0,0,5,6,33.0,15
678928,CR-0000088121,0,0,0,0,5,2,294.0,10
678929,CR-0000088122,1,1,0,0,5,0,0.0,18
678930,CR-0000088123,0,0,0,0,5,6,0.0,18
678931,CR-0000088124,3,1,0,0,5,2,28.0,20
678932,CR-0000088125,2,0,0,0,5,5,60.0,18
678933,CR-0000088126,1,0,0,0,5,5,33.0,19
678934,CR-0000088127,0,0,0,0,5,1,75.0,4
678935,CR-0000088128,1,2,1,0,5,0,0.0,6
678936,CR-0000088129,1,1,0,0,5,0,0.0,11
678937,CR-0000088130,0,0,0,0,5,6,0.0,13
678938,CR-0000088131,1,0,0,0,5,5,100.0,18
678939,CR-0000088132,0,0,0,0,4,6,0.0,8
678940,CR-0000088133,0,0,0,0,4,5,0.0,17
678941,CR-0000088134,0,0,0,0,4,3,0.0,14
678942,CR-0000088135,1,1,0,0,5,6,0.0,7
678943,CR-0000088136,0,1,0,0,5,8,230.0,18
678944,CR-0000088137,0,0,0,0,5,5,55.0,1
678945,CR-0000088138,0,0,0,0,5,0,0.0,9
678946,CR-0000088139,0,0,0,0,5,6,63.0,11
678947,CR-0000088140,2,0,0,0,5,5,116.0,11
678948,CR-0000088141,1,0,0,0,5,0,0.0,15
678949,CR-0000088142,1,0,0,0,5,0,0.0,20
678950,CR-0000088143,0,0,0,0,5,0,0.0,23
678951,CR-0000088144,1,0,0,0,5,5,72.0,22
678952,CR-0000088145,1,0,0,0,5,0,40.0,17
678953,CR-0000088146,0,1,0,0,5,2,38.0,19
678954,CR-0000088147,0,0,0,1,5,8,183.0,19
678955,CR-0000088148,0,0,0,0,5,5,78.0,1
678956,CR-0000088149,1,0,0,0,5,2,42.0,2
678957,CR-0000088150,0,0,0,0,5,2,150.0,6
678958,CR-0000088151,1,0,0,0,5,6,210.0,7
678959,CR-0000088152,0,0,0,0,4,5,0.0,19
678960,CR-0000088153,0,0,1,0,5,0,0.0,7
678961,CR-0000088154,0,1,0,0,5,1,0.0,13
678962,CR-0000088155,1,0,0,0,4,6,900.0,17
678963,CR-0000088156,1,0,0,0,5,8,0.0,7
678964,CR-0000088157,1,0,0,0,3,8,0.0,8
678965,CR-0000088158,1,0,0,0,5,5,20.0,15
678966,CR-0000088161,0,0,0,0,5,5,153.0,18
678967,CR-0000088162,0,0,0,0,5,6,320.0,19
678968,CR-0000088163,0,0,0,0,4,5,51.0,14
678969,CR-0000088164,0,0,0,0,4,6,0.0,17
678970,CR-0000088165,0,0,0,0,4,6,0.0,17
678971,CR-0000088166,0,0,0,0,5,6,118.0,18
678972,CR-0000088167,0,0,0,0,5,3,0.0,1
678973,CR-0000088168,0,0,1,0,5,2,0.0,2
678974,CR-0000088169,0,0,0,0,5,2,75.0,3
678975,CR-0000088170,0,1,0,0,5,1,51.0,5
678976,CR-0000088171,0,0,0,0,5,5,0.0,7
678977,CR-0000088172,2,0,0,0,5,5,400.0,13
678978,CR-0000088173,1,2,0,0,5,0,0.0,14
678979,CR-0000088174,0,0,0,0,5,5,21.0,14
678980,CR-0000088175,0,0,0,0,4,0,0.0,17
678981,CR-0000088176,0,0,0,0,5,6,34.0,18
678982,CR-0000088177,0,0,1,0,5,0,0.0,20
678983,CR-0000088178,2,0,0,0,5,5,240.0,21
678984,CR-0000088179,1,0,0,0,5,7,0.0,22
678985,CR-0000088180,0,0,0,0,5,5,30.0,23
678986,CR-0000088181,2,0,0,0,5,5,255.0,16
678987,CR-0000088182,1,0,0,0,5,1,0.0,6
678988,CR-0000088183,1,0,0,0,5,2,388.0,7
678989,CR-0000088184,0,0,0,0,4,0,0.0,8
678990,CR-0000088185,2,0,0,0,5,6,0.0,15
678991,CR-0000088186,0,0,0,0,5,1,51.0,22
678992,CR-0000088187,0,0,0,0,5,6,0.0,23
678993,CR-0000088188,0,0,0,0,4,6,0.0,18
678994,CR-0000088189,0,0,0,0,4,3,51.0,22
678995,CR-0000088190,0,0,0,0,4,6,51.0,19
678996,CR-0000088191,0,0,0,0,4,7,0.0,13
678997,CR-0000088192,1,0,0,0,5,5,38.0,2
678998,CR-0000088193,0,1,0,0,0,7,51.0,12
678999,CR-0000088194,1,1,0,0,5,0,194.0,12
679000,CR-0000088195,1,0,0,0,4,0,0.0,12
679001,CR-0000088196,0,0,0,0,5,0,0.0,16
679002,CR-0000088197,0,0,0,0,5,6,0.0,18
679003,CR-0000088198,1,0,0,0,5,6,0.0,18
679004,CR-0000088199,1,0,0,0,5,8,39.0,19
679005,CR-0000088200,0,0,0,0,5,6,48.0,0
679006,CR-0000088201,0,0,0,0,5,5,200.0,1
679007,CR-0000088202,0,2,0,0,5,2,82.0,1
679008,CR-0000088203,0,0,0,0,5,6,46.0,3
679009,CR-0000088204,0,0,0,0,5,1,250.0,4
679010,CR-0000088205,0,0,0,0,5,5,0.0,11
679011,CR-0000088206,1,0,0,0,5,5,0.0,15
679012,CR-0000088207,0,0,0,0,5,0,0.0,16
679013,CR-0000088208,0,0,0,0,5,6,56.0,17
679014,CR-0000088209,0,0,0,0,5,5,530.0,20
679015,CR-0000088210,0,0,0,0,5,6,0.0,22
679016,CR-0000088211,0,0,0,0,5,1,125.0,23
679017,CR-0000088212,0,0,0,0,5,2,155.0,10
679018,CR-0000088213,0,0,0,0,5,3,347.0,14
679019,CR-0000088214,1,0,0,0,5,7,0.0,6
679020,CR-0000088215,1,0,0,0,5,7,0.0,8
679021,CR-0000088216,2,0,0,0,5,0,0.0,11
679022,CR-0000088217,2,0,0,0,5,0,72.0,12
679023,CR-0000088218,1,0,0,0,5,0,0.0,17
679024,CR-0000088219,1,0,0,0,3,8,200.0,20
679025,CR-0000088220,3,0,0,0,5,0,1760.0,14
679026,CR-0000088221,1,0,0,0,5,5,0.0,16
679027,CR-0000088222,1,0,0,0,5,6,40.0,18
679028,CR-0000088223,0,0,0,0,5,6,30.0,3
679029,CR-0000088224,0,1,0,0,5,6,87.0,7
679030,CR-0000088225,1,1,0,0,5,0,0.0,8
679031,CR-0000088226,1,0,0,0,5,1,0.0,15
679032,CR-0000088227,0,0,1,0,5,0,93.0,18
679033,CR-0000088228,0,1,0,0,5,2,240.0,19
679034,CR-0000088229,0,0,0,0,5,1,80.0,17
679035,CR-0000088230,2,0,0,0,5,0,1276.0,12
679036,CR-0000088231,1,0,0,0,5,0,0.0,15
679037,CR-0000088232,0,0,0,0,5,6,170.0,15
679038,CR-0000088233,0,0,0,0,5,5,39.0,20
679039,CR-0000088234,0,1,0,0,5,7,45.0,17
679040,CR-0000088235,0,0,0,0,5,5,330.0,20
679041,CR-0000088236,0,1,0,0,3,8,0.0,20
679042,CR-0000088237,0,1,0,0,5,0,40.0,5
679043,CR-0000088238,1,0,0,0,5,5,65.0,11
679044,CR-0000088284,1,0,0,0,5,7,0.0,12
679045,CR-0000088247,1,0,0,0,5,5,90.0,18
679046,CR-0000088278,0,0,0,0,4,3,51.0,13
679047,CR-0000088268,0,0,2,0,5,2,190.0,21
679048,CR-0000088258,0,0,0,0,4,5,0.0,16
679049,CR-0000088285,1,0,0,0,5,5,250.0,12
679050,CR-0000088264,2,0,0,0,5,5,90.0,15
679051,CR-0000088274,0,0,0,0,5,6,0.0,13
679052,CR-0000088243,0,0,0,0,5,0,475.0,10