CrashFactId,Name,MinorInjuries,ModerateInjuries,SevereInjuries,FatalInjuries,PrimaryCollisionFactor_Code,CollisionType_Code,Distance,CrashTime
680979,CR-0000090307,0,0,0,0,4,5,0.0,17
680980,CR-0000090308,0,0,0,0,4,0,51.0,21
680981,CR-0000090309,0,1,0,0,5,5,0.0,20
680982,CR-0000090310,0,0,0,0,4,6,0.0,8
680983,CR-0000090311,1,1,0,0,5,8,150.0,19
680984,CR-0000090312,0,0,0,0,4,0,0.0,15
680985,CR-0000090313,1,0,0,0,5,5,322.0,13
680986,CR-0000090314,0,0,0,0,5,2,51.0,15
680987,CR-0000090315,0,0,0,0,4,5,0.0,23
680988,CR-0000090316,0,0,0,0,4,6,0.0,8
680989,CR-0000090317,0,0,1,0,5,0,0.0,22
680990,CR-0000090318,1,0,0,0,4,0,0.0,21
680991,CR-0000090319,0,0,0,0,4,3,51.0,16
680992,CR-0000090320,0,0,0,0,4,3,0.0,15
680993,CR-0000090321,2,0,0,0,5,6,165.0,21
680994,CR-0000090322,0,0,0,0,4,0,51.0,21
680995,CR-0000090324,0,0,0,0,4,5,0.0,1
680996,CR-0000090325,0,1,1,0,5,8,0.0,22
680997,CR-0000090327,1,0,0,0,5,5,42.0,9
680998,CR-0000090326,1,1,0,0,5,5,51.0,7
680999,CR-0000090328,1,0,0,0,5,5,333.0,18
681000,CR-0000090329,1,0,0,0,5,0,420.0,15
681001,CR-0000090330,0,0,0,0,4,5,0.0,11
681002,CR-0000090331,1,0,0,0,5,7,0.0,11
681003,CR-0000090332,0,0,0,0,4,5,0.0,20
681004,CR-0000090333,1,0,0,0,5,5,0.0,12
681005,CR-0000090334,0,0,0,0,4,5,51.0,12
681006,CR-0000090335,0,0,0,0,4,6,0.0,16
681007,CR-0000090336,0,0,0,0,4,6,0.0,21
681008,CR-0000090338,3,0,0,0,5,0,54.0,8
681012,CR-0000090342,1,0,0,0,4,5,0.0,13
681013,CR-0000090353,2,0,0,0,5,6,1390.0,15
681014,CR-0000090354,0,0,0,0,4,5,0.0,18
681015,CR-0000090355,0,0,0,0,4,6,0.0,5
681016,CR-0000090356,0,0,0,0,5,6,50.0,1
681017,CR-0000090357,1,0,0,0,5,1,174.0,7
681018,CR-0000090364,0,0,0,0,5,2,0.0,16
681019,CR-0000090365,0,0,0,0,4,6,51.0,15
681020,CR-0000090366,1,1,0,0,5,0,0.0,0
681021,CR-0000090369,0,0,0,0,5,8,0.0,19
681022,CR-0000090375,1,1,0,0,5,5,90.0,15
681023,CR-0000090385,1,0,0,0,5,7,80.0,21
681024,CR-0000090388,0,0,0,0,4,0,51.0,13
681025,CR-0000090390,1,0,0,0,5,0,0.0,22
681026,CR-0000090391,0,0,0,0,4,6,0.0,18
681027,CR-0000090392,0,1,0,0,5,5,70.0,19
681028,CR-0000090393,1,0,0,0,5,0,57.0,10
681029,CR-0000090394,1,0,0,0,5,6,51.0,17
681030,CR-0000090395,0,0,0,0,4,0,0.0,18
681031,CR-0000090396,0,0,0,0,4,0,51.0,16
681032,CR-0000090397,0,0,0,0,5,6,112.0,1
681033,CR-0000090399,1,0,0,0,5,0,0.0,14
681034,CR-0000090400,0,0,0,0,4,5,0.0,12
681035,CR-0000090401,0,0,0,0,4,6,0.0,14
681036,CR-0000090402,1,0,0,0,5,6,0.0,5
681037,CR-0000090404,0,0,0,0,4,5,0.0,18
681038,CR-0000090405,0,0,0,0,4,5,0.0,14
681039,CR-0000090406,0,0,0,0,4,0,51.0,1
681040,CR-0000090407,0,0,0,0,4,5,0.0,14
681041,CR-0000090408,0,0,0,0,4,6,51.0,23
681042,CR-0000090409,0,0,0,0,4,6,0.0,12
681043,CR-0000090410,0,0,0,0,4,6,51.0,18
681044,CR-0000090411,0,0,0,0,4,5,51.0,20
681045,CR-0000090412,0,0,0,0,4,3,51.0,16
681046,CR-0000090413,0,0,0,0,4,5,0.0,22
681047,CR-0000090414,0,0,0,0,4,6,51.0,12
681048,CR-0000090415,0,0,0,0,4,3,51.0,5
681049,CR-0000090416,0,0,0,0,4,3,51.0,6
681050,CR-0000090417,0,0,0,0,4,1,0.0,6
681051,CR-0000090418,0,0,0,0,4,5,51.0,0
681052,CR-0000090419,0,0,0,0,4,5,51.0,2
681053,CR-0000090420,0,0,0,0,4,6,51.0,17
681054,CR-0000090421,0,0,0,0,4,5,0.0,18
681055,CR-0000090422,0,0,0,0,4,6,0.0,22
681056,CR-0000090423,0,0,0,0,4,3,51.0,22
681057,CR-0000090424,0,0,0,0,4,6,0.0,17
681058,CR-0000090425,0,0,0,0,4,5,51.0,12
681059,CR-0000090426,0,0,0,0,4,6,0.0,14
681060,CR-0000090427,0,0,0,0,4,6,0.0,8
681061,CR-0000090428,0,0,0,0,4,6,50.0,1
681062,CR-0000090429,0,0,0,0,4,6,0.0,14
681063,CR-0000090430,1,0,0,0,5,5,30.0,21
681064,CR-0000090433,0,0,0,0,4,5,0.0,9
681065,CR-0000090434,0,0,0,0,4,6,51.0,18
681066,CR-0000090435,0,0,0,0,4,5,0.0,18
681067,CR-0000090436,0,0,0,0,4,6,436.0,7
681068,CR-0000090438,0,0,0,0,5,5,130.0,1
681069,CR-0000090439,1,0,0,0,5,8,66.0,0
681070,CR-0000090440,1,0,0,0,5,8,0.0,16
681071,CR-0000090441,2,0,0,0,5,5,0.0,10
681072,CR-0000090442,1,0,0,0,5,5,0.0,16
681073,CR-0000090443,0,0,0,0,4,5,100.0,17
681074,CR-0000090444,1,0,0,0,5,5,185.0,20
681075,CR-0000090446,0,0,0,0,4,5,0.0,15
681076,CR-0000090447,0,0,0,0,4,5,0.0,0
681077,CR-0000090458,0,0,0,0,4,6,51.0,12
681078,CR-0000090456,0,0,0,0,4,0,0.0,5
681079,CR-0000090465,0,0,0,0,4,6,0.0,5
681080,CR-0000090498,1,0,0,0,5,8,27.0,15
681081,CR-0000090506,0,0,0,0,5,5,530.0,13
681082,CR-0000090502,1,0,0,0,5,0,0.0,11
681083,CR-0000090451,0,0,0,0,4,5,0.0,12
681084,CR-0000090487,0,0,0,0,4,6,0.0,23
681085,CR-0000090496,0,0,0,0,4,5,0.0,23
681086,CR-0000090453,0,0,0,0,4,5,51.0,11
681087,CR-0000090491,1,0,0,0,5,8,150.0,14
681088,CR-0000090505,1,0,0,0,4,6,0.0,16
681089,CR-0000090485,0,0,0,0,4,2,35.0,5
681090,CR-0000090476,0,0,0,0,4,0,0.0,19
681091,CR-0000090493,0,0,0,0,4,5,0.0,14
681092,CR-0000090467,1,1,0,0,5,0,0.0,17
681093,CR-0000090448,0,0,0,0,4,6,0.0,12
681094,CR-0000090471,0,0,0,0,4,5,0.0,19
681095,CR-0000090455,0,0,0,0,4,6,0.0,22
681096,CR-0000090473,0,0,0,0,4,5,0.0,18
681097,CR-0000090510,0,0,0,0,5,2,20.0,21
681098,CR-0000090463,0,0,0,0,4,6,0.0,11
681099,CR-0000090475,1,0,0,0,5,5,0.0,8
681100,CR-0000090468,1,1,0,0,5,5,0.0,22
681101,CR-0000090501,0,0,0,0,4,6,51.0,10
681102,CR-0000090499,0,0,0,0,4,5,0.0,20
681103,CR-0000090508,0,0,0,0,5,2,566.0,18
681104,CR-0000090486,0,0,0,0,5,6,51.0,13
681105,CR-0000090449,0,0,0,0,4,6,0.0,22
681106,CR-0000090466,0,1,0,0,5,5,92.0,20
681107,CR-0000090450,0,0,0,0,5,5,0.0,13
681108,CR-0000090490,1,0,0,0,5,5,42.0,19
681109,CR-0000090478,0,0,0,0,4,0,0.0,19
681110,CR-0000090470,0,0,0,0,4,6,0.0,16
681111,CR-0000090464,1,0,0,0,5,6,41.0,19
681112,CR-0000090462,0,0,0,0,4,1,51.0,12
681113,CR-0000090507,2,0,0,0,5,5,75.0,18
681114,CR-0000090509,0,0,0,0,5,5,0.0,21
681115,CR-0000090469,0,0,0,0,4,0,0.0,13
681116,CR-0000090480,0,0,0,0,4,6,0.0,13
681117,CR-0000090500,0,0,0,0,4,6,570.0,21
681118,CR-0000090484,0,0,0,0,5,2,100.0,5
681119,CR-0000090479,0,0,0,0,4,5,0.0,22
681120,CR-0000090459,0,0,0,0,5,2,40.0,13
681121,CR-0000090504,0,0,0,0,4,0,0.0,13
681122,CR-0000090481,0,0,0,0,4,6,51.0,22
681123,CR-0000090483,0,0,0,0,4,5,0.0,17
681124,CR-0000090461,0,0,0,0,4,6,0.0,13
681125,CR-0000090495,0,0,0,0,4,2,0.0,11
681126,CR-0000090477,0,0,0,0,4,6,51.0,19
681127,CR-0000090492,0,0,0,0,4,6,50.0,22
681128,CR-0000090457,0,0,0,0,4,6,51.0,10
681129,CR-0000090454,0,0,0,0,4,6,0.0,13
681130,CR-0000090497,0,0,0,0,4,6,0.0,23
681131,CR-0000090494,2,0,0,0,5,5,400.0,17
681132,CR-0000090472,0,0,0,0,4,6,0.0,9
681133,CR-0000090452,0,0,0,0,4,6,51.0,19
681134,CR-0000090503,0,0,0,0,4,6,0.0,16
681135,CR-0000090474,0,0,0,0,4,0,0.0,7
681136,CR-0000090517,0,0,0,0,4,5,0.0,13
681137,CR-0000090514,0,0,0,0,4,6,0.0,18
681138,CR-0000090519,0,0,0,0,4,3,0.0,10
681139,CR-0000090513,0,0,0,0,4,3,0.0,15
681140,CR-0000090516,0,0,0,0,4,6,0.0,4
681141,CR-0000090512,0,0,0,0,4,3,0.0,20
681142,CR-0000090515,0,0,0,0,4,5,0.0,14
681143,CR-0000090523,0,0,0,0,4,5,51.0,0
681144,CR-0000090522,0,0,0,0,4,7,0.0,16
681145,CR-0000090520,0,0,0,0,4,3,0.0,13
681146,CR-0000090518,0,0,0,0,4,6,51.0,12
681147,CR-0000090521,0,0,0,0,4,3,51.0,13
681148,CR-0000090524,0,0,0,0,4,5,0.0,9
681149,CR-0000090528,0,0,0,0,4,3,51.0,13
681150,CR-0000090527,0,0,0,0,4,5,51.0,0
681151,CR-0000090529,0,0,0,0,4,5,51.0,17
681152,CR-0000090525,0,0,0,0,4,3,51.0,15
681153,CR-0000090526,0,0,0,0,4,6,0.0,11
682058,CR-0000091573,0,0,0,0,4,1,0.0,18
682062,CR-0000091572,0,0,0,0,4,6,51.0,21
682067,CR-0000091571,0,0,0,0,4,3,51.0,20
682068,CR-0000091576,0,0,0,0,4,3,51.0,19
682074,CR-0000091574,0,0,0,0,4,3,51.0,11
682079,CR-0000091578,0,0,0,0,4,0,0.0,9
682080,CR-0000091579,0,0,0,0,4,3,51.0,15
682088,CR-0000091577,0,0,0,0,4,0,0.0,0
682099,CR-0000091620,0,0,0,0,4,1,0.0,7
682120,CR-0000091640,0,0,0,0,4,5,0.0,19
682121,CR-0000091641,0,0,0,0,4,5,0.0,1
682201,CR-0000091757,0,0,0,0,4,3,51.0,13
683367,CR-0000092958,0,0,0,0,4,5,51.0,12
683489,CR-0000093088,0,0,0,0,5,5,0.0,14
683553,CR-0000093159,0,0,0,0,4,6,0.0,20
683554,CR-0000093160,0,0,0,0,4,5,0.0,21
683555,CR-0000093161,1,0,0,0,5,1,81.0,14
683556,CR-0000093162,0,0,0,0,4,5,0.0,20
683557,CR-0000093163,0,0,0,0,4,5,165.0,20
683558,CR-0000093164,0,0,0,0,4,6,280.0,23
683559,CR-0000093165,0,0,0,0,4,0,0.0,7
683560,CR-0000093166,0,0,0,0,4,1,28.0,8
683561,CR-0000093167,0,0,0,0,4,1,30.0,20
683562,CR-0000093168,0,0,0,0,4,6,100.0,12
683563,CR-0000093169,0,0,0,0,4,6,0.0,19
683564,CR-0000093170,0,0,0,0,4,6,0.0,7
683565,CR-0000093171,0,0,0,0,4,5,0.0,11
683567,CR-0000093173,0,0,0,0,4,6,51.0,15
683569,CR-0000093175,0,0,0,0,4,6,0.0,15
683570,CR-0000093176,0,0,0,0,5,5,98.0,18
683572,CR-0000093178,0,0,0,0,4,5,0.0,8
683575,CR-0000093181,0,0,0,0,4,5,0.0,20
683576,CR-0000093182,1,0,0,0,4,5,0.0,16
683577,CR-0000093183,0,0,0,0,4,6,0.0,11
683578,CR-0000093184,0,0,0,0,4,6,51.0,18
683579,CR-0000093185,0,0,0,0,4,5,0.0,19
683580,CR-0000093186,0,0,0,0,4,6,51.0,11
683581,CR-0000093187,0,0,0,0,4,0,0.0,1
683582,CR-0000093188,0,0,0,0,4,1,0.0,20
683583,CR-0000093189,0,0,0,0,4,6,0.0,9
683584,CR-0000093190,1,0,0,0,5,5,70.0,14
683585,CR-0000093191,0,0,0,0,4,5,0.0,18
683586,CR-0000093192,0,0,0,0,4,1,200.0,11
683591,CR-0000093197,0,0,0,0,4,5,0.0,19
683592,CR-0000093198,0,0,0,0,4,5,0.0,23
683593,CR-0000093199,1,0,0,0,5,6,143.0,1
683594,CR-0000093200,0,1,0,0,5,8,630.0,18
683595,CR-0000093201,0,0,0,0,4,7,485.0,8
683596,CR-0000093202,2,0,0,0,4,6,0.0,14
683597,CR-0000093203,1,0,0,0,5,0,0.0,0
683598,CR-0000093204,0,0,0,0,4,6,51.0,9
683599,CR-0000093205,0,1,0,0,5,8,0.0,16
683600,CR-0000093206,0,0,0,0,4,5,0.0,8
683601,CR-0000093207,0,0,0,0,4,5,57.0,5
683602,CR-0000093208,0,0,0,0,6,7,850.0,9
683603,CR-0000093209,0,0,0,0,4,5,0.0,12
683604,CR-0000093210,3,0,0,0,5,5,0.0,13
683605,CR-0000093211,0,0,0,0,4,5,0.0,16
683606,CR-0000093212,0,0,0,0,4,1,0.0,21
683607,CR-0000093213,0,0,0,0,4,5,0.0,10
683608,CR-0000093214,0,0,0,0,4,6,51.0,18
683609,CR-0000093215,0,0,0,0,4,0,0.0,19
683610,CR-0000093216,0,0,0,0,4,6,0.0,2
683611,CR-0000093217,0,0,0,0,4,5,0.0,16
683612,CR-0000093218,0,0,0,0,4,6,0.0,23
683613,CR-0000093219,0,0,0,0,4,5,0.0,10
683614,CR-0000093220,0,0,0,0,4,5,0.0,17
683615,CR-0000093221,0,0,0,0,4,5,0.0,1
683616,CR-0000093222,0,0,0,0,4,6,51.0,18
683617,CR-0000093223,0,0,0,0,4,3,60.0,18
683618,CR-0000093224,1,0,0,0,5,5,0.0,17
683619,CR-0000093225,0,0,0,0,4,6,150.0,0
683620,CR-0000093226,0,0,0,0,4,5,856.0,21
683621,CR-0000093227,0,0,0,0,4,1,0.0,7
683622,CR-0000093228,0,0,0,0,4,5,0.0,13
683623,CR-0000093229,0,0,0,0,4,6,0.0,10
683624,CR-0000093230,3,0,0,0,5,5,150.0,10
683625,CR-0000093231,0,0,0,0,4,3,75.0,12
683626,CR-0000093232,0,0,0,0,4,5,0.0,3
683627,CR-0000093233,0,1,0,0,5,7,0.0,18
683628,CR-0000093234,0,0,0,0,5,8,0.0,22
683629,CR-0000093235,1,0,0,0,5,5,0.0,19
683630,CR-0000093237,0,0,0,0,4,3,20.0,20
683631,CR-0000093238,0,0,0,0,4,5,0.0,17
683632,CR-0000093240,0,0,0,0,4,6,51.0,16
683633,CR-0000093241,0,0,0,0,4,5,0.0,18
683634,CR-0000093242,0,0,0,0,4,6,51.0,6
683635,CR-0000093243,0,1,0,0,5,7,0.0,13
683636,CR-0000093244,0,0,0,0,4,5,0.0,6
683637,CR-0000093245,0,0,0,0,4,5,0.0,0
683638,CR-0000093246,1,0,0,0,5,5,225.0,20
683639,CR-0000093247,0,0,0,0,4,5,230.0,8
683640,CR-0000093248,1,0,0,0,5,5,50.0,16
683641,CR-0000093249,0,0,0,0,4,0,0.0,7
683642,CR-0000093250,0,0,0,0,4,6,0.0,11
683643,CR-0000093251,0,0,0,0,4,6,51.0,18
683644,CR-0000093252,1,1,0,0,5,5,100.0,9
683645,CR-0000093253,0,0,0,0,4,5,51.0,13
683646,CR-0000093254,1,0,0,0,5,1,0.0,21
683647,CR-0000093255,0,1,0,0,5,8,0.0,6
683648,CR-0000093256,0,0,1,0,5,8,0.0,7
683649,CR-0000093257,0,0,0,0,4,3,0.0,8
683650,CR-0000093258,0,0,0,0,4,0,51.0,15
683651,CR-0000093259,0,0,0,0,4,6,51.0,17
683652,CR-0000093261,0,0,0,0,4,1,70.0,15
683653,CR-0000093262,0,1,0,0,5,7,0.0,22
683654,CR-0000093263,0,1,0,0,5,8,0.0,18
683655,CR-0000093264,1,0,0,0,5,5,114.0,11
683657,CR-0000093266,1,0,0,0,5,5,282.0,11
683658,CR-0000093267,1,0,0,0,4,5,51.0,12
683659,CR-0000093268,1,0,0,0,4,5,209.0,4
683660,CR-0000093269,0,0,0,0,4,6,230.0,17
683661,CR-0000093270,2,0,0,0,5,3,0.0,20
683662,CR-0000093271,0,0,0,0,4,5,51.0,9
683663,CR-0000093272,1,0,0,0,4,8,0.0,20
683664,CR-0000093273,0,0,0,0,4,0,0.0,22
683665,CR-0000093274,0,0,0,0,4,6,0.0,11
683666,CR-0000093275,0,0,0,0,4,0,0.0,0
683667,CR-0000093276,1,0,0,0,5,5,0.0,19
683668,CR-0000093277,0,0,0,0,4,6,0.0,22
683669,CR-0000093278,0,0,0,0,4,5,51.0,19
683670,CR-0000093279,0,0,0,0,4,6,0.0,10
683671,CR-0000093289,0,0,0,0,4,3,0.0,9
683672,CR-0000093290,0,0,0,0,4,6,0.0,13
683673,CR-0000093291,0,0,0,0,4,5,0.0,3
683674,CR-0000093292,0,0,0,0,4,6,0.0,11
683675,CR-0000093293,0,0,0,0,5,1,300.0,4
683676,CR-0000093294,0,0,0,0,4,5,0.0,11
683677,CR-0000093295,0,0,0,0,4,3,51.0,5
683678,CR-0000093296,0,0,0,0,4,6,0.0,11
683679,CR-0000093297,0,0,0,0,4,5,0.0,14
684707,CR-0000093336,0,0,0,0,4,6,0.0,11
685206,CR-0000093885,0,0,0,0,4,0,0.0,16
687441,CR-0000094220,1,0,0,0,5,8,0.0,15
687442,CR-0000094221,1,0,0,0,0,7,0.0,16
687443,CR-0000094222,0,0,0,0,5,0,0.0,15
687444,CR-0000094223,0,1,0,0,5,7,130.0,23
687445,CR-0000094224,0,1,0,0,5,7,0.0,9
687446,CR-0000094225,0,1,0,0,5,8,0.0,22
687469,CR-0000094243,1,0,0,0,5,3,50.0,8
687470,CR-0000094249,0,0,0,0,5,0,0.0,9
687471,CR-0000094259,1,0,0,0,5,7,45.0,20
687472,CR-0000094260,1,0,0,0,5,5,70.0,8
687473,CR-0000094261,0,0,0,0,4,5,0.0,14
687474,CR-0000094262,0,0,1,0,5,7,35.0,22
687475,CR-0000094263,1,0,0,0,0,7,46.0,14
687476,CR-0000094264,2,0,0,0,5,0,0.0,0
687477,CR-0000094265,1,0,0,0,5,2,20.0,7
687478,CR-0000094266,1,0,0,0,5,0,0.0,17
687479,CR-0000094267,2,0,0,0,5,6,175.0,22
687480,CR-0000094268,1,0,0,0,5,6,0.0,7
687481,CR-0000094269,1,0,0,0,5,0,255.0,14
687482,CR-0000094270,1,0,0,0,5,5,200.0,23
687483,CR-0000094271,3,0,1,0,5,6,415.0,5
687506,CR-0000094285,1,0,0,0,5,5,0.0,17
687507,CR-0000094296,1,0,0,0,5,8,0.0,20
687508,CR-0000094297,1,1,0,0,5,1,140.0,15
687509,CR-0000094298,1,0,0,0,5,0,0.0,13
687514,CR-0000094303,1,0,0,0,5,0,0.0,22
687515,CR-0000094304,1,0,0,0,5,6,0.0,11
687516,CR-0000094305,0,0,0,0,4,5,51.0,19
687517,CR-0000094306,4,0,0,0,5,0,0.0,15
687518,CR-0000094307,1,0,0,0,5,8,156.0,1
687519,CR-0000094308,1,0,0,0,5,5,51.0,13
687520,CR-0000094309,0,2,0,0,5,0,0.0,0
687521,CR-0000094310,0,0,1,0,5,8,380.0,22
687522,CR-0000094311,0,1,0,0,5,8,0.0,20
687523,CR-0000094312,1,0,0,0,5,8,0.0,18
687524,CR-0000094313,2,0,0,0,5,0,0.0,16
687525,CR-0000094314,1,0,0,0,5,5,0.0,14
687526,CR-0000094315,1,0,0,0,5,5,0.0,17
687527,CR-0000094316,1,1,0,0,5,0,0.0,16
687528,CR-0000094317,0,0,1,0,5,7,33.0,17
687529,CR-0000094318,0,1,0,0,5,0,0.0,23
687532,CR-0000094321,0,1,0,0,5,0,30.0,0
687533,CR-0000094322,1,0,0,0,5,5,0.0,13
687534,CR-0000094323,0,0,0,0,5,6,0.0,14
687535,CR-0000094324,0,0,1,0,5,8,0.0,21
687536,CR-0000094325,1,0,0,0,5,6,0.0,16
687537,CR-0000094326,0,1,0,0,5,8,0.0,9
687538,CR-0000094327,1,0,0,0,5,5,0.0,14
687539,CR-0000094328,0,1,0,0,5,8,140.0,10
687540,CR-0000094329,0,0,0,0,5,0,0.0,21
687541,CR-0000094330,1,0,0,0,5,0,0.0,21
687542,CR-0000094332,1,0,0,0,5,8,0.0,11
687543,CR-0000094333,1,0,0,0,5,5,25.0,11
687544,CR-0000094334,3,0,0,0,5,0,0.0,22
687545,CR-0000094335,1,0,0,0,5,1,486.0,10
687561,CR-0000094353,1,0,0,0,5,0,16.0,12
687562,CR-0000094354,0,0,1,0,5,8,0.0,19
687563,CR-0000094355,2,0,0,0,5,1,0.0,10
687564,CR-0000094356,3,0,0,0,5,5,0.0,23
687567,CR-0000094358,0,0,0,0,5,6,30.0,21
687568,CR-0000094359,1,0,0,0,5,5,103.0,1
687569,CR-0000094360,1,0,0,0,5,0,0.0,7
687570,CR-0000094361,0,0,0,0,5,3,51.0,9
687571,CR-0000094362,0,1,0,0,5,5,180.0,10
687572,CR-0000094363,0,1,0,0,5,2,51.0,13
687574,CR-0000094365,1,0,0,0,5,5,88.0,16
687577,CR-0000094368,1,0,0,0,5,5,24.0,17
687583,CR-0000094374,0,0,0,0,5,0,51.0,18
687585,CR-0000094377,1,0,0,0,5,0,0.0,0
687587,CR-0000094379,0,1,0,0,5,1,0.0,15
687588,CR-0000094380,1,0,0,0,5,5,51.0,7
687589,CR-0000094381,0,0,0,0,5,5,30.0,21
687590,CR-0000094382,0,1,0,0,5,7,0.0,17
687591,CR-0000094384,1,0,0,0,5,5,32.0,17
687592,CR-0000094385,2,0,0,0,5,6,80.0,20
687593,CR-0000094386,0,1,0,0,5,0,0.0,21
687594,CR-0000094387,0,1,0,0,5,8,0.0,20
687595,CR-0000094388,0,1,0,0,5,7,0.0,20
687596,CR-0000094389,0,1,0,0,0,7,100.0,11
687597,CR-0000094390,0,2,0,0,5,0,0.0,19
687623,CR-0000094416,2,1,0,0,5,5,0.0,6
687624,CR-0000094417,0,0,1,0,3,8,0.0,22
687625,CR-0000094418,0,0,0,0,4,5,51.0,12
687626,CR-0000094419,0,0,0,0,4,6,51.0,21
687627,CR-0000094420,0,0,0,0,4,1,51.0,21
687628,CR-0000094421,2,0,0,0,4,5,0.0,8
687629,CR-0000094422,1,0,0,0,5,6,0.0,23
687630,CR-0000094423,0,0,0,0,4,0,0.0,13
687631,CR-0000094424,0,0,0,0,4,6,51.0,2
687632,CR-0000094425,0,0,0,0,4,0,0.0,15
687633,CR-0000094426,0,0,0,0,4,0,51.0,20
687634,CR-0000094427,0,0,0,0,4,5,0.0,16
687635,CR-0000094428,1,1,0,0,5,5,53.0,3
687636,CR-0000094429,1,0,0,0,5,1,0.0,18
687637,CR-0000094430,1,0,0,0,5,0,0.0,9
687638,CR-0000094431,0,0,1,0,5,7,70.0,13
687639,CR-0000094432,1,0,0,0,5,2,257.0,5
687640,CR-0000094433,0,0,0,0,5,0,0.0,7
687641,CR-0000094434,0,0,0,0,5,5,524.0,17
687642,CR-0000094435,1,0,0,0,5,0,0.0,17
687643,CR-0000094436,0,0,0,0,1,6,547.0,20
687644,CR-0000094437,0,1,0,0,5,0,0.0,18
687646,CR-0000094441,1,0,0,0,5,6,90.0,12
687647,CR-0000094442,0,0,0,0,4,5,0.0,15
687648,CR-0000094443,1,0,0,0,4,5,0.0,15
687649,CR-0000094444,1,0,0,0,5,8,200.0,8
687650,CR-0000094445,1,0,0,0,5,0,0.0,20
687651,CR-0000094446,0,0,1,0,5,8,578.0,21
687652,CR-0000094447,0,0,0,0,5,6,122.0,2
687653,CR-0000094448,0,0,0,0,4,0,0.0,19
687654,CR-0000094449,0,0,0,0,4,5,0.0,11
687655,CR-0000094450,0,0,0,0,4,6,0.0,6
687656,CR-0000094452,0,1,0,0,5,8,0.0,21
687657,CR-0000094451,0,1,0,0,3,8,138.0,16
687658,CR-0000094453,2,1,0,0,5,6,72.0,13
687659,CR-0000094454,0,1,0,0,5,8,0.0,19
687660,CR-0000094455,0,0,0,0,4,0,0.0,17
687661,CR-0000094456,1,0,0,0,4,5,51.0,13
687662,CR-0000094457,1,0,0,0,5,7,0.0,17
687663,CR-0000094458,2,0,0,0,5,0,0.0,16
687664,CR-0000094459,1,0,0,0,4,5,0.0,12
687665,CR-0000094460,0,0,0,0,5,0,0.0,21
687666,CR-0000094461,0,0,0,0,4,6,51.0,17
687667,CR-0000094462,0,0,0,0,4,3,0.0,13
687668,CR-0000094463,0,0,0,0,4,5,51.0,19
687669,CR-0000094464,0,0,0,0,4,5,51.0,13
687670,CR-0000094465,0,0,0,0,4,5,51.0,14
687671,CR-0000094466,0,0,0,0,4,0,0.0,20
687672,CR-0000094467,0,0,0,0,4,5,51.0,22
687674,CR-0000094478,0,0,1,0,3,8,0.0,21
687675,CR-0000094479,1,0,0,0,5,1,0.0,6
687676,CR-0000094481,0,0,0,0,4,5,51.0,23
687677,CR-0000094490,1,0,0,0,5,5,85.0,3
687678,CR-0000094491,0,0,0,0,4,5,215.0,3
687679,CR-0000094492,0,0,0,0,4,5,82.0,12
687680,CR-0000094493,0,0,0,0,4,6,200.0,9
687681,CR-0000094494,0,0,0,0,4,1,0.0,7
687682,CR-0000094495,0,0,0,0,4,5,0.0,17
687683,CR-0000094496,0,0,0,0,4,5,0.0,14
687684,CR-0000094497,0,0,0,0,4,0,250.0,9
687685,CR-0000094498,0,0,0,0,4,5,0.0,17
687686,CR-0000094499,0,0,0,0,4,6,0.0,17
688688,CR-0000094510,0,0,0,0,4,5,0.0,16
688689,CR-0000094512,0,0,0,0,4,0,0.0,17
688690,CR-0000094514,0,0,0,0,4,6,0.0,12
688691,CR-0000094515,0,0,0,0,4,6,0.0,17
688692,CR-0000094516,0,0,0,0,4,3,199.0,5
688693,CR-0000094517,0,0,0,0,4,5,51.0,12
688694,CR-0000094518,0,0,0,0,4,6,51.0,23
688695,CR-0000094519,0,0,0,0,4,6,51.0,11
688696,CR-0000094521,0,0,0,0,4,6,51.0,20
688748,CR-0000094574,0,0,0,0,4,2,0.0,8
689196,CR-0000095123,0,0,0,0,4,5,0.0,21
726483,CR-0000105016,0,0,0,0,5,6,51.0,0
711791,CR-0000100908,2,0,0,0,5,5,36.0,14
692417,CR-0000097700,1,0,0,0,5,5,105.0,22
682960,CR-0000092543,0,0,0,0,5,5,100.0,22
683141,CR-0000092724,0,0,0,0,4,3,51.0,8
682508,CR-0000092075,1,0,0,0,0,7,180.0,17
725198,CR-0000104679,1,0,0,0,5,1,0.0,10
722358,CR-0000103652,0,0,0,0,5,5,32.0,0
690758,CR-0000096895,0,0,0,0,5,6,0.0,23
711585,CR-0000101205,0,0,0,0,5,8,0.0,13
691267,CR-0000097512,0,0,0,0,4,3,51.0,10
685160,CR-0000093835,1,0,0,0,5,0,44.0,12
688796,CR-0000094642,0,0,0,0,4,3,0.0,3
689837,CR-0000095863,1,0,0,0,5,8,27.0,21
725217,CR-0000104698,0,0,0,0,4,3,51.0,19
696424,CR-0000099601,0,1,0,0,5,7,70.0,8
722135,CR-0000103400,0,0,0,0,4,0,51.0,17
723832,CR-0000104228,0,0,0,0,5,5,528.0,0
725182,CR-0000104663,1,0,0,0,5,8,0.0,19
725450,CR-0000104946,1,0,0,0,5,0,0.0,23
716219,CR-0000102189,2,0,0,0,5,5,205.0,16