CrashFactId,Name,MinorInjuries,ModerateInjuries,SevereInjuries,FatalInjuries,PrimaryCollisionFactor_Code,CollisionType_Code,Distance,CrashTime
682347,CR-0000091910,0,0,0,0,5,5,0.0,2
682380,CR-0000091943,4,0,0,0,5,6,0.0,13
682193,CR-0000091737,0,1,1,0,5,8,0.0,21
685407,CR-0000094142,0,0,0,0,5,5,282.0,6
682975,CR-0000092560,1,0,1,0,3,8,255.0,23
696525,CR-0000099712,1,0,0,0,5,0,102.0,12
692543,CR-0000097834,0,1,0,0,5,8,0.0,13
723964,CR-0000104360,0,0,0,0,4,5,0.0,16
725404,CR-0000104900,1,0,0,0,5,5,0.0,20
698676,CR-0000099913,1,0,0,0,5,6,259.0,3
691142,CR-0000097337,0,0,0,0,5,6,29.0,11
694324,CR-0000098268,0,1,0,0,5,6,20.0,8
694383,CR-0000098327,0,0,0,0,5,5,160.0,22
683134,CR-0000092698,0,0,0,0,5,6,192.0,16
723716,CR-0000104110,1,0,0,0,5,0,145.0,17
689155,CR-0000095049,0,0,0,0,5,5,51.0,4
711576,CR-0000101411,0,0,0,0,5,5,55.0,23
694035,CR-0000098021,0,0,0,0,5,6,0.0,3
689730,CR-0000095742,0,0,0,0,5,6,494.0,1
688760,CR-0000094595,0,0,0,0,4,6,0.0,4
689526,CR-0000095503,0,1,0,0,5,5,31.0,20
689918,CR-0000095992,1,0,0,0,5,5,0.0,15
723973,CR-0000104369,1,1,0,0,5,5,126.0,9
715910,CR-0000101947,0,0,0,0,5,5,51.0,1
724076,CR-0000104472,0,0,0,0,5,5,211.0,0
692571,CR-0000097862,0,0,1,0,5,2,51.0,2
699351,CR-0000100678,0,0,0,0,4,3,51.0,12
699321,CR-0000100648,0,1,0,0,5,8,578.0,11
683179,CR-0000092754,0,0,0,0,4,0,51.0,17
681224,CR-0000090609,0,0,0,0,5,1,61.0,0
682846,CR-0000092442,0,2,0,0,5,5,0.0,16
683038,CR-0000092603,0,0,1,0,5,5,220.0,15
682812,CR-0000092388,0,1,0,0,5,7,285.0,12
685388,CR-0000094122,1,0,0,0,5,1,24.0,19
694290,CR-0000098198,1,1,0,0,5,0,0.0,8
690377,CR-0000096472,0,0,0,0,4,5,0.0,16
711934,CR-0000101375,0,0,0,0,4,0,0.0,13
689935,CR-0000095994,2,0,0,0,4,0,0.0,13
692485,CR-0000097773,2,0,0,0,5,6,115.0,9
699366,CR-0000100693,0,0,0,0,4,0,0.0,18
689087,CR-0000094951,0,0,0,0,2,2,0.0,23
682570,CR-0000092137,1,0,0,0,5,0,0.0,22
688844,CR-0000094699,0,0,0,0,5,5,94.0,4
696379,CR-0000099537,1,0,0,0,5,8,0.0,8
696488,CR-0000099666,1,0,1,0,5,0,0.0,16
691079,CR-0000097252,0,0,1,0,3,8,0.0,23
691212,CR-0000097433,0,0,0,0,5,2,170.0,12
719710,CR-0000102882,0,0,0,0,4,6,51.0,9
722374,CR-0000103668,0,1,0,0,5,7,0.0,13
682591,CR-0000092158,0,1,0,0,5,0,0.0,17
682760,CR-0000092342,1,0,0,0,5,0,0.0,20
682427,CR-0000091990,1,0,0,0,5,0,0.0,22
681293,CR-0000090679,0,0,0,0,5,5,30.0,10
694547,CR-0000098541,0,0,1,0,5,0,0.0,0
692566,CR-0000097857,1,0,0,0,5,5,0.0,21
690764,CR-0000096902,1,0,0,0,5,6,0.0,16
696212,CR-0000099356,1,0,0,0,5,0,0.0,8
699299,CR-0000100624,0,0,0,0,4,0,0.0,22
711705,CR-0000101384,0,0,0,0,5,2,0.0,1
690609,CR-0000096730,1,0,0,0,5,8,0.0,8
690118,CR-0000096207,0,0,0,0,5,6,0.0,14
722012,CR-0000103266,0,0,0,0,5,1,148.0,19
681186,CR-0000090576,1,0,0,0,5,0,0.0,17
685372,CR-0000094098,0,0,0,0,4,0,24.0,18
696080,CR-0000099215,0,0,0,0,5,6,104.0,12
698723,CR-0000099972,0,0,0,1,5,8,0.0,6
690570,CR-0000096691,0,0,1,0,5,2,45.0,22
719829,CR-0000103002,0,0,0,0,5,0,0.0,0
722545,CR-0000103879,0,0,0,0,4,3,51.0,15
689032,CR-0000094921,0,0,0,0,5,2,22.0,4
681381,CR-0000090770,0,0,0,0,5,6,148.0,2
689633,CR-0000095614,3,0,0,0,5,0,138.0,11
685007,CR-0000093690,1,0,0,0,5,6,0.0,20
691233,CR-0000097457,0,0,0,0,5,6,30.0,22
696431,CR-0000099608,0,0,0,0,5,6,10.0,0
726507,CR-0000105041,0,0,0,0,5,2,148.0,5
723804,CR-0000104200,0,0,0,0,5,5,262.0,23
712110,CR-0000100992,0,0,0,0,5,5,20.0,16
716294,CR-0000102274,0,1,0,0,5,0,18.0,6
717477,CR-0000102510,1,0,0,0,5,6,51.0,14
711719,CR-0000101288,0,0,0,0,4,5,0.0,15
711562,CR-0000101022,0,0,0,0,5,5,45.0,18
692370,CR-0000097652,1,0,0,0,4,0,51.0,15
689790,CR-0000095816,1,0,0,0,5,1,0.0,1
689433,CR-0000095407,0,0,0,0,5,6,51.0,10
688916,CR-0000094778,0,0,0,0,5,5,0.0,20
682403,CR-0000091967,0,1,0,0,5,0,0.0,2
696004,CR-0000099139,0,0,0,0,4,6,51.0,19
691382,CR-0000097631,0,1,0,0,5,0,0.0,14
689695,CR-0000095677,1,1,0,0,5,1,0.0,20
694309,CR-0000098244,0,0,0,1,5,8,90.0,21
690213,CR-0000096302,0,0,0,0,4,5,51.0,12
711982,CR-0000101561,0,0,0,0,5,2,241.0,7
712230,CR-0000101673,0,0,0,0,5,5,138.0,20
690196,CR-0000096289,0,0,0,0,4,3,51.0,4
689622,CR-0000095603,2,0,0,0,5,5,24.0,20
689856,CR-0000095882,0,1,0,0,5,5,45.0,11
715875,CR-0000101811,0,0,0,0,4,3,0.0,21
684792,CR-0000093388,0,0,0,0,5,5,0.0,1
685142,CR-0000093812,0,0,0,0,5,2,220.0,7
694304,CR-0000098212,0,1,0,1,5,1,0.0,17
725455,CR-0000104951,0,0,0,0,4,5,51.0,14
723984,CR-0000104380,0,0,0,0,5,2,65.0,20
716080,CR-0000102022,0,1,0,0,5,2,92.0,17
690198,CR-0000096278,0,0,0,0,4,3,51.0,0
725298,CR-0000104788,0,1,0,0,5,8,0.0,18
685390,CR-0000094124,0,0,0,0,5,2,128.0,20
684803,CR-0000093401,0,0,0,0,5,0,22.0,8
685082,CR-0000093753,1,0,0,0,5,6,0.0,12
725228,CR-0000104709,0,1,0,0,5,8,0.0,17
722588,CR-0000103883,0,0,0,0,4,6,51.0,17
687609,CR-0000094402,0,1,0,0,5,5,50.0,0
689556,CR-0000095533,1,0,0,0,5,0,0.0,18
688915,CR-0000094777,0,0,0,0,5,5,0.0,13
683399,CR-0000092992,0,0,0,0,4,6,0.0,11
681721,CR-0000091118,2,0,0,0,5,5,0.0,22
690916,CR-0000097079,0,0,0,0,5,0,0.0,22
694062,CR-0000098005,1,0,0,0,5,7,0.0,14
691371,CR-0000097620,0,0,0,0,5,2,190.0,21
711704,CR-0000101346,0,0,0,0,5,6,32.0,22
689421,CR-0000095343,0,1,0,0,5,2,0.0,14
690208,CR-0000096298,0,0,0,0,4,3,51.0,22
694394,CR-0000098339,1,0,0,0,5,0,0.0,20
722497,CR-0000103808,0,1,0,0,0,7,0.0,15
723907,CR-0000104303,0,0,0,0,5,5,0.0,17
682584,CR-0000092151,1,0,0,0,5,0,0.0,22
699442,CR-0000100787,0,0,0,0,5,6,55.0,14
696503,CR-0000099690,1,0,0,0,5,7,0.0,14
682814,CR-0000092407,0,0,0,0,5,0,56.0,16
681861,CR-0000091342,0,0,0,0,5,5,0.0,16
681197,CR-0000090582,0,0,0,0,5,6,51.0,21
722383,CR-0000103677,0,0,0,0,4,1,0.0,13
715933,CR-0000101976,3,1,0,0,5,0,0.0,19
717422,CR-0000102436,0,0,0,0,4,5,0.0,11
682163,CR-0000091735,0,0,0,0,5,1,0.0,16
696021,CR-0000099156,0,0,0,0,5,5,0.0,18
698809,CR-0000100091,2,0,0,0,4,5,102.0,15
691311,CR-0000097556,1,0,0,0,0,7,0.0,15
687580,CR-0000094372,1,0,0,0,5,2,229.0,7
685216,CR-0000093895,0,0,0,0,5,5,190.0,7
689139,CR-0000095008,0,1,0,0,5,5,0.0,23
715998,CR-0000101770,0,0,0,0,4,5,51.0,12
685132,CR-0000093805,0,0,0,0,5,5,86.0,18
689781,CR-0000095807,1,0,0,0,5,7,0.0,6
691231,CR-0000097455,0,0,0,0,5,5,98.0,11
696192,CR-0000099336,0,0,0,0,5,1,376.0,22
696395,CR-0000099572,0,0,0,0,5,6,340.0,0
682666,CR-0000092242,0,0,0,0,4,0,51.0,15
683007,CR-0000092593,0,1,0,0,5,6,16.0,10
719824,CR-0000102997,0,0,0,0,5,0,65.0,19
725313,CR-0000104805,2,2,0,0,5,0,0.0,13
695830,CR-0000098895,0,0,0,0,4,2,51.0,21
692411,CR-0000097694,0,0,0,0,4,5,0.0,7
699206,CR-0000100527,0,0,0,0,5,6,142.0,21
689007,CR-0000094867,0,0,0,0,5,5,165.0,4
689397,CR-0000095352,1,0,0,0,5,2,183.0,12
683119,CR-0000092694,2,0,0,0,2,0,390.0,6
682070,CR-0000091598,0,1,0,0,5,7,0.0,16
681337,CR-0000090726,0,0,0,0,5,0,0.0,9
681565,CR-0000090962,0,1,0,0,5,7,150.0,17
689176,CR-0000095042,0,0,1,0,5,0,0.0,18
685220,CR-0000093899,0,1,1,0,5,0,0.0,15
685263,CR-0000093943,0,0,1,0,0,7,0.0,22
699167,CR-0000100486,0,0,0,0,5,3,96.0,10
696065,CR-0000099200,0,0,0,0,4,6,0.0,8
694671,CR-0000098705,0,0,0,0,5,2,0.0,4
694417,CR-0000098371,1,0,0,0,5,5,0.0,11
694314,CR-0000098258,0,0,0,0,5,0,0.0,16
694228,CR-0000098086,1,0,0,0,5,0,0.0,16
690036,CR-0000096103,0,0,0,0,4,5,0.0,15
690585,CR-0000096706,0,0,0,0,5,5,330.0,0
719814,CR-0000102987,0,0,0,0,4,3,51.0,8
694144,CR-0000097976,1,0,0,0,5,2,22.0,18
681995,CR-0000091504,0,1,0,0,5,6,78.0,17
715810,CR-0000101848,0,0,0,0,5,5,0.0,12
726543,CR-0000105077,0,0,0,0,4,3,51.0,9
689595,CR-0000095572,0,1,0,0,5,6,135.0,17
688820,CR-0000094675,0,1,0,0,5,0,256.0,19
682401,CR-0000091964,0,0,0,0,5,3,96.0,16
697612,CR-0000099819,1,0,0,0,5,6,219.0,11
711846,CR-0000101589,0,0,0,0,4,3,51.0,11
681832,CR-0000091241,0,0,0,0,5,6,76.0,22
719497,CR-0000102617,1,0,0,0,4,5,0.0,12
712236,CR-0000101680,0,0,0,0,5,2,39.0,20
685378,CR-0000094104,0,0,0,0,5,0,78.0,15
696117,CR-0000099258,0,0,0,0,5,5,0.0,19
719560,CR-0000102707,1,0,0,0,5,4,60.0,15
696568,CR-0000099765,0,1,0,0,5,7,285.0,9
691271,CR-0000097516,0,0,0,0,4,5,0.0,15
689096,CR-0000094955,1,0,0,0,5,8,0.0,15
683416,CR-0000093009,0,0,0,0,5,5,471.0,7
682261,CR-0000091851,2,0,0,0,5,2,530.0,23
685316,CR-0000093997,0,0,0,0,5,0,0.0,8
684851,CR-0000093506,0,0,0,0,5,5,82.0,11
690178,CR-0000096267,0,0,0,0,4,5,0.0,8
696403,CR-0000099579,0,0,0,0,4,5,51.0,8
694731,CR-0000098741,2,0,0,0,5,5,27.0,14
711535,CR-0000101182,0,0,0,0,4,0,51.0,11
698944,CR-0000100246,0,1,0,0,5,0,0.0,11
690292,CR-0000096384,0,0,0,0,5,6,51.0,14
690360,CR-0000096455,0,0,0,0,4,3,0.0,12
690726,CR-0000096863,1,0,0,0,5,1,0.0,4
694184,CR-0000098117,2,0,0,0,2,0,0.0,9
689202,CR-0000095105,0,0,0,0,5,6,0.0,23
688847,CR-0000094702,0,0,0,0,5,6,51.0,23
682224,CR-0000091788,1,0,0,0,5,0,0.0,19
682144,CR-0000091682,1,0,0,0,5,5,125.0,15
681850,CR-0000091304,0,0,0,0,4,5,51.0,12
681174,CR-0000090549,0,0,0,0,5,6,26.0,15
682344,CR-0000091907,1,0,0,0,5,5,27.0,21
682706,CR-0000092284,0,0,0,0,4,5,0.0,12
719653,CR-0000102824,0,0,0,0,4,5,0.0,20
722207,CR-0000103473,0,0,0,0,4,5,51.0,15
716365,CR-0000102381,1,0,0,0,4,0,0.0,9
725184,CR-0000104665,0,0,0,0,4,8,0.0,16
726534,CR-0000105068,0,1,0,0,5,5,112.0,16
690470,CR-0000096582,0,0,0,0,4,5,0.0,12
719498,CR-0000102618,1,0,0,0,5,8,375.0,19
687485,CR-0000094273,0,0,0,0,5,1,104.0,2
682254,CR-0000091797,0,0,0,0,5,6,51.0,5
699338,CR-0000100665,0,0,0,0,4,0,0.0,8
716110,CR-0000102063,1,0,0,0,5,7,0.0,20
723764,CR-0000104160,0,0,0,0,5,5,88.0,1
725405,CR-0000104901,0,1,0,0,5,8,61.0,10
696043,CR-0000099178,0,0,0,0,5,2,25.0,12
722329,CR-0000103623,0,0,0,0,4,3,51.0,10
722414,CR-0000103709,0,1,0,0,5,8,722.0,9
715972,CR-0000101856,0,0,0,0,5,0,0.0,0
712061,CR-0000101043,0,0,0,0,5,0,0.0,22
689998,CR-0000096025,1,0,0,0,5,5,66.0,12
681944,CR-0000091453,0,0,1,0,5,2,0.0,18
681415,CR-0000090805,1,0,0,0,5,1,0.0,21
685436,CR-0000094180,0,1,0,0,5,5,0.0,15
685022,CR-0000093670,0,0,0,0,5,6,0.0,16
683521,CR-0000093119,0,0,0,0,5,6,51.0,22
688825,CR-0000094680,0,0,0,0,5,6,0.0,13
689191,CR-0000095104,0,0,0,1,3,8,36.0,17
689133,CR-0000094985,0,0,0,0,5,6,0.0,16
682604,CR-0000092171,1,0,0,0,5,5,51.0,10
682286,CR-0000091809,0,0,0,0,5,5,50.0,15
690579,CR-0000096700,1,0,0,0,5,5,45.0,20
690904,CR-0000097067,0,0,0,0,5,5,42.0,2
699284,CR-0000100609,0,0,0,0,4,3,0.0,19
722223,CR-0000103489,0,0,0,0,5,2,25.0,10
719597,CR-0000102754,0,0,0,0,4,0,0.0,6
724021,CR-0000104418,0,0,0,0,4,6,0.0,21
717428,CR-0000102452,2,0,0,0,5,0,0.0,21
723655,CR-0000104047,0,0,0,0,4,5,0.0,16
689009,CR-0000094869,0,0,0,0,4,0,51.0,9
683541,CR-0000093139,0,1,0,0,5,1,0.0,16
725222,CR-0000104703,0,0,0,0,4,0,0.0,11
711589,CR-0000101031,0,0,0,0,5,5,0.0,18
696189,CR-0000099333,0,0,0,0,5,2,28.0,1
694227,CR-0000097980,0,0,0,1,4,2,0.0,5
692462,CR-0000097750,1,0,0,0,5,5,75.0,14
694663,CR-0000098696,1,0,0,0,5,8,0.0,16
681486,CR-0000090876,0,1,0,0,5,0,58.0,16
719849,CR-0000103022,0,0,0,0,4,3,0.0,18
681222,CR-0000090607,0,1,0,0,5,8,268.0,20
688710,CR-0000094535,0,0,0,0,4,3,51.0,16
689722,CR-0000095734,0,1,0,0,5,7,0.0,18
690138,CR-0000096224,0,0,0,0,5,0,165.0,16
683166,CR-0000092766,0,0,0,0,4,5,51.0,7
719741,CR-0000102913,0,0,0,0,5,6,0.0,5
688833,CR-0000094688,0,0,1,0,5,1,162.0,0
683109,CR-0000092687,0,0,0,0,4,6,100.0,21
683040,CR-0000092600,0,0,0,0,5,0,0.0,10
682870,CR-0000092425,0,1,0,0,5,8,0.0,2
689438,CR-0000095413,2,0,0,0,5,0,0.0,22
685057,CR-0000093715,1,0,0,0,5,0,0.0,19
696350,CR-0000099506,1,0,0,0,5,5,84.0,17
716141,CR-0000102078,1,0,0,0,5,8,0.0,14
711873,CR-0000101124,0,0,0,0,4,0,0.0,1
723651,CR-0000104043,2,0,0,0,5,5,0.0,18
690922,CR-0000097086,0,0,0,0,5,6,51.0,12
682094,CR-0000091629,0,0,0,0,4,3,0.0,15
691144,CR-0000097343,0,0,0,0,4,3,51.0,3
692576,CR-0000097867,0,0,0,0,5,5,0.0,18
692435,CR-0000097719,0,0,0,0,4,6,51.0,23
717442,CR-0000102466,2,0,0,0,5,0,41.0,10
699270,CR-0000100593,0,0,0,0,4,3,51.0,17
683447,CR-0000093043,0,0,0,0,5,5,200.0,4
722379,CR-0000103673,0,1,1,0,5,0,0.0,3
681473,CR-0000090863,0,0,0,0,5,0,0.0,11
690741,CR-0000096878,0,0,0,0,5,2,0.0,13
689063,CR-0000094937,1,0,0,0,5,0,0.0,19
690723,CR-0000096860,0,0,0,0,4,6,51.0,1
725377,CR-0000104871,0,0,0,0,4,3,310.0,12
716336,CR-0000102263,0,1,0,0,5,2,0.0,3
690035,CR-0000096104,0,0,0,0,4,0,0.0,12
690288,CR-0000096380,0,0,0,0,4,6,51.0,19
692452,CR-0000097739,0,1,0,0,5,0,0.0,13
689545,CR-0000095522,0,0,0,0,5,5,28.0,15
684954,CR-0000093607,0,0,0,0,5,6,0.0,7
681839,CR-0000091248,0,0,0,0,5,2,205.0,21
683282,CR-0000092828,0,0,0,0,5,6,260.0,21
683385,CR-0000092978,1,0,0,0,5,0,0.0,7
722334,CR-0000103628,0,0,0,0,4,5,0.0,23
723991,CR-0000104387,0,0,0,0,5,2,234.0,1
723783,CR-0000104179,0,1,0,0,5,0,0.0,21
712091,CR-0000101222,0,0,0,0,4,3,0.0,3
682189,CR-0000091748,1,0,0,0,0,7,46.0,9
681212,CR-0000090597,0,0,0,0,5,1,0.0,10
683090,CR-0000092663,0,0,0,0,5,2,0.0,21
687425,CR-0000094204,2,0,0,0,5,0,0.0,14
689974,CR-0000096034,1,0,0,0,5,7,0.0,7
696214,CR-0000099359,2,0,0,0,4,0,16.0,6
696168,CR-0000099311,0,0,0,0,5,5,36.0,23
718494,CR-0000102600,1,0,0,0,5,5,18.0,8
722037,CR-0000103291,0,0,0,0,4,6,51.0,16
721949,CR-0000103203,0,0,0,0,5,2,0.0,7
718492,CR-0000102598,1,1,0,0,5,0,0.0,9
696467,CR-0000099644,1,0,0,0,5,8,30.0,17
690671,CR-0000096805,0,0,0,0,5,6,0.0,0
723575,CR-0000103967,5,0,1,0,5,5,29.0,23
696450,CR-0000099627,0,0,0,0,5,5,432.0,15
711569,CR-0000100986,0,0,0,0,5,1,66.0,8
688705,CR-0000094530,0,0,0,0,4,3,51.0,8
689134,CR-0000094996,0,0,0,0,5,0,0.0,18
690571,CR-0000096692,1,0,0,0,4,7,0.0,13
722211,CR-0000103477,0,0,0,0,5,6,170.0,8
723931,CR-0000104327,1,0,0,0,5,0,0.0,4
720841,CR-0000103044,0,0,0,0,4,0,0.0,12
712003,CR-0000100883,1,0,0,0,5,8,0.0,16
688823,CR-0000094678,0,0,0,0,5,1,0.0,0
682069,CR-0000091562,1,0,0,0,5,0,0.0,0
690987,CR-0000097158,1,0,0,0,5,5,122.0,0
691118,CR-0000097314,0,0,1,0,3,8,35.0,20
694440,CR-0000098405,1,0,0,0,5,7,0.0,6
694709,CR-0000098749,2,0,0,0,5,5,51.0,12
722576,CR-0000103904,1,0,0,0,5,1,0.0,2
711973,CR-0000101040,0,0,0,0,5,6,0.0,23
681924,CR-0000091418,2,0,0,0,5,1,0.0,11
694774,CR-0000098811,7,0,0,0,5,0,0.0,13
682923,CR-0000092504,0,1,0,0,4,0,0.0,20
682376,CR-0000091939,0,0,0,0,4,2,0.0,0
689179,CR-0000095047,0,0,0,0,5,6,51.0,19
685371,CR-0000094097,0,0,0,0,5,5,100.0,13
685125,CR-0000093798,0,0,0,0,5,6,0.0,22
685126,CR-0000093799,1,0,0,0,5,0,0.0,23
682414,CR-0000091977,1,0,0,0,5,5,0.0,13
682421,CR-0000091984,1,0,0,0,5,0,0.0,6
682909,CR-0000092468,1,0,0,0,4,8,0.0,11
681786,CR-0000091186,0,0,0,0,4,6,51.0,15
681496,CR-0000090886,0,0,0,0,5,1,0.0,15
694767,CR-0000098804,1,0,0,0,5,7,0.0,1
696180,CR-0000099324,0,0,0,0,4,5,51.0,20
711618,CR-0000101115,0,0,0,0,4,5,51.0,11
711699,CR-0000101208,0,0,0,0,4,0,51.0,0
711786,CR-0000101544,0,0,0,0,5,5,55.0,13
711780,CR-0000100840,0,0,0,0,5,0,0.0,15
699157,CR-0000100475,0,0,0,0,5,5,149.0,3
690236,CR-0000096326,0,0,0,0,4,5,51.0,18
716282,CR-0000102247,0,1,0,0,5,5,120.0,1
722557,CR-0000103902,1,0,0,0,5,6,0.0,3
722198,CR-0000103464,0,0,0,0,5,1,193.0,1
720862,CR-0000103065,0,0,0,0,4,5,51.0,12
723584,CR-0000103976,0,1,0,0,5,7,47.0,14
725382,CR-0000104876,0,0,0,0,5,5,0.0,11
725267,CR-0000104748,0,1,0,0,5,7,0.0,9
723949,CR-0000104345,0,0,0,0,5,6,149.0,12
722539,CR-0000103863,0,0,0,0,5,8,19.0,11
716118,CR-0000102159,1,0,0,0,5,6,164.0,16
689986,CR-0000096050,0,0,1,0,2,2,0.0,20
694147,CR-0000098043,0,1,0,0,3,8,243.0,16
698923,CR-0000100225,2,0,0,0,5,5,0.0,11
698891,CR-0000100189,0,0,1,0,5,8,30.0,1
711759,CR-0000101558,0,0,0,0,5,0,52.0,1
696263,CR-0000099410,0,0,0,0,5,6,0.0,16
694783,CR-0000098820,0,0,1,0,3,8,114.0,11
682555,CR-0000092122,0,1,0,0,5,0,310.0,15
682304,CR-0000091867,1,0,0,0,5,8,0.0,14
685134,CR-0000093807,1,0,0,0,3,8,180.0,19
685274,CR-0000093954,1,0,0,0,0,7,0.0,20
688701,CR-0000094526,0,0,0,0,4,5,0.0,12
685058,CR-0000093719,1,0,0,0,5,1,0.0,8
685065,CR-0000093729,0,0,0,0,5,5,81.0,10
684843,CR-0000093504,0,0,0,0,5,5,54.0,1
689145,CR-0000094988,0,0,0,0,5,5,51.0,1
689597,CR-0000095574,1,0,0,0,5,8,60.0,17
689888,CR-0000095915,0,0,0,0,4,6,51.0,12
690365,CR-0000096460,0,0,0,0,4,6,51.0,2
716015,CR-0000101866,0,0,0,0,4,5,50.0,11
723633,CR-0000104025,2,0,0,0,5,1,0.0,21
725288,CR-0000104769,0,0,0,0,4,3,51.0,15
716167,CR-0000102114,1,0,1,0,5,0,0.0,4
722150,CR-0000103416,0,0,0,0,4,5,0.0,20
694212,CR-0000098026,2,0,0,0,5,1,0.0,11
694292,CR-0000098200,2,0,0,0,5,0,0.0,9
694720,CR-0000098773,1,0,0,0,5,2,229.0,16
711575,CR-0000101434,0,0,0,0,5,1,0.0,21
689885,CR-0000095912,2,0,0,0,5,5,0.0,19
689491,CR-0000095468,1,0,0,0,5,0,0.0,13
689496,CR-0000095473,3,0,0,0,5,0,0.0,19
689059,CR-0000094924,0,1,0,0,2,3,60.0,13
688711,CR-0000094536,0,0,0,0,4,5,51.0,14
688703,CR-0000094528,0,0,0,0,4,5,0.0,8
681441,CR-0000090831,0,0,0,0,5,0,0.0,21
694693,CR-0000098727,1,0,0,0,5,5,32.0,14
698652,CR-0000099877,2,0,0,0,5,6,225.0,7
692504,CR-0000097793,0,0,0,0,4,0,50.0,13
712039,CR-0000101062,0,0,0,0,5,5,0.0,15
712033,CR-0000101157,0,0,0,0,4,0,0.0,19
712092,CR-0000100898,0,0,0,0,4,3,0.0,12
715844,CR-0000101999,1,0,0,0,5,0,0.0,7
721966,CR-0000103220,0,0,0,0,4,5,0.0,17
696156,CR-0000099299,0,0,0,0,4,5,0.0,17
682000,CR-0000091509,0,0,0,0,5,2,328.0,22
682343,CR-0000091906,0,1,0,0,5,2,240.0,17
683205,CR-0000092797,0,0,0,0,4,5,0.0,11
684973,CR-0000093601,0,0,0,0,4,6,51.0,8
689319,CR-0000095274,0,0,0,0,4,7,312.0,12
689035,CR-0000094912,0,0,0,0,5,5,171.0,17
699014,CR-0000100319,1,0,0,0,5,7,0.0,13
682410,CR-0000091973,0,0,0,0,5,2,30.0,1
682059,CR-0000091596,1,0,0,0,5,0,0.0,6
720842,CR-0000103045,0,0,0,0,4,5,51.0,12
725434,CR-0000104930,0,0,0,0,5,5,0.0,21
723574,CR-0000103966,0,0,0,0,5,5,202.0,22
690060,CR-0000096131,0,0,0,0,5,2,0.0,18
690889,CR-0000097033,0,0,0,0,4,2,0.0,7
690497,CR-0000096598,0,0,0,0,4,5,51.0,16
699210,CR-0000100531,0,0,0,0,4,6,51.0,2
711530,CR-0000100985,0,0,0,0,5,5,135.0,22
689718,CR-0000095730,0,0,0,0,5,6,0.0,13
684915,CR-0000093592,0,0,0,0,5,6,222.0,15
688758,CR-0000094593,0,0,0,0,4,3,51.0,11
723835,CR-0000104231,2,0,0,0,5,0,0.0,17
698794,CR-0000100075,0,1,0,0,5,8,0.0,17
722335,CR-0000103629,0,0,0,0,4,0,0.0,10
690402,CR-0000096498,0,0,0,0,4,6,51.0,6
685072,CR-0000093741,0,0,0,0,5,6,290.0,1
682601,CR-0000092168,0,0,0,0,4,6,51.0,8
682765,CR-0000092347,0,0,0,0,5,6,122.0,22
725492,CR-0000104989,0,0,0,0,5,5,99.0,14
683278,CR-0000092817,0,0,0,0,4,0,0.0,6
689755,CR-0000095774,1,0,0,0,5,0,0.0,9
689615,CR-0000095596,0,1,0,0,4,1,0.0,23
690808,CR-0000096947,1,0,0,0,5,6,150.0,13
691375,CR-0000097624,0,0,0,0,5,6,210.0,23
711672,CR-0000101344,0,0,0,0,5,0,143.0,3
716119,CR-0000102074,0,1,0,0,5,7,0.0,3
716392,CR-0000102391,1,1,0,0,5,0,0.0,15
724169,CR-0000104525,0,1,0,0,5,0,101.0,2
694614,CR-0000098647,0,1,0,0,5,1,0.0,16
689360,CR-0000095333,3,0,0,0,5,1,0.0,11
723647,CR-0000104039,0,0,0,0,5,6,121.0,15
712037,CR-0000101191,0,0,0,0,4,6,0.0,13
712005,CR-0000101086,0,0,0,0,4,5,0.0,13
719706,CR-0000102878,0,0,0,0,4,5,0.0,18
688826,CR-0000094681,0,0,0,0,5,5,160.0,15
685404,CR-0000094139,1,0,0,0,5,0,29.0,14
683138,CR-0000092713,0,0,0,0,4,5,0.0,13
682330,CR-0000091893,0,0,0,0,4,5,0.0,20
681819,CR-0000091228,0,0,0,0,5,5,201.0,19
694755,CR-0000098787,1,0,0,0,3,8,0.0,14
695854,CR-0000098919,0,0,0,0,4,5,0.0,7
695888,CR-0000099007,0,0,0,0,5,5,133.0,16
698673,CR-0000099910,1,1,0,0,4,0,0.0,20
691258,CR-0000097502,0,0,0,0,3,8,0.0,17
694402,CR-0000098356,0,1,0,0,5,5,20.0,13
694564,CR-0000098588,0,1,0,0,5,8,0.0,11
682103,CR-0000091634,0,0,0,0,4,0,0.0,12
682105,CR-0000091621,0,0,0,0,4,0,0.0,2
720844,CR-0000103047,0,0,0,0,4,6,51.0,20
722343,CR-0000103637,0,0,0,0,5,0,24.0,23
725473,CR-0000104970,0,0,0,0,5,0,173.0,7
724067,CR-0000104447,0,0,0,0,4,3,51.0,9
719538,CR-0000102667,1,0,0,0,5,1,17.0,15
691064,CR-0000097237,0,0,0,0,4,3,51.0,10
682583,CR-0000092150,1,0,0,0,5,6,0.0,19
682962,CR-0000092568,1,0,0,0,5,0,0.0,18
689591,CR-0000095568,1,0,0,0,5,6,450.0,8
682301,CR-0000091864,1,0,0,0,5,0,300.0,8
682513,CR-0000092080,0,0,0,0,5,0,210.0,8
711574,CR-0000101313,0,0,0,0,5,0,246.0,16
696129,CR-0000099271,0,0,0,0,5,6,51.0,15
697630,CR-0000099849,2,0,0,0,5,0,105.0,15