CrashFactId,Name,MinorInjuries,ModerateInjuries,SevereInjuries,FatalInjuries,PrimaryCollisionFactor_Code,CollisionType_Code,Distance,CrashTime
689465,CR-0000095442,1,0,0,0,5,6,0.0,12
688812,CR-0000094658,0,0,0,1,4,8,0.0,19
692521,CR-0000097811,0,1,0,0,5,0,0.0,15
690384,CR-0000096479,0,0,0,0,4,1,51.0,5
698674,CR-0000099911,1,0,0,0,5,0,0.0,17
723559,CR-0000103951,0,0,0,0,5,1,148.0,22
712254,CR-0000101709,0,0,0,0,4,5,0.0,17
690344,CR-0000096438,0,0,0,0,4,5,0.0,15
694510,CR-0000098504,1,0,0,0,5,5,0.0,11
719604,CR-0000102761,0,0,0,0,4,6,51.0,17
697629,CR-0000099848,1,0,0,0,5,7,0.0,9
689156,CR-0000095051,0,1,1,0,5,1,22.0,0
724149,CR-0000104532,2,0,0,0,5,5,0.0,19
724052,CR-0000104483,0,0,0,0,4,6,0.0,0
720882,CR-0000103085,0,0,0,0,4,5,0.0,17
715812,CR-0000101799,0,0,0,0,5,5,0.0,20
712081,CR-0000101497,0,0,0,0,4,6,0.0,10
717478,CR-0000102511,2,0,0,0,5,5,0.0,21
682856,CR-0000092426,3,0,0,0,5,0,0.0,11
682637,CR-0000092213,0,0,0,0,5,6,21.0,10
681613,CR-0000091010,0,0,0,0,5,6,0.0,7
696246,CR-0000099393,3,1,0,0,5,0,0.0,21
696181,CR-0000099325,0,1,0,0,5,7,447.0,17
695853,CR-0000098918,1,0,0,0,0,7,0.0,16
699225,CR-0000100546,0,0,0,0,4,5,0.0,12
723963,CR-0000104359,0,0,0,0,4,0,50.0,16
725421,CR-0000104917,1,0,0,0,5,2,357.0,3
722393,CR-0000103687,1,0,0,0,5,5,565.0,20
698787,CR-0000100068,0,0,1,0,3,8,75.0,0
695946,CR-0000099079,0,0,0,0,4,5,51.0,19
696069,CR-0000099204,0,0,0,0,4,5,51.0,18
694305,CR-0000098213,0,0,0,1,4,8,80.0,8
689944,CR-0000096000,2,0,0,0,2,2,382.0,22
682289,CR-0000091832,1,1,0,0,5,5,220.0,16
689268,CR-0000095232,1,0,0,0,5,5,500.0,13
685159,CR-0000093834,1,0,0,0,5,5,0.0,9
689488,CR-0000095465,1,0,0,0,5,1,0.0,13
689716,CR-0000095728,0,1,0,0,3,8,25.0,6
683031,CR-0000092673,0,1,0,0,5,8,0.0,20
690909,CR-0000097072,0,0,0,0,5,2,0.0,7
698988,CR-0000100292,1,0,1,0,5,6,0.0,18
724050,CR-0000104454,0,0,0,0,5,2,270.0,1
725494,CR-0000104991,0,1,0,0,5,2,0.0,18
722157,CR-0000103423,0,0,0,0,5,2,126.0,19
694577,CR-0000098601,0,2,0,0,5,0,0.0,17
711745,CR-0000101087,0,0,0,0,5,5,110.0,19
685145,CR-0000093819,0,0,0,0,4,5,51.0,15
685185,CR-0000093861,0,0,0,0,4,0,0.0,5
684716,CR-0000093400,0,1,0,0,5,7,0.0,18
699094,CR-0000100409,0,0,0,0,5,6,375.0,5
698905,CR-0000100205,1,0,0,0,5,5,0.0,16
694623,CR-0000098656,1,0,0,0,5,5,0.0,21
694294,CR-0000098202,1,1,1,0,5,7,0.0,17
690518,CR-0000096659,0,0,0,0,4,5,51.0,8
716355,CR-0000102357,1,0,0,0,4,8,51.0,16
683481,CR-0000093077,0,0,0,0,4,3,0.0,4
689025,CR-0000094885,0,0,0,0,5,2,82.0,18
689041,CR-0000094904,0,0,0,0,5,2,0.0,13
684708,CR-0000093337,0,0,0,0,4,5,0.0,18
681474,CR-0000090864,0,0,0,0,5,7,560.0,15
690000,CR-0000096017,1,0,0,0,0,7,285.0,15
696092,CR-0000099227,3,1,0,0,5,2,0.0,2
692481,CR-0000097769,0,0,0,0,4,5,0.0,17
688913,CR-0000094774,0,0,0,0,5,6,350.0,8
689132,CR-0000094995,0,0,0,0,5,0,0.0,20
682180,CR-0000091716,1,0,0,0,5,6,0.0,7
691082,CR-0000097255,2,0,0,0,5,5,124.0,12
690914,CR-0000097077,2,0,0,0,5,1,0.0,19
715991,CR-0000101957,2,0,0,0,5,7,0.0,11
722058,CR-0000103312,0,0,0,0,4,6,51.0,16
691171,CR-0000097373,0,0,0,0,4,6,51.0,17
690690,CR-0000096825,3,0,0,0,5,5,500.0,12
683430,CR-0000093026,0,0,0,0,5,7,0.0,21
681540,CR-0000090936,0,0,0,0,5,1,0.0,21
722043,CR-0000103297,0,0,0,0,5,0,251.0,18
696277,CR-0000099424,0,0,0,0,5,5,51.0,5
722280,CR-0000103574,0,0,0,0,5,6,79.0,12
690040,CR-0000096109,0,0,0,0,5,8,240.0,13
689621,CR-0000095602,0,0,0,0,5,6,51.0,19
723630,CR-0000104022,0,1,0,0,5,7,0.0,17
696457,CR-0000099634,1,0,0,0,5,0,0.0,20
723825,CR-0000104221,0,0,0,0,5,0,0.0,22
711867,CR-0000100832,0,0,0,0,5,5,0.0,0
722428,CR-0000103723,0,0,0,0,4,6,51.0,20
699245,CR-0000100567,1,0,0,0,5,0,0.0,14
696486,CR-0000099664,0,0,0,0,5,6,140.0,17
683466,CR-0000093062,1,0,0,0,5,5,200.0,13
716270,CR-0000102236,1,0,0,0,5,6,140.0,17
720914,CR-0000103141,0,0,0,0,4,5,50.0,17
723711,CR-0000104104,1,0,0,0,4,7,0.0,7
682057,CR-0000091593,1,0,0,0,5,8,0.0,17
691033,CR-0000097205,3,0,0,0,5,1,0.0,15
690226,CR-0000096315,0,0,0,0,4,3,51.0,5
689845,CR-0000095871,0,0,0,0,5,6,0.0,10
696275,CR-0000099422,0,0,0,0,5,4,0.0,1
716088,CR-0000102072,0,1,0,0,5,8,110.0,8
716151,CR-0000102118,1,0,0,0,5,7,822.0,16
719820,CR-0000102993,0,0,0,0,5,0,0.0,4
691372,CR-0000097621,0,1,0,0,5,2,365.0,2
694208,CR-0000098041,1,1,0,0,5,5,566.0,17
689011,CR-0000094871,0,0,0,0,4,5,51.0,14
681320,CR-0000090707,2,0,0,0,5,5,0.0,13
694537,CR-0000098531,0,2,0,0,5,5,39.0,12
711731,CR-0000101107,0,0,0,0,4,7,51.0,7
691347,CR-0000097595,0,0,0,0,4,3,51.0,20
691340,CR-0000097587,0,1,0,0,5,6,0.0,6
696566,CR-0000099763,1,0,0,0,4,7,51.0,7
726524,CR-0000105058,0,0,0,0,4,3,51.0,17
723745,CR-0000104140,3,0,0,0,5,5,60.0,0
719758,CR-0000102931,0,0,0,0,4,0,0.0,12
722392,CR-0000103686,0,1,0,0,0,7,57.0,19
699392,CR-0000100720,1,0,0,0,5,7,32.0,16
694174,CR-0000097982,2,0,0,0,5,5,141.0,15
681974,CR-0000091483,0,1,0,0,3,8,0.0,15
689047,CR-0000094936,0,0,0,0,4,5,0.0,18
685015,CR-0000093701,2,0,0,0,5,0,0.0,15
692548,CR-0000097839,0,1,0,0,5,2,562.0,1
696494,CR-0000099672,1,3,0,0,5,1,50.0,8
723735,CR-0000104130,1,0,0,0,5,0,624.0,14
681528,CR-0000090924,0,0,0,0,4,5,51.0,15
681692,CR-0000091089,2,0,0,0,5,5,75.0,15
723977,CR-0000104373,0,0,0,0,5,2,77.0,15
719492,CR-0000102612,0,1,0,0,5,7,62.0,5
722354,CR-0000103648,2,0,0,0,5,1,0.0,20
699113,CR-0000100429,0,0,0,0,4,5,212.0,19
694461,CR-0000098426,1,1,0,0,0,7,0.0,14
689642,CR-0000095624,1,1,0,0,5,1,0.0,12
696140,CR-0000099282,0,0,0,0,5,5,28.0,22
696040,CR-0000099175,0,0,0,0,5,5,0.0,10
690275,CR-0000096367,0,0,0,0,4,5,0.0,19
690787,CR-0000096925,0,0,0,0,5,6,36.0,21
689051,CR-0000094892,0,0,0,0,5,2,160.0,2
685014,CR-0000093704,1,0,0,0,5,8,24.0,17
681270,CR-0000090656,0,0,0,0,5,6,300.0,22
682476,CR-0000092041,0,0,0,0,5,6,51.0,15
712021,CR-0000101127,0,0,0,0,5,5,0.0,19
722501,CR-0000103789,0,0,0,0,5,6,75.0,1
681583,CR-0000090980,0,0,0,0,5,5,234.0,0
688929,CR-0000094786,2,1,2,0,5,5,500.0,17
689655,CR-0000095637,3,0,0,0,5,5,430.0,17
689369,CR-0000095325,2,0,0,0,5,5,268.0,17
696062,CR-0000099197,0,0,0,0,4,5,0.0,9
699234,CR-0000100556,0,0,0,0,4,5,0.0,14
711639,CR-0000101123,0,0,0,0,4,5,0.0,15
722338,CR-0000103632,0,1,0,0,0,7,28.0,8
723679,CR-0000104071,1,0,0,0,5,5,51.0,13
690784,CR-0000096922,0,1,0,0,3,8,630.0,17
722341,CR-0000103635,0,1,0,0,5,5,257.0,16
682880,CR-0000092453,0,0,0,0,4,5,51.0,23
712211,CR-0000101645,0,0,0,0,5,0,207.0,4
689559,CR-0000095536,1,0,0,0,5,0,222.0,15
719851,CR-0000103024,0,0,0,0,5,2,18.0,23
720944,CR-0000103179,0,0,0,0,5,2,121.0,23
715960,CR-0000101737,0,0,0,0,5,5,155.0,7
689625,CR-0000095606,1,0,0,0,5,6,51.0,3
688734,CR-0000094560,0,0,0,0,4,5,0.0,22
696330,CR-0000099486,0,0,1,0,0,7,465.0,17
695860,CR-0000098925,0,0,0,0,4,6,51.0,17
688912,CR-0000094772,2,0,0,0,5,0,0.0,16
687460,CR-0000094239,0,0,0,0,5,5,85.0,1
683136,CR-0000092703,0,0,0,0,4,3,51.0,0
690427,CR-0000096527,0,0,0,0,5,5,25.0,22
722163,CR-0000103429,0,0,0,0,4,3,51.0,17
722565,CR-0000103906,0,0,0,0,5,2,346.0,4
720878,CR-0000103081,0,0,0,0,5,2,25.0,3
690167,CR-0000096256,0,0,0,0,4,6,0.0,9
694072,CR-0000098007,1,0,0,0,5,8,128.0,13
699142,CR-0000100458,0,0,0,0,4,3,51.0,21
699068,CR-0000100374,2,0,0,0,5,5,40.0,19
698857,CR-0000100140,2,0,0,0,5,5,0.0,18
699402,CR-0000100731,1,0,0,0,5,0,0.0,14
695856,CR-0000098921,0,0,0,0,5,5,0.0,10
696388,CR-0000099546,0,0,0,0,4,5,0.0,10
694386,CR-0000098330,0,0,0,0,5,5,0.0,11
690086,CR-0000096150,0,0,0,0,4,5,0.0,15
690219,CR-0000096308,0,0,0,0,4,6,0.0,12
690965,CR-0000097136,1,0,0,0,5,5,51.0,16
683364,CR-0000092954,0,0,0,0,5,5,0.0,11
682887,CR-0000092488,2,0,0,0,5,6,0.0,22
681428,CR-0000090818,1,0,0,0,5,7,0.0,22
682081,CR-0000091588,0,0,0,0,5,5,0.0,19
688750,CR-0000094576,0,0,0,0,4,6,51.0,18
688977,CR-0000094836,0,1,0,0,5,7,0.0,17
689224,CR-0000095167,0,0,0,0,5,5,0.0,14
722039,CR-0000103293,0,0,0,0,4,6,51.0,7
715819,CR-0000101888,0,0,0,0,2,5,0.0,20
715919,CR-0000101735,0,0,0,0,5,2,0.0,1
723713,CR-0000104106,2,0,0,0,5,5,357.0,11
723895,CR-0000104291,0,0,0,0,4,6,0.0,16
726504,CR-0000105038,0,0,0,0,5,2,46.0,4
724189,CR-0000104606,1,0,0,0,5,5,78.0,21
715837,CR-0000101849,0,0,0,0,4,3,5.0,10
718481,CR-0000102569,0,1,0,0,5,2,47.0,22
690256,CR-0000096347,0,0,0,0,4,5,0.0,13
695812,CR-0000098877,2,0,0,0,5,8,136.0,19
683289,CR-0000092875,0,1,0,0,5,5,195.0,17
682038,CR-0000091549,0,0,0,0,5,5,51.0,20
681312,CR-0000090699,1,0,0,0,5,0,0.0,10
685414,CR-0000094149,0,0,0,0,5,5,18.0,22
685248,CR-0000093928,1,0,0,0,5,0,419.0,8
683454,CR-0000093050,2,0,0,0,5,1,59.0,17
697607,CR-0000099842,0,1,0,0,5,8,0.0,13
698634,CR-0000099858,0,0,0,0,4,6,51.0,20
711698,CR-0000101499,0,0,0,0,4,5,0.0,7
698841,CR-0000100124,0,1,0,0,0,7,45.0,16
692477,CR-0000097765,1,0,0,0,5,0,0.0,12
715855,CR-0000101879,0,0,0,0,4,0,51.0,15
723727,CR-0000104122,1,0,0,0,5,7,191.0,8
722373,CR-0000103667,0,1,0,0,5,0,0.0,9
681504,CR-0000090894,0,0,0,0,5,2,45.0,3
682015,CR-0000091524,0,0,0,0,5,6,546.0,2
683353,CR-0000092941,0,0,0,0,5,6,66.0,20
682319,CR-0000091882,0,0,0,0,5,1,270.0,23
690335,CR-0000096429,0,0,0,0,4,3,0.0,18
722242,CR-0000103508,0,0,0,0,4,3,51.0,20
726528,CR-0000105062,0,1,0,0,5,5,277.0,3
681367,CR-0000090754,0,2,0,0,5,4,0.0,17
690508,CR-0000096599,0,0,0,0,4,5,0.0,20
699120,CR-0000100436,0,0,0,0,5,5,0.0,17
687489,CR-0000094277,0,0,0,0,5,0,20.0,10
682203,CR-0000091784,0,1,0,0,0,7,0.0,7
723601,CR-0000103993,0,0,0,0,5,3,170.0,3
716322,CR-0000102298,1,0,0,0,5,5,0.0,8
689988,CR-0000096032,1,0,0,0,4,7,0.0,18
691251,CR-0000097476,3,2,0,0,5,0,0.0,12
684841,CR-0000093493,0,1,0,0,5,8,0.0,10
722067,CR-0000103320,0,0,0,0,4,6,51.0,0
689852,CR-0000095878,1,0,0,0,4,5,0.0,9
723596,CR-0000103988,0,0,0,0,4,6,51.0,17
684791,CR-0000093433,0,0,0,0,5,1,30.0,23
685147,CR-0000093821,0,0,0,0,5,3,51.0,19
691199,CR-0000097402,0,0,0,0,4,5,0.0,9
690374,CR-0000096467,0,0,0,0,4,6,51.0,21
711714,CR-0000100997,0,0,0,0,5,5,0.0,16
691136,CR-0000097332,0,0,0,0,5,2,0.0,5
682785,CR-0000092364,0,0,0,0,4,5,51.0,7
712065,CR-0000101415,0,0,0,0,5,6,194.0,21
682142,CR-0000091684,0,0,1,0,5,6,51.0,20
692473,CR-0000097761,0,0,0,0,4,0,0.0,11
689308,CR-0000095268,0,0,0,0,4,3,51.0,13
682234,CR-0000091758,0,0,0,0,5,2,316.0,12
682947,CR-0000092532,0,0,0,0,5,2,16.0,7
694374,CR-0000098318,1,0,0,0,5,5,0.0,18
696164,CR-0000099307,0,0,0,0,4,3,51.0,14
694105,CR-0000097968,0,1,0,0,5,0,0.0,13
711831,CR-0000101436,0,0,0,0,5,2,0.0,0
690587,CR-0000096708,2,0,0,0,5,5,280.0,19
682541,CR-0000092108,1,0,0,0,5,5,227.0,2
690660,CR-0000096783,3,0,0,0,5,1,0.0,15
690639,CR-0000096761,1,0,0,0,5,5,360.0,15
689946,CR-0000095961,0,0,0,0,4,7,0.0,18
716100,CR-0000102053,1,0,0,0,5,2,261.0,15
716314,CR-0000102285,2,0,0,0,5,0,0.0,9
719675,CR-0000102846,0,0,0,0,4,5,51.0,11
690314,CR-0000096408,0,0,0,0,4,5,0.0,14
690809,CR-0000096948,0,0,0,0,5,5,40.0,19
689072,CR-0000094895,0,0,1,0,0,7,60.0,15
692436,CR-0000097720,1,0,0,0,0,7,0.0,7
694045,CR-0000097907,0,2,0,0,5,6,0.0,13
694165,CR-0000098008,1,0,0,0,5,0,0.0,16
698999,CR-0000100303,0,0,1,0,5,0,34.0,17
698651,CR-0000099876,0,1,0,0,5,5,0.0,7
696482,CR-0000099660,0,0,0,0,4,0,0.0,12
684997,CR-0000093692,1,0,0,0,5,1,0.0,15
722024,CR-0000103278,0,0,0,0,4,6,51.0,11
723731,CR-0000104126,0,1,0,0,5,7,16.0,11
725315,CR-0000104807,2,0,0,0,5,1,60.0,16
722342,CR-0000103636,0,0,0,0,5,6,0.0,2
723788,CR-0000104184,0,0,0,0,4,6,0.0,7
694590,CR-0000098614,0,1,0,0,5,0,0.0,18
694666,CR-0000098699,0,0,0,0,5,0,24.0,15
690317,CR-0000096411,0,0,0,0,4,6,0.0,21
725435,CR-0000104931,0,0,0,0,5,6,29.0,22
722203,CR-0000103469,0,0,0,0,4,3,51.0,6
719609,CR-0000102767,0,0,0,0,4,6,51.0,8
685427,CR-0000094162,2,0,0,0,5,0,0.0,18
698934,CR-0000100236,0,1,0,0,5,7,0.0,11
683338,CR-0000092926,0,0,0,0,4,5,51.0,21
696328,CR-0000099484,1,0,0,0,0,7,0.0,8
696110,CR-0000099250,0,0,0,0,5,3,385.0,11
697604,CR-0000099822,1,0,0,0,5,5,0.0,19
695887,CR-0000099006,0,0,0,0,5,5,0.0,17
696010,CR-0000099145,0,0,0,0,4,3,0.0,18
699448,CR-0000100800,0,0,0,0,5,5,51.0,7
690405,CR-0000096502,0,0,0,0,4,3,50.0,7
692560,CR-0000097851,0,0,1,0,0,7,0.0,13
692421,CR-0000097704,2,0,0,0,5,5,43.0,18
692412,CR-0000097695,0,0,0,0,4,5,0.0,14
682419,CR-0000091982,0,0,0,0,5,2,65.0,18
681852,CR-0000091306,0,0,0,0,4,5,51.0,15
681360,CR-0000090747,0,0,0,0,5,5,270.0,21
681319,CR-0000090706,0,0,0,0,4,0,51.0,16
685099,CR-0000093770,1,0,0,0,4,0,0.0,20
685290,CR-0000093970,0,1,0,0,5,8,98.0,8
684948,CR-0000093654,0,0,0,0,5,6,42.0,17
683574,CR-0000093180,4,0,0,0,4,5,0.0,19
689288,CR-0000095267,0,0,0,0,4,5,0.0,19
722006,CR-0000103260,0,0,0,0,4,6,51.0,18
722272,CR-0000103566,0,0,0,0,5,5,0.0,21
722400,CR-0000103694,0,0,0,0,5,0,0.0,6
716386,CR-0000102385,1,0,0,0,5,0,0.0,10
715931,CR-0000101900,0,0,0,0,5,5,0.0,9
684690,CR-0000093318,0,0,0,0,4,6,0.0,17
711557,CR-0000100829,0,0,0,0,5,1,283.0,3
696003,CR-0000099138,0,0,0,0,4,3,51.0,15
694584,CR-0000098608,1,0,0,0,5,5,105.0,1
722105,CR-0000103370,0,0,0,0,5,5,0.0,21
682188,CR-0000091730,1,0,0,0,0,7,0.0,8
681855,CR-0000091318,1,0,0,0,5,1,0.0,18
691298,CR-0000097543,1,0,0,0,5,5,0.0,15
694199,CR-0000098080,1,0,0,0,5,5,0.0,0
690234,CR-0000096324,0,0,0,0,4,6,51.0,21
694801,CR-0000098839,1,1,1,0,5,0,0.0,21
696421,CR-0000099598,1,0,0,0,5,5,0.0,20
698911,CR-0000100211,1,0,0,0,5,5,0.0,23
682170,CR-0000091732,2,0,0,0,5,0,0.0,11
682458,CR-0000092023,0,0,0,0,5,5,0.0,18
683262,CR-0000092823,0,0,0,0,4,5,0.0,14
683419,CR-0000093012,1,0,0,0,5,0,0.0,19
688978,CR-0000094837,0,0,0,0,4,0,51.0,7
715835,CR-0000101750,0,0,0,0,4,5,0.0,20
712162,CR-0000101412,0,0,0,0,5,5,46.0,20
726518,CR-0000105052,0,0,0,0,5,6,0.0,17
723598,CR-0000103990,0,0,0,0,4,5,51.0,11
723622,CR-0000104014,1,1,0,0,5,5,219.0,5
724072,CR-0000104481,0,0,0,0,4,5,51.0,1
689485,CR-0000095462,1,0,0,0,5,5,0.0,9
725513,CR-0000105010,0,0,0,0,5,5,540.0,2
711969,CR-0000101541,0,0,0,0,5,2,116.0,1
716123,CR-0000102082,0,0,1,0,5,0,0.0,14
690369,CR-0000096464,0,0,0,0,4,6,0.0,22
694546,CR-0000098540,1,0,0,0,5,5,103.0,0
682460,CR-0000092025,1,0,0,0,0,2,134.0,20
682479,CR-0000092046,0,1,0,0,5,4,181.0,11
682469,CR-0000092034,0,0,0,0,5,5,210.0,1
690312,CR-0000096405,0,0,0,0,4,6,0.0,10
711687,CR-0000101361,0,0,0,0,5,6,244.0,17
721968,CR-0000103222,0,0,0,0,4,3,0.0,14
718500,CR-0000102606,0,1,0,0,5,5,0.0,7
722062,CR-0000103316,0,0,0,0,5,6,220.0,19
722317,CR-0000103611,0,0,0,0,4,3,51.0,21
722364,CR-0000103658,1,0,0,0,5,1,0.0,12
717441,CR-0000102465,1,0,0,0,5,5,600.0,11
711776,CR-0000101117,0,0,0,0,5,5,268.0,9
697623,CR-0000099829,1,1,0,0,4,0,428.0,8
694264,CR-0000098027,0,0,0,0,5,1,474.0,8
681789,CR-0000091189,0,0,0,0,5,5,180.0,22
681380,CR-0000090768,0,1,0,0,5,8,450.0,18
689548,CR-0000095525,2,0,0,0,5,0,348.0,14
684873,CR-0000093519,0,0,0,0,4,3,51.0,10
687576,CR-0000094367,2,0,0,0,5,5,610.0,17
687556,CR-0000094346,0,1,0,0,0,7,92.0,10
682966,CR-0000092571,0,0,0,0,5,5,610.0,9
694255,CR-0000097986,0,0,0,0,5,6,318.0,19
723640,CR-0000104032,0,0,0,0,5,2,173.0,9
694601,CR-0000098625,1,1,0,0,5,1,0.0,20
699385,CR-0000100712,0,0,0,0,5,6,549.0,21
698797,CR-0000100078,0,1,0,0,5,7,436.0,23
699038,CR-0000100344,0,1,0,0,5,6,0.0,14
697625,CR-0000099826,0,1,0,0,3,8,0.0,8
682113,CR-0000091616,0,0,0,0,4,5,0.0,11
712206,CR-0000101639,0,0,0,0,4,6,51.0,16
716053,CR-0000102016,1,0,0,0,4,6,0.0,22
722310,CR-0000103604,0,0,0,0,4,3,0.0,19
719709,CR-0000102881,0,0,0,0,4,5,0.0,15
723754,CR-0000104150,2,0,0,0,5,5,620.0,14
725412,CR-0000104908,1,0,0,0,5,6,51.0,19
681497,CR-0000090887,3,0,0,0,5,5,0.0,17
682878,CR-0000092459,0,0,0,0,5,5,20.0,11
683076,CR-0000092624,1,0,0,0,5,1,38.0,7
682383,CR-0000091946,1,0,0,0,5,5,20.0,16
682597,CR-0000092164,2,0,0,0,5,5,55.0,16
687601,CR-0000094394,1,0,0,0,5,8,40.0,7
685103,CR-0000093775,0,1,0,0,5,1,584.0,22
684714,CR-0000093350,0,0,0,0,5,5,373.0,10
689338,CR-0000095309,0,0,0,0,5,6,0.0,15
688930,CR-0000094788,1,0,0,0,5,6,0.0,8
695923,CR-0000099052,0,0,0,0,4,5,0.0,23
695912,CR-0000099040,0,0,0,0,4,6,0.0,23
699007,CR-0000100311,1,0,0,0,4,3,51.0,12
698961,CR-0000100263,1,0,0,0,5,1,70.0,14
699312,CR-0000100633,1,0,0,0,5,5,0.0,19
694493,CR-0000098487,2,0,0,0,4,5,0.0,6
694401,CR-0000098354,1,0,0,0,4,5,0.0,12
684725,CR-0000093458,0,0,0,0,5,2,51.0,7
689130,CR-0000095002,0,0,0,0,5,8,71.0,17
689968,CR-0000095986,1,0,0,0,5,1,0.0,23
690150,CR-0000096238,0,0,0,0,4,6,51.0,8
694146,CR-0000097960,1,0,0,0,5,5,0.0,12
694043,CR-0000097944,1,0,0,0,5,5,120.0,19
696088,CR-0000099223,1,0,0,0,5,0,0.0,8
694794,CR-0000098832,0,1,0,0,5,7,24.0,23
689045,CR-0000094938,1,0,0,0,5,5,388.0,19
688776,CR-0000094620,0,0,0,0,4,5,0.0,12
683544,CR-0000093125,0,0,0,1,5,2,152.0,23
683079,CR-0000092658,1,0,0,0,5,5,0.0,13
681311,CR-0000090698,1,0,0,0,5,7,90.0,3
719727,CR-0000102899,0,0,0,0,4,5,0.0,12
722122,CR-0000103387,0,0,0,0,5,6,0.0,14
690551,CR-0000096673,0,0,0,0,5,2,707.0,3
685341,CR-0000094067,0,0,0,0,5,1,350.0,18
685169,CR-0000093845,0,0,0,0,5,5,0.0,23
684960,CR-0000093629,0,0,0,0,4,6,0.0,10
681306,CR-0000090692,3,0,0,0,5,0,0.0,18
682951,CR-0000092598,0,0,0,0,4,5,0.0,9
682540,CR-0000092107,0,0,1,0,5,5,0.0,21
690605,CR-0000096726,0,0,0,1,5,2,148.0,22
694241,CR-0000098158,1,1,0,0,5,0,0.0,2
691084,CR-0000097257,2,0,0,0,5,0,0.0,19
696313,CR-0000099469,0,1,0,0,5,8,0.0,6
711547,CR-0000101330,0,0,0,0,4,2,0.0,12
699240,CR-0000100562,0,0,0,0,5,2,0.0,19
719521,CR-0000102650,1,0,0,0,5,0,0.0,8
715943,CR-0000101745,0,0,0,0,4,6,0.0,16
726490,CR-0000105023,0,0,0,0,4,5,0.0,13
724166,CR-0000104542,0,0,0,0,4,6,51.0,21
724119,CR-0000104553,0,0,0,0,4,6,51.0,18
723625,CR-0000104017,1,0,0,0,5,0,32.0,17
725337,CR-0000104829,0,1,0,0,5,0,0.0,12
719686,CR-0000102857,0,0,0,0,4,0,0.0,4
699477,CR-0000100777,0,0,0,0,5,5,0.0,17
711662,CR-0000101282,0,0,0,0,4,0,0.0,12
695945,CR-0000099078,0,0,0,0,4,5,0.0,23
692561,CR-0000097852,2,0,0,0,5,0,0.0,15
694556,CR-0000098550,2,0,0,0,5,0,26.0,7
683326,CR-0000092912,0,0,0,0,4,6,0.0,11
681644,CR-0000091041,0,1,0,0,5,6,310.0,16
681951,CR-0000091460,1,1,0,0,5,0,0.0,16
685035,CR-0000093672,2,0,0,0,5,0,0.0,19
716338,CR-0000102317,0,0,1,0,0,7,0.0,18
723873,CR-0000104269,3,0,0,0,5,2,55.0,20
722328,CR-0000103622,3,0,0,0,5,4,337.0,22
687551,CR-0000094341,2,1,0,0,5,0,0.0,22
694710,CR-0000098756,1,0,0,0,2,2,346.0,15
689170,CR-0000095013,0,1,0,0,5,2,27.0,23
725426,CR-0000104922,0,0,1,0,5,2,0.0,1
719845,CR-0000103018,0,0,0,0,4,5,51.0,22
711899,CR-0000101523,0,0,0,0,5,6,0.0,13
682731,CR-0000092311,1,0,0,0,5,0,0.0,13
694306,CR-0000098214,0,0,0,1,0,2,260.0,22
690325,CR-0000096419,0,0,0,0,4,2,0.0,10
723616,CR-0000104008,0,0,0,0,4,0,51.0,16
723756,CR-0000104152,2,0,0,0,5,1,0.0,18
690970,CR-0000097141,0,0,0,0,4,6,0.0,14
689889,CR-0000095916,1,0,0,0,5,8,0.0,12
691180,CR-0000097382,0,0,0,0,5,7,0.0,16
694477,CR-0000098471,0,0,0,1,4,8,118.0,3
697570,CR-0000099781,0,0,0,0,5,2,20.0,13
681436,CR-0000090826,0,0,0,0,5,0,60.0,13
711810,CR-0000100913,1,0,0,0,4,5,373.0,17
681469,CR-0000090859,0,0,0,0,4,3,51.0,4
699413,CR-0000100745,0,0,0,0,5,5,222.0,21
722134,CR-0000103399,0,0,0,0,5,6,250.0,11
690270,CR-0000096362,0,0,0,0,4,5,0.0,5
711781,CR-0000100900,0,0,0,0,4,5,0.0,10
692520,CR-0000097810,2,0,0,0,5,4,43.0,6
688814,CR-0000094669,0,0,0,0,5,2,52.0,3
719537,CR-0000102666,0,0,1,0,5,0,0.0,15
718502,CR-0000102608,2,0,0,0,5,5,55.0,16
723784,CR-0000104180,1,0,0,0,5,0,0.0,14
689640,CR-0000095622,1,0,0,0,5,6,0.0,11
685210,CR-0000093889,0,0,0,1,5,7,0.0,21
681451,CR-0000090841,1,0,0,0,5,5,0.0,18
681492,CR-0000090882,1,1,0,0,5,0,0.0,16
681581,CR-0000090978,2,0,0,0,5,0,0.0,21
695910,CR-0000099038,0,0,0,0,4,6,51.0,10
697617,CR-0000099811,3,0,0,0,5,0,0.0,6
696423,CR-0000099600,2,0,0,0,5,0,0.0,16
696282,CR-0000099438,1,0,0,0,5,5,61.0,20
711849,CR-0000101394,0,0,0,0,5,6,0.0,14
699344,CR-0000100671,0,0,0,0,4,5,0.0,18
698745,CR-0000099997,1,0,0,0,5,5,0.0,11
692453,CR-0000097740,0,0,0,0,5,5,51.0,11
691359,CR-0000097608,0,0,1,1,5,0,0.0,1
694559,CR-0000098553,2,0,0,0,5,0,0.0,17
690188,CR-0000096279,0,0,0,0,4,6,51.0,12
689903,CR-0000095931,1,1,0,0,5,1,0.0,0