CrashFactId,Name,MinorInjuries,ModerateInjuries,SevereInjuries,FatalInjuries,PrimaryCollisionFactor_Code,CollisionType_Code,Distance,CrashTime
689588,CR-0000095565,1,0,0,0,5,6,69.0,0
682303,CR-0000091866,1,0,0,0,5,6,38.0,13
682489,CR-0000092056,2,0,0,0,5,0,0.0,18
694345,CR-0000098289,2,0,0,0,5,6,0.0,20
690973,CR-0000097144,0,0,0,0,5,5,0.0,19
716054,CR-0000102025,1,0,0,0,5,2,30.0,3
691030,CR-0000097202,1,0,0,0,5,0,0.0,22
723817,CR-0000104213,0,0,0,0,4,6,51.0,10
683259,CR-0000092850,0,0,0,0,5,6,51.0,19
689962,CR-0000095976,0,0,1,0,5,0,491.0,7
723790,CR-0000104186,0,0,0,0,4,5,0.0,8
682165,CR-0000091733,1,0,0,0,4,6,250.0,14
692526,CR-0000097817,0,0,0,0,4,6,51.0,8
694633,CR-0000098666,0,1,0,0,5,5,50.0,21
722184,CR-0000103450,0,0,0,0,5,6,260.0,22
694534,CR-0000098528,1,0,0,0,5,2,480.0,21
681522,CR-0000090918,0,1,0,0,5,1,298.0,16
682842,CR-0000092448,1,0,0,0,5,5,0.0,13
689243,CR-0000095210,0,0,0,0,5,5,50.0,9
681284,CR-0000090670,0,0,0,0,5,5,210.0,17
681173,CR-0000090560,0,0,0,0,5,8,0.0,23
683333,CR-0000092921,0,0,0,0,4,6,0.0,9
698732,CR-0000099982,1,0,0,0,5,5,0.0,8
699410,CR-0000100740,0,0,0,0,5,6,0.0,16
712064,CR-0000101427,1,0,0,0,5,5,0.0,19
723723,CR-0000104118,1,0,0,0,5,5,20.0,6
725439,CR-0000104935,0,0,0,0,4,5,0.0,18
717451,CR-0000102475,3,0,0,0,5,1,0.0,20
682675,CR-0000092251,0,0,0,0,4,5,51.0,20
723780,CR-0000104176,0,1,0,0,5,7,31.0,18
698641,CR-0000099866,0,1,0,0,0,7,108.0,17
689325,CR-0000095284,0,0,1,0,5,2,111.0,2
719853,CR-0000103026,0,0,0,0,4,6,51.0,17
690525,CR-0000096651,0,0,0,0,4,5,51.0,21
692450,CR-0000097735,1,0,0,0,5,1,0.0,0
698654,CR-0000099880,1,0,0,0,5,7,164.0,18
681371,CR-0000090758,0,0,0,0,5,3,30.0,17
682621,CR-0000092189,0,0,0,0,4,5,0.0,8
689016,CR-0000094876,1,2,0,0,5,1,0.0,16
699285,CR-0000100610,0,0,0,0,4,5,51.0,19
699194,CR-0000100514,0,0,0,0,5,0,643.0,9
698808,CR-0000100090,1,0,0,0,5,6,0.0,21
711628,CR-0000101240,0,0,0,0,4,5,0.0,18
696230,CR-0000099375,0,0,0,0,4,5,0.0,16
691396,CR-0000097645,1,0,0,0,5,0,0.0,11
690654,CR-0000096776,3,0,0,0,5,0,0.0,12
690724,CR-0000096861,1,1,0,0,5,1,0.0,4
684723,CR-0000093451,0,1,0,0,5,2,75.0,18
685152,CR-0000093826,0,0,0,0,4,6,51.0,19
688684,CR-0000094505,0,1,0,0,5,6,250.0,12
682819,CR-0000092400,1,0,0,0,5,0,0.0,19
681615,CR-0000091012,0,1,0,0,5,3,0.0,17
681608,CR-0000091005,1,1,0,0,5,0,0.0,15
681708,CR-0000091106,0,1,0,0,5,1,0.0,0
719688,CR-0000102859,0,0,0,1,0,7,0.0,12
722542,CR-0000103875,1,0,0,0,5,5,43.0,17
716275,CR-0000102231,1,0,0,0,5,5,40.0,18
712089,CR-0000100878,2,0,0,0,5,0,0.0,8
695905,CR-0000099033,0,0,0,0,4,5,0.0,17
692527,CR-0000097819,0,0,0,0,4,5,0.0,8
682123,CR-0000091639,0,0,0,0,4,5,0.0,7
685240,CR-0000093920,0,0,0,0,5,6,0.0,15
692386,CR-0000097669,0,0,0,0,4,3,51.0,12
682264,CR-0000091845,0,0,0,0,4,3,0.0,7
722487,CR-0000103801,0,0,0,0,5,0,0.0,0
682600,CR-0000092167,0,0,0,0,4,6,51.0,12
712098,CR-0000101577,0,0,0,0,4,3,51.0,9
699123,CR-0000100439,0,0,0,0,5,5,0.0,13
723729,CR-0000104124,1,0,0,0,5,0,81.0,9
689171,CR-0000095037,0,0,0,0,5,6,0.0,18
684959,CR-0000093603,0,0,0,0,5,2,127.0,14
699183,CR-0000100503,0,0,0,0,5,5,0.0,10
695960,CR-0000099093,0,0,0,0,5,6,0.0,1
690032,CR-0000096099,0,0,0,0,4,5,0.0,20
690925,CR-0000097089,0,0,0,0,5,2,0.0,20
696258,CR-0000099405,1,0,0,0,5,6,0.0,9
684910,CR-0000093532,1,0,0,0,5,5,0.0,7
688782,CR-0000094626,0,0,0,0,4,3,51.0,20
682350,CR-0000091913,0,0,1,0,5,8,0.0,22
682991,CR-0000092567,1,0,0,0,4,1,0.0,13
681816,CR-0000091225,0,1,0,0,5,0,135.0,16
681452,CR-0000090842,0,0,0,0,5,0,0.0,19
723877,CR-0000104273,0,0,0,0,4,6,50.0,10
716233,CR-0000102199,0,1,0,0,5,0,0.0,7
723571,CR-0000103963,1,0,0,0,5,5,36.0,17
724198,CR-0000104597,0,0,0,0,5,0,0.0,14
683292,CR-0000092878,1,0,0,0,5,7,51.0,16
683203,CR-0000092794,0,0,0,0,4,3,0.0,18
682579,CR-0000092146,1,0,0,0,0,7,0.0,22
689422,CR-0000095362,1,0,0,0,5,0,150.0,17
689714,CR-0000095726,0,0,1,0,3,8,51.0,6
688741,CR-0000094567,0,0,0,0,4,6,0.0,14
694735,CR-0000098767,3,0,0,0,5,0,0.0,14
690244,CR-0000096334,0,0,0,0,4,5,0.0,15
694089,CR-0000097930,1,0,0,0,5,6,0.0,20
694133,CR-0000097949,1,0,0,0,5,0,191.0,13
698657,CR-0000099883,1,0,0,0,5,0,79.0,10
690183,CR-0000096272,0,0,0,0,4,6,51.0,5
683055,CR-0000092601,1,0,0,0,5,0,120.0,12
719763,CR-0000102936,0,0,0,0,5,6,78.0,8
681547,CR-0000090943,0,0,0,0,5,6,0.0,0
699069,CR-0000100375,1,0,0,0,5,5,0.0,19
712242,CR-0000101688,0,0,0,0,5,5,218.0,16
684995,CR-0000093614,0,0,0,0,5,5,450.0,17
685423,CR-0000094158,0,0,0,0,5,3,51.0,16
683016,CR-0000092645,1,0,0,0,4,1,326.0,16
690121,CR-0000096215,0,0,0,0,5,5,157.0,2
690797,CR-0000096935,0,0,1,0,3,8,155.0,18
716360,CR-0000102324,3,0,0,0,5,1,0.0,13
722049,CR-0000103303,0,1,0,0,3,8,0.0,19
722563,CR-0000103886,0,0,0,0,2,2,0.0,10
682562,CR-0000092129,1,0,1,0,5,5,370.0,13
683656,CR-0000093265,0,1,0,0,5,7,51.0,17
692552,CR-0000097843,0,0,0,0,5,0,27.0,15
690927,CR-0000097090,0,0,0,0,4,5,0.0,18
711769,CR-0000101579,0,0,0,0,4,5,0.0,17
723623,CR-0000104015,2,1,0,0,5,0,0.0,8
724032,CR-0000104429,0,0,0,0,5,0,0.0,16
716037,CR-0000101952,0,1,0,0,3,8,112.0,5
691106,CR-0000097288,0,0,0,0,5,5,0.0,12
690316,CR-0000096410,0,0,0,0,4,5,0.0,17
696483,CR-0000099661,0,1,0,0,5,5,0.0,20
682796,CR-0000092390,0,0,0,1,4,7,0.0,21
681259,CR-0000090645,1,0,0,0,3,8,180.0,16
715827,CR-0000101757,0,0,0,0,4,5,0.0,18
711887,CR-0000101148,0,0,0,0,4,5,0.0,12
722216,CR-0000103482,0,0,0,0,4,5,51.0,14
723871,CR-0000104267,1,0,0,0,5,5,51.0,20
696391,CR-0000099549,0,0,0,0,4,6,0.0,17
697575,CR-0000099786,1,0,0,0,5,6,0.0,9
699317,CR-0000100644,1,0,0,0,5,5,138.0,19
698932,CR-0000100234,1,0,0,0,4,2,209.0,10
690379,CR-0000096474,0,0,0,0,4,7,0.0,14
682236,CR-0000091782,1,0,0,0,5,6,0.0,15
721999,CR-0000103253,0,0,0,0,5,3,113.0,16
719629,CR-0000102788,0,0,0,0,5,5,0.0,12
722166,CR-0000103432,0,0,0,0,5,5,30.0,9
681794,CR-0000091194,0,0,0,0,5,5,21.0,13
690134,CR-0000096208,0,0,0,0,5,0,0.0,17
690107,CR-0000096193,0,0,0,0,4,0,51.0,20
691256,CR-0000097500,1,0,0,0,5,5,174.0,17
722055,CR-0000103309,0,0,0,0,4,6,51.0,18
723850,CR-0000104246,2,0,0,0,5,0,0.0,15
696006,CR-0000099141,0,0,0,0,4,3,51.0,14
691174,CR-0000097376,0,0,0,0,5,2,60.0,4
716257,CR-0000102239,1,0,0,0,5,1,381.0,18
694059,CR-0000098135,0,1,0,0,5,5,91.0,22
725396,CR-0000104892,0,0,0,0,5,6,0.0,22
722178,CR-0000103444,0,0,0,0,5,5,99.0,1
695942,CR-0000099075,0,0,0,0,4,3,51.0,11
691254,CR-0000097479,0,0,0,0,5,1,135.0,6
689364,CR-0000095307,0,0,0,0,4,0,0.0,2
681731,CR-0000091131,0,0,0,0,5,5,0.0,16
681359,CR-0000090746,2,0,0,0,5,0,0.0,20
683093,CR-0000092743,0,0,0,0,4,5,0.0,12
683321,CR-0000092907,0,0,0,0,4,3,0.0,20
695936,CR-0000099067,0,0,0,0,4,0,0.0,5
694604,CR-0000098637,2,0,0,0,5,0,0.0,18
699291,CR-0000100616,0,0,0,0,4,6,0.0,9
711802,CR-0000101433,0,0,0,0,5,5,36.0,7
722137,CR-0000103402,0,0,0,0,4,5,51.0,20
724187,CR-0000104611,2,0,0,0,5,0,0.0,0
724142,CR-0000104559,0,1,0,0,5,6,0.0,6
690936,CR-0000097103,1,0,0,0,5,7,120.0,20
722192,CR-0000103458,0,0,0,0,5,5,51.0,2
689820,CR-0000095846,0,1,0,0,5,3,2702.0,11
682892,CR-0000092491,1,0,0,0,5,3,292.0,7
719589,CR-0000102745,0,0,0,0,4,6,192.0,21
681761,CR-0000091161,3,0,0,0,5,1,0.0,20
684878,CR-0000093569,1,0,0,0,5,6,123.0,17
694418,CR-0000098381,1,0,0,0,5,6,0.0,8
685173,CR-0000093849,0,0,0,0,5,6,165.0,2
685118,CR-0000093791,1,0,0,0,5,5,55.0,10
711729,CR-0000101386,0,0,0,0,5,6,304.0,3
724118,CR-0000104548,0,0,0,0,4,6,51.0,15
698970,CR-0000100272,1,0,0,0,6,0,0.0,17
715916,CR-0000101916,0,0,0,0,4,5,51.0,13
716199,CR-0000102165,3,0,0,0,5,0,0.0,16
719670,CR-0000102841,0,0,0,0,4,6,0.0,16
720926,CR-0000103161,0,0,0,0,4,0,51.0,14
719831,CR-0000103004,0,0,0,0,5,5,0.0,17
722047,CR-0000103301,0,0,0,0,5,5,0.0,12
694320,CR-0000098264,1,1,0,0,4,0,0.0,15
690151,CR-0000096239,0,0,0,0,4,0,51.0,17
690028,CR-0000096086,0,0,0,1,5,8,0.0,12
690254,CR-0000096345,0,0,0,0,4,5,0.0,3
684757,CR-0000093441,0,0,0,0,4,2,1000.0,14
689792,CR-0000095818,2,0,0,0,5,0,0.0,12
689897,CR-0000095924,1,0,0,0,6,5,0.0,3
681904,CR-0000091395,1,0,0,0,5,5,0.0,17
681346,CR-0000090736,0,0,0,0,4,6,0.0,18
683198,CR-0000092776,0,0,0,0,4,3,0.0,14
688768,CR-0000094603,0,0,0,0,4,6,51.0,15
712069,CR-0000101179,0,0,0,0,4,6,0.0,10
716354,CR-0000102360,2,0,0,0,5,5,300.0,19
722170,CR-0000103436,0,0,0,0,5,5,75.0,17
720899,CR-0000103125,0,0,0,0,4,3,50.0,16
726506,CR-0000105040,0,1,0,0,5,2,19.0,5
722298,CR-0000103592,0,0,0,0,5,6,114.0,2
719846,CR-0000103019,0,0,0,0,4,5,51.0,14
711935,CR-0000101501,0,0,0,0,4,3,0.0,13
711931,CR-0000101129,0,0,0,0,4,0,51.0,1
715918,CR-0000101983,1,0,1,0,5,1,0.0,19
715903,CR-0000101771,0,0,0,0,4,5,0.0,17
715945,CR-0000101843,0,0,0,0,4,5,0.0,12
715853,CR-0000101933,0,0,0,0,4,5,0.0,16
723691,CR-0000104083,1,0,0,0,5,0,0.0,10
689049,CR-0000094893,0,0,1,0,5,0,0.0,14
689747,CR-0000095764,1,0,0,0,5,5,30.0,18
683590,CR-0000093196,0,0,0,0,5,3,75.0,13
682877,CR-0000092461,0,1,0,0,5,7,87.0,21
683011,CR-0000092525,1,0,0,0,5,0,400.0,11
682332,CR-0000091895,0,0,0,0,4,5,0.0,8
681544,CR-0000090940,0,0,0,0,4,5,0.0,14
681456,CR-0000090846,0,0,0,0,4,1,0.0,17
681480,CR-0000090870,0,0,0,0,4,5,51.0,10
690765,CR-0000096903,0,0,0,0,5,8,300.0,20
694277,CR-0000098106,1,0,0,0,5,0,0.0,11
691257,CR-0000097501,1,0,0,0,5,5,0.0,13
692496,CR-0000097784,0,0,0,0,4,6,0.0,15
698893,CR-0000100191,1,0,0,0,5,6,40.0,20
696098,CR-0000099236,1,0,0,0,5,5,24.0,13
698630,CR-0000099854,0,0,0,0,5,6,0.0,16
711875,CR-0000100970,0,0,0,0,4,3,51.0,20
719664,CR-0000102835,0,0,0,0,5,5,16.0,17
685027,CR-0000093683,0,0,0,0,5,2,583.0,14
689539,CR-0000095516,1,0,0,0,5,7,0.0,13
682215,CR-0000091752,0,0,0,0,5,6,0.0,17
696372,CR-0000099529,0,0,0,0,4,6,0.0,11
699084,CR-0000100399,0,0,0,0,4,2,39.0,1
690074,CR-0000096152,0,0,0,0,5,5,27.0,17
716303,CR-0000102319,1,0,0,0,5,1,0.0,16
716313,CR-0000102301,1,0,0,0,5,5,30.0,6
694315,CR-0000098259,1,1,0,0,5,1,0.0,19
689603,CR-0000095581,1,0,0,0,4,5,0.0,8
690782,CR-0000096920,0,1,0,0,3,8,47.0,20
698866,CR-0000100149,2,0,0,0,5,0,0.0,8
690499,CR-0000096608,0,0,0,0,4,1,51.0,7
681564,CR-0000090961,2,0,0,0,5,6,0.0,15
719602,CR-0000102759,0,0,0,0,4,3,0.0,18
694141,CR-0000098019,1,0,0,0,5,6,115.0,7
694131,CR-0000098095,0,1,0,0,5,7,200.0,13
689783,CR-0000095809,1,0,0,0,5,0,0.0,21
685108,CR-0000093780,0,0,0,0,4,6,24.0,15
685231,CR-0000093912,1,0,0,0,4,8,51.0,11
716014,CR-0000101852,0,0,0,0,4,3,51.0,20
681585,CR-0000090982,0,0,0,0,5,3,34.0,2
681560,CR-0000090957,1,0,0,0,5,5,40.0,11
681292,CR-0000090676,0,0,1,0,3,8,237.0,5
681970,CR-0000091481,1,0,0,0,5,5,0.0,15
681971,CR-0000091480,0,0,0,0,5,1,250.0,18
681791,CR-0000091191,0,0,0,0,4,0,0.0,12
683103,CR-0000092734,0,0,0,0,4,0,0.0,18
687421,CR-0000094199,2,0,0,0,4,1,0.0,16
685069,CR-0000093740,0,0,0,0,5,2,170.0,1
684937,CR-0000093645,0,0,0,0,5,1,175.0,1
689855,CR-0000095881,1,0,0,0,5,7,100.0,13
689427,CR-0000095399,0,1,0,0,0,7,0.0,11
694034,CR-0000098129,0,1,0,0,5,7,140.0,11
694310,CR-0000098245,1,0,0,1,5,0,468.0,21
694376,CR-0000098320,1,1,0,0,5,0,0.0,22
691260,CR-0000097504,1,0,0,0,5,5,40.0,23
691190,CR-0000097392,0,0,0,0,5,6,60.0,18
690658,CR-0000096781,0,1,0,0,4,8,0.0,6
690659,CR-0000096782,0,0,0,0,4,6,51.0,20
690242,CR-0000096332,0,0,0,0,4,5,0.0,11
698752,CR-0000100004,2,0,0,0,5,5,90.0,16
699238,CR-0000100560,0,0,0,0,4,6,0.0,20
696290,CR-0000099446,1,0,0,0,5,5,0.0,10
696549,CR-0000099745,1,0,0,0,4,5,0.0,8
696517,CR-0000099704,1,1,0,0,5,0,0.0,9
696077,CR-0000099212,0,0,0,0,4,6,51.0,16
696057,CR-0000099192,0,0,0,0,4,6,0.0,14
695829,CR-0000098894,0,0,0,0,5,6,50.0,21
715965,CR-0000101775,0,0,0,0,4,5,0.0,6
716230,CR-0000102184,1,0,0,0,5,0,156.0,8
716340,CR-0000102269,2,0,0,0,5,5,0.0,14
715929,CR-0000101963,1,0,0,0,5,2,50.0,4
720921,CR-0000103156,0,0,0,0,4,5,0.0,9
720943,CR-0000103178,0,0,0,0,5,5,172.0,21
722275,CR-0000103569,0,0,0,0,4,6,51.0,14
722094,CR-0000103348,0,0,0,0,4,5,51.0,8
722161,CR-0000103427,0,0,0,0,4,6,51.0,9
722416,CR-0000103711,0,1,0,0,5,6,0.0,18
722362,CR-0000103656,0,0,0,0,4,6,0.0,14
723680,CR-0000104072,0,0,0,0,5,6,51.0,13
725289,CR-0000104770,0,0,0,0,4,5,51.0,12
682847,CR-0000092419,2,2,0,0,5,5,38.0,18
691242,CR-0000097467,0,0,0,0,5,2,133.0,22
723909,CR-0000104305,1,0,0,0,5,2,219.0,20
724104,CR-0000104499,0,0,0,0,4,3,51.0,14
725348,CR-0000104840,0,0,0,0,4,6,51.0,15
722181,CR-0000103447,0,0,0,0,5,5,0.0,15
716351,CR-0000102364,1,0,0,0,5,0,0.0,16
716183,CR-0000102094,1,0,0,0,5,8,21.0,18
694106,CR-0000098150,1,1,1,0,5,1,0.0,11
696106,CR-0000099244,0,1,0,0,5,0,0.0,9
711756,CR-0000101353,0,0,0,0,5,0,0.0,21
683120,CR-0000092695,0,0,0,0,4,3,51.0,20
681697,CR-0000091094,0,0,0,0,5,0,0.0,23
681512,CR-0000090903,0,0,0,0,5,0,0.0,11
696202,CR-0000099346,0,1,0,0,5,8,0.0,18
711857,CR-0000100882,0,0,0,0,4,6,51.0,8
692489,CR-0000097777,0,0,0,0,5,2,146.0,20
690679,CR-0000096813,0,0,0,0,5,8,0.0,10
691015,CR-0000097186,0,0,0,0,5,5,0.0,13
711592,CR-0000101592,0,0,0,0,4,3,0.0,6
681931,CR-0000091435,0,2,0,0,5,8,0.0,19
682789,CR-0000092368,2,0,0,0,4,0,0.0,8
689109,CR-0000094974,0,0,0,0,5,0,0.0,8
689018,CR-0000094878,0,0,0,0,4,0,0.0,17
715878,CR-0000101823,0,0,0,0,4,3,281.0,9
691088,CR-0000097261,1,0,0,0,5,5,30.0,18
711975,CR-0000101135,0,0,0,0,4,1,51.0,7
718499,CR-0000102605,1,1,0,0,5,1,0.0,9
725393,CR-0000104888,0,0,0,0,4,5,0.0,14
699336,CR-0000100663,0,0,0,0,4,3,51.0,23
699208,CR-0000100529,0,0,0,0,5,2,0.0,21
696297,CR-0000099453,0,0,0,0,4,5,0.0,13
682358,CR-0000091921,0,0,0,0,5,6,0.0,15
681973,CR-0000091482,1,1,1,0,5,0,0.0,19
711693,CR-0000100982,0,0,0,0,5,0,62.0,23
716040,CR-0000101727,0,0,0,0,5,5,68.0,22
711874,CR-0000101171,0,0,0,0,4,5,0.0,13
711919,CR-0000100979,0,0,0,0,4,5,0.0,18
715814,CR-0000101763,0,0,0,0,4,3,0.0,13
721956,CR-0000103210,0,0,0,0,4,5,51.0,7
722210,CR-0000103476,0,0,0,0,4,6,51.0,15
722518,CR-0000103841,0,1,0,0,5,2,225.0,2
723672,CR-0000104064,0,0,0,0,4,5,51.0,14
723715,CR-0000104109,0,1,0,0,5,7,0.0,15
699063,CR-0000100369,1,0,0,0,5,6,0.0,18
696563,CR-0000099760,1,0,0,0,3,8,0.0,21
695844,CR-0000098909,0,0,0,0,4,6,0.0,13
691107,CR-0000097289,1,0,0,0,5,2,0.0,6
694483,CR-0000098477,1,0,0,0,4,8,0.0,16
690962,CR-0000097133,1,0,0,0,5,5,0.0,17
689992,CR-0000096012,1,0,0,0,5,5,0.0,14
681158,CR-0000090550,0,0,0,0,5,8,0.0,16
681193,CR-0000090566,0,0,0,0,5,0,0.0,6
682798,CR-0000092404,0,0,0,0,4,6,0.0,23
682644,CR-0000092220,0,0,0,0,4,3,0.0,21
688972,CR-0000094831,0,0,0,0,4,6,0.0,12
689748,CR-0000095766,0,1,0,0,5,7,0.0,6
688747,CR-0000094573,0,0,0,0,5,2,400.0,16
688704,CR-0000094529,0,0,0,0,4,5,0.0,21
689117,CR-0000094980,2,0,0,0,5,5,0.0,22
680589,CR-0000089850,0,0,0,1,5,8,0.0,18
681283,CR-0000090669,0,0,0,0,5,5,10.0,17
681322,CR-0000090709,0,0,0,0,5,1,20.0,13
723807,CR-0000104203,0,0,0,0,4,3,50.0,9
719689,CR-0000102860,0,0,0,1,0,7,0.0,18
685243,CR-0000093923,0,0,3,0,5,1,116.0,12
690796,CR-0000096934,0,0,0,0,5,6,46.0,17
692536,CR-0000097827,0,2,0,0,5,5,193.0,17
699316,CR-0000100643,0,1,0,0,5,7,163.0,11
696490,CR-0000099668,0,0,1,0,5,7,0.0,9
690862,CR-0000097003,0,0,0,0,4,5,0.0,15
684702,CR-0000093331,1,0,0,0,5,1,0.0,18
689114,CR-0000094972,0,0,0,0,5,6,200.0,13
681712,CR-0000091109,0,0,0,0,5,5,35.0,3
691134,CR-0000097330,1,0,0,0,5,7,0.0,18
694543,CR-0000098537,1,0,0,0,0,7,135.0,20
685025,CR-0000093702,1,0,0,0,0,7,0.0,18
690112,CR-0000096175,0,0,0,0,4,5,713.0,8
689961,CR-0000095989,1,0,0,0,5,0,0.0,9
696108,CR-0000099247,0,0,0,0,5,5,0.0,20
689331,CR-0000095332,1,0,0,0,4,6,0.0,18
688778,CR-0000094622,0,0,0,0,4,5,51.0,0
682984,CR-0000092590,0,0,0,0,5,5,0.0,7
719760,CR-0000102933,0,0,0,0,5,2,45.0,4
723549,CR-0000103941,0,1,0,0,5,2,0.0,7
682196,CR-0000091731,1,0,0,0,5,0,0.0,10
682032,CR-0000091543,0,0,0,0,5,2,27.0,5
715942,CR-0000101845,0,0,0,0,4,0,0.0,7
712238,CR-0000101683,0,0,0,0,5,5,211.0,16
718484,CR-0000102572,1,0,0,0,4,5,51.0,16
725515,CR-0000105012,0,1,0,0,5,6,542.0,10
682797,CR-0000092376,1,0,0,0,5,1,368.0,6
682777,CR-0000092356,2,0,0,0,5,5,0.0,17
696521,CR-0000099708,6,0,0,0,5,6,0.0,12
716398,CR-0000102397,1,0,0,0,5,5,196.0,15
692460,CR-0000097747,0,0,0,0,5,5,0.0,16
681656,CR-0000091053,0,0,0,0,5,1,57.0,17
724071,CR-0000104478,1,0,0,0,5,5,22.0,16
699430,CR-0000100763,0,0,0,0,4,6,77.0,22
725269,CR-0000104750,1,0,0,0,5,6,152.0,12
723945,CR-0000104341,0,0,0,0,5,5,51.0,17
695992,CR-0000099127,0,0,0,0,4,0,0.0,16
694511,CR-0000098505,2,0,0,0,5,5,130.0,12
690990,CR-0000097161,0,0,0,0,4,6,51.0,8
681557,CR-0000090954,1,1,0,0,4,0,171.0,19
685006,CR-0000093665,1,0,0,0,5,8,0.0,8
719554,CR-0000102701,1,0,0,0,5,0,308.0,7
695921,CR-0000099050,0,0,0,0,4,3,0.0,4
694491,CR-0000098485,0,1,0,0,5,2,408.0,17
691095,CR-0000097268,0,0,0,0,6,0,0.0,21
698960,CR-0000100262,0,2,0,0,0,7,21.0,11
694619,CR-0000098652,0,0,0,0,4,7,51.0,9
683074,CR-0000092672,1,0,0,0,5,0,0.0,14
716150,CR-0000102090,0,1,0,0,0,7,123.0,0
724046,CR-0000104443,0,0,0,0,5,6,270.0,21
725490,CR-0000104987,0,0,0,0,4,0,0.0,9
681249,CR-0000090634,0,0,0,0,5,6,0.0,16
690195,CR-0000096288,0,0,0,0,4,5,0.0,2
726482,CR-0000105015,0,0,1,0,5,0,0.0,15
719661,CR-0000102832,0,0,0,0,5,0,67.0,1
694669,CR-0000098702,1,0,0,0,5,5,0.0,9
722464,CR-0000103747,0,1,0,0,5,1,0.0,8
694428,CR-0000098391,0,1,1,0,5,0,304.0,10
684696,CR-0000093324,0,0,0,0,4,6,51.0,9
685253,CR-0000093933,0,0,0,0,5,6,85.0,1
716196,CR-0000102148,0,1,0,0,5,7,0.0,18
681661,CR-0000091055,1,0,0,0,5,1,0.0,12
687554,CR-0000094344,1,2,0,0,5,6,0.0,14
716185,CR-0000102111,1,0,0,0,5,6,210.0,18
682302,CR-0000091865,1,0,0,0,5,5,32.0,12
682698,CR-0000092276,0,0,0,0,4,6,51.0,0
696303,CR-0000099459,0,0,1,0,5,7,0.0,19
723996,CR-0000104392,0,0,0,0,5,6,217.0,11
688973,CR-0000094832,2,0,0,0,5,0,0.0,18
681857,CR-0000091338,0,0,1,0,0,7,0.0,13
690617,CR-0000096738,1,0,0,0,5,0,16.0,14
711917,CR-0000101044,0,0,0,0,4,3,51.0,16
699260,CR-0000100583,0,0,0,0,5,2,33.0,12
681753,CR-0000091153,0,0,0,0,4,2,55.0,9
683286,CR-0000092818,0,0,0,0,4,6,0.0,8
715898,CR-0000101733,0,0,0,0,5,6,0.0,19
681533,CR-0000090929,0,0,0,0,5,6,87.0,12
681405,CR-0000090795,0,1,0,0,5,8,51.0,18
682091,CR-0000091568,0,0,0,0,4,5,0.0,15
699138,CR-0000100454,0,0,0,0,5,2,0.0,16
718497,CR-0000102603,1,0,0,0,5,5,95.0,16
724138,CR-0000104526,0,0,0,0,5,6,89.0,5
711864,CR-0000101350,0,0,0,0,5,5,250.0,21
684861,CR-0000093568,2,0,0,0,4,6,72.0,15
689081,CR-0000094964,0,0,0,0,5,2,132.0,11
724199,CR-0000104585,0,0,1,0,5,8,0.0,11
712044,CR-0000101587,0,0,0,0,4,6,51.0,14
722283,CR-0000103577,0,0,0,0,4,6,51.0,14
694469,CR-0000098434,1,0,0,0,5,7,0.0,18
692403,CR-0000097686,1,0,0,0,4,0,0.0,6
695893,CR-0000099021,0,0,0,0,4,5,0.0,16
681445,CR-0000090835,0,0,0,0,4,5,0.0,17
711926,CR-0000101111,0,0,0,0,4,7,0.0,14
723797,CR-0000104193,0,0,0,0,5,6,0.0,17
681164,CR-0000090540,0,0,0,0,5,6,57.0,23
722196,CR-0000103462,0,0,0,0,5,6,144.0,23
681568,CR-0000090965,0,0,0,0,5,5,100.0,18
690192,CR-0000096281,0,0,0,0,4,3,51.0,14
690004,CR-0000096055,1,0,0,0,5,5,0.0,11
682486,CR-0000092052,0,0,0,1,5,8,0.0,17
722467,CR-0000103753,0,0,0,0,5,6,300.0,18
682594,CR-0000092161,0,0,0,0,5,5,200.0,7
683069,CR-0000092620,0,1,0,0,5,8,0.0,2
681589,CR-0000090986,0,1,0,0,5,6,51.0,14
683534,CR-0000093132,0,0,0,0,4,0,0.0,22
690420,CR-0000096519,0,0,0,0,4,5,0.0,18
691320,CR-0000097565,0,3,0,0,5,0,51.0,21
692547,CR-0000097838,1,0,0,0,5,6,214.0,17
683402,CR-0000092995,0,0,0,0,5,6,208.0,21
682678,CR-0000092254,0,0,0,0,4,6,51.0,7
683535,CR-0000093133,0,0,0,0,5,3,30.0,22
696509,CR-0000099696,0,0,0,0,5,6,0.0,0
722110,CR-0000103375,0,0,0,0,5,2,26.0,13
722009,CR-0000103263,0,0,0,0,5,6,50.0,0
684890,CR-0000093572,0,1,0,0,5,2,1056.0,19
689024,CR-0000094884,0,0,0,0,5,2,0.0,0
689211,CR-0000095120,0,1,0,0,5,0,25.0,18
724101,CR-0000104485,0,0,0,0,5,1,104.0,1
719570,CR-0000102717,0,1,0,0,5,7,0.0,17
689086,CR-0000094958,2,0,0,0,4,0,0.0,11
689713,CR-0000095725,0,0,1,0,5,7,30.0,17
681433,CR-0000090823,0,0,0,0,5,5,78.0,10
719517,CR-0000102646,1,0,0,0,5,6,83.0,21
723588,CR-0000103980,0,0,0,0,5,6,0.0,19
681724,CR-0000091121,0,0,0,0,5,5,0.0,0
681400,CR-0000090790,1,0,0,0,5,2,77.0,14