CrashFactId,Name,MinorInjuries,ModerateInjuries,SevereInjuries,FatalInjuries,PrimaryCollisionFactor_Code,CollisionType_Code,Distance,CrashTime
699082,CR-0000100397,0,0,0,0,0,7,0.0,17
691062,CR-0000097235,0,0,0,0,5,6,210.0,13
681980,CR-0000091489,1,0,0,0,5,0,0.0,13
682179,CR-0000091736,1,0,0,0,5,1,0.0,20
681521,CR-0000090917,1,0,0,0,5,5,0.0,19
682734,CR-0000092315,2,0,0,0,5,1,0.0,16
682956,CR-0000092591,2,1,0,0,5,5,0.0,13
683345,CR-0000092933,2,0,0,0,6,6,162.0,22
689644,CR-0000095626,1,1,0,0,5,5,159.0,13
711775,CR-0000101472,0,0,0,0,4,3,51.0,15
697599,CR-0000099828,1,1,0,0,5,1,0.0,8
691114,CR-0000097309,0,0,0,0,4,0,0.0,18
723874,CR-0000104270,2,0,0,0,5,0,0.0,15
716232,CR-0000102171,2,0,0,0,5,0,0.0,8
716179,CR-0000102088,0,1,0,0,5,0,0.0,13
716330,CR-0000102305,0,1,2,0,5,0,128.0,18
692509,CR-0000097798,0,0,1,0,5,0,0.0,14
694381,CR-0000098325,4,0,0,0,5,5,50.0,22
711758,CR-0000101136,0,0,0,0,4,0,51.0,11
699354,CR-0000100681,0,0,0,0,4,5,0.0,10
698687,CR-0000099935,1,0,0,0,5,0,0.0,12
689581,CR-0000095558,1,0,0,0,5,0,0.0,10
689222,CR-0000095166,0,0,1,0,5,0,0.0,10
682718,CR-0000092296,0,0,0,0,5,6,111.0,10
681917,CR-0000091411,0,0,0,0,5,2,61.0,22
698798,CR-0000100079,0,1,0,0,3,8,206.0,17
695811,CR-0000098876,2,0,0,0,5,0,0.0,18
690290,CR-0000096382,0,0,0,0,4,5,51.0,8
681800,CR-0000091209,0,0,0,0,5,2,0.0,5
724185,CR-0000104622,0,0,0,0,5,5,0.0,13
681645,CR-0000091042,0,0,0,0,5,2,47.0,21
682868,CR-0000092433,1,0,0,0,5,5,0.0,10
688797,CR-0000094643,0,0,0,0,4,6,51.0,3
689694,CR-0000095676,1,0,0,0,5,1,51.0,14
698976,CR-0000100278,0,1,0,0,5,5,153.0,23
711643,CR-0000101560,0,0,0,0,5,3,177.0,18
699375,CR-0000100702,0,0,0,0,4,2,51.0,14
689937,CR-0000095985,2,0,0,0,5,1,547.0,13
682322,CR-0000091885,1,0,0,0,5,5,60.0,12
722451,CR-0000103759,0,0,0,0,4,0,0.0,8
723918,CR-0000104314,0,0,0,0,4,7,51.0,20
724217,CR-0000104627,0,0,0,0,5,6,51.0,20
711537,CR-0000100915,0,0,0,0,4,5,51.0,5
681668,CR-0000091065,0,0,0,0,4,3,51.0,21
689654,CR-0000095636,1,0,0,0,5,0,0.0,17
697594,CR-0000099807,1,0,0,0,4,0,51.0,18
694235,CR-0000098032,0,0,1,0,5,2,0.0,15
712194,CR-0000101625,0,1,0,0,5,4,47.0,3
717448,CR-0000102472,1,0,0,0,5,5,0.0,17
691354,CR-0000097602,1,0,0,0,5,6,0.0,18
682979,CR-0000092508,1,0,0,0,5,5,300.0,0
722553,CR-0000103928,0,0,0,0,5,0,36.0,21
689174,CR-0000095048,0,0,0,0,5,5,75.0,1
688870,CR-0000094726,0,0,0,0,4,5,0.0,15
682801,CR-0000092406,0,1,0,0,5,0,0.0,13
694481,CR-0000098475,1,0,0,0,0,7,0.0,22
696170,CR-0000099313,1,0,0,0,4,0,51.0,7
696283,CR-0000099439,0,1,0,0,5,8,0.0,14
681864,CR-0000091345,1,0,0,0,5,6,230.0,7
681247,CR-0000090632,0,0,0,0,5,6,166.0,10
688806,CR-0000094652,0,0,0,0,4,3,51.0,17
683267,CR-0000092839,2,0,0,0,5,0,0.0,11
683407,CR-0000093000,0,0,0,0,5,6,0.0,16
682387,CR-0000091949,0,0,0,0,5,1,0.0,2
694685,CR-0000098719,0,0,0,0,5,1,0.0,17
695872,CR-0000098937,0,0,0,0,4,5,51.0,18
690417,CR-0000096514,0,0,0,0,4,6,51.0,15
722316,CR-0000103610,0,0,0,0,5,0,0.0,20
725304,CR-0000104796,0,0,0,0,4,0,51.0,19
723704,CR-0000104097,0,0,0,0,5,6,210.0,4
716197,CR-0000102096,1,0,0,0,5,5,63.0,16
699396,CR-0000100725,0,0,0,0,5,6,0.0,22
681598,CR-0000090995,2,0,0,0,5,1,0.0,17
684857,CR-0000093511,0,0,0,0,4,5,51.0,15
724007,CR-0000104404,0,0,0,0,5,5,51.0,17
682907,CR-0000092472,0,0,0,0,4,6,51.0,15
683310,CR-0000092896,1,0,0,0,5,6,57.0,0
699196,CR-0000100516,0,0,0,0,4,1,0.0,9
682908,CR-0000092486,1,0,0,0,6,0,24.0,12
688784,CR-0000094628,0,0,0,0,4,0,51.0,3
719563,CR-0000102710,1,0,0,0,4,7,50.0,2
688869,CR-0000094725,0,0,0,0,4,3,51.0,8
690781,CR-0000096919,0,0,0,0,5,1,50.0,22
694205,CR-0000097888,1,0,0,0,5,6,92.0,2
692580,CR-0000097871,0,0,0,0,5,6,45.0,12
689984,CR-0000096013,0,1,0,0,5,8,18.0,19
690031,CR-0000096087,0,0,0,1,3,8,155.0,15
690176,CR-0000096264,0,0,0,0,4,5,0.0,11
711637,CR-0000101387,0,0,0,0,5,2,138.0,2
689203,CR-0000095108,0,1,0,0,5,0,39.0,11
689573,CR-0000095550,0,1,0,0,5,1,120.0,18
689349,CR-0000095327,3,0,0,0,5,5,75.0,23
685217,CR-0000093896,1,0,0,0,5,7,0.0,20
682446,CR-0000092010,0,0,0,0,5,6,27.0,22
716116,CR-0000102093,1,0,0,0,5,6,0.0,19
723829,CR-0000104226,0,0,0,0,4,5,0.0,23
725471,CR-0000104968,0,0,0,0,5,6,115.0,1
724228,CR-0000104592,2,0,0,0,5,0,0.0,8
684868,CR-0000093522,4,0,0,0,5,5,0.0,18
711582,CR-0000101270,0,0,0,0,4,5,0.0,18
699170,CR-0000100489,0,0,0,0,5,0,0.0,19
692463,CR-0000097751,0,0,0,0,4,5,0.0,6
689292,CR-0000095258,0,0,0,0,5,6,330.0,23
683175,CR-0000092751,0,0,0,0,5,2,118.0,12
719509,CR-0000102629,1,0,0,0,4,5,0.0,12
725171,CR-0000104634,1,0,0,0,5,3,0.0,8
685085,CR-0000093751,0,1,0,0,5,5,68.0,13
685150,CR-0000093824,0,0,0,0,5,0,0.0,22
691119,CR-0000097315,0,0,0,0,5,5,0.0,18
691181,CR-0000097383,0,0,0,0,4,3,51.0,9
694078,CR-0000098108,1,0,0,0,5,0,26.0,22
699070,CR-0000100376,1,0,0,0,5,2,26.0,13
699025,CR-0000100331,1,0,0,0,5,5,27.0,14
698854,CR-0000100137,1,0,0,0,0,7,0.0,12
695940,CR-0000099072,0,0,0,0,4,7,51.0,12
712185,CR-0000101616,0,0,0,0,5,6,0.0,3
712196,CR-0000101627,0,0,0,0,5,2,135.0,21
715957,CR-0000101829,0,0,0,0,4,6,0.0,23
716247,CR-0000102219,1,0,0,0,4,3,51.0,15
719634,CR-0000102793,0,0,0,0,4,6,51.0,11
721958,CR-0000103212,0,0,0,0,4,3,51.0,9
719790,CR-0000102963,0,0,0,0,5,5,282.0,9
724040,CR-0000104437,0,0,0,0,4,3,51.0,14
696341,CR-0000099497,0,2,0,0,5,7,0.0,1
696527,CR-0000099714,0,1,0,0,5,8,273.0,10
699021,CR-0000100326,0,1,0,0,5,6,59.0,23
711712,CR-0000101047,0,0,0,0,4,5,51.0,21
690386,CR-0000096481,0,0,0,0,4,0,0.0,13
683456,CR-0000093052,0,0,0,0,4,6,0.0,9
689726,CR-0000095738,0,0,0,0,5,3,42.0,14
683383,CR-0000092976,1,0,0,0,5,7,0.0,0
682523,CR-0000092090,0,1,0,0,5,0,0.0,22
682645,CR-0000092221,1,0,0,0,5,0,140.0,19
681413,CR-0000090803,0,0,1,0,0,7,0.0,15
681384,CR-0000090773,1,0,0,0,5,5,40.0,11
681916,CR-0000091410,0,0,1,0,3,8,140.0,21
684771,CR-0000093373,0,0,0,0,5,3,0.0,10
684880,CR-0000093558,0,1,0,0,5,0,0.0,4
684842,CR-0000093496,0,1,0,0,3,8,51.0,19
690755,CR-0000096892,0,0,0,0,5,0,0.0,15
691009,CR-0000097180,3,0,0,0,5,5,39.0,10
711738,CR-0000100895,1,0,0,0,5,1,32.0,18
699143,CR-0000100459,0,0,0,0,4,5,0.0,18
699150,CR-0000100467,0,0,0,0,5,0,0.0,13
697580,CR-0000099792,0,0,1,0,5,7,0.0,3
723557,CR-0000103949,0,0,0,0,5,5,111.0,21
725331,CR-0000104823,2,0,0,0,5,0,0.0,23
719666,CR-0000102837,0,0,0,0,5,6,0.0,22
716399,CR-0000102398,2,1,0,0,5,6,123.0,13
712195,CR-0000101626,0,0,0,0,5,6,0.0,22
696139,CR-0000099281,0,0,0,0,4,5,0.0,21
690114,CR-0000096189,0,0,0,0,4,6,0.0,13
694217,CR-0000098182,1,0,0,0,5,0,0.0,12
694398,CR-0000098351,1,0,0,0,5,5,151.0,14
688846,CR-0000094701,0,0,0,0,5,5,150.0,9
682627,CR-0000092203,1,1,0,0,5,0,0.0,10
682394,CR-0000091957,1,0,0,0,0,7,0.0,8
681217,CR-0000090602,0,0,0,0,5,0,0.0,10
685119,CR-0000093792,1,0,0,0,5,0,0.0,12
686424,CR-0000094194,2,1,0,0,5,1,0.0,16
688722,CR-0000094547,0,0,0,0,4,6,0.0,6
688742,CR-0000094568,0,0,0,0,4,0,0.0,12
694240,CR-0000098194,2,0,0,0,5,5,48.0,10
690442,CR-0000096547,0,0,0,0,5,5,90.0,3
695977,CR-0000099112,0,0,0,0,4,6,51.0,20
699013,CR-0000100318,2,2,0,0,5,0,0.0,9
711774,CR-0000101437,0,0,0,0,5,5,0.0,2
699411,CR-0000100743,0,0,0,0,5,5,135.0,21
719600,CR-0000102757,0,0,0,1,4,7,0.0,12
722344,CR-0000103638,0,0,0,0,5,0,0.0,0
723975,CR-0000104371,2,0,0,0,5,0,0.0,10
694737,CR-0000098771,1,0,0,0,5,0,0.0,0
690177,CR-0000096266,0,0,0,0,4,3,51.0,7
690804,CR-0000096942,1,0,0,0,5,6,0.0,13
694433,CR-0000098397,1,1,0,0,5,0,0.0,11
688904,CR-0000094764,0,0,0,0,5,2,0.0,8
689206,CR-0000095114,0,1,0,0,5,0,0.0,9
689399,CR-0000095367,1,0,0,0,4,8,0.0,0
683306,CR-0000092891,0,0,0,0,5,5,170.0,21
683039,CR-0000092610,1,0,0,0,5,3,0.0,8
719780,CR-0000102953,0,0,0,0,4,0,51.0,15
682326,CR-0000091889,0,1,0,0,5,5,300.0,17
689799,CR-0000095825,2,0,0,0,5,0,0.0,20
697584,CR-0000099797,0,0,0,0,5,6,103.0,3
697589,CR-0000099825,6,1,0,0,5,0,0.0,17
696138,CR-0000099280,0,0,0,0,5,0,0.0,12
696345,CR-0000099501,1,3,0,0,5,0,0.0,18
694673,CR-0000098707,2,0,0,0,5,0,0.0,18
699156,CR-0000100474,0,0,0,0,5,2,0.0,20
698773,CR-0000100054,1,0,0,0,5,0,0.0,13
694395,CR-0000098340,1,1,0,0,5,0,0.0,2
694356,CR-0000098300,1,0,0,0,5,0,270.0,8
692410,CR-0000097693,0,1,0,0,5,0,0.0,14
684978,CR-0000093657,0,1,1,0,5,1,0.0,18
681216,CR-0000090601,0,0,0,0,5,0,0.0,11
720874,CR-0000103078,0,0,0,0,4,0,0.0,9
722550,CR-0000103919,1,0,0,0,5,0,31.0,10
722551,CR-0000103934,0,0,0,0,4,0,0.0,22
722098,CR-0000103353,0,0,0,0,4,0,0.0,12
722601,CR-0000103920,1,0,0,0,5,8,0.0,11
684986,CR-0000093604,0,0,0,0,4,3,0.0,6
689372,CR-0000095306,0,0,0,0,4,0,140.0,18
691239,CR-0000097464,0,0,0,0,5,4,576.0,22
711630,CR-0000101145,0,0,0,0,4,3,0.0,18
698849,CR-0000100132,1,0,0,0,5,8,0.0,14
691301,CR-0000097546,0,0,0,0,5,5,120.0,8
691026,CR-0000097198,0,0,0,0,4,6,51.0,16
683531,CR-0000093130,0,0,0,0,5,6,118.0,15
681749,CR-0000091149,2,0,0,0,5,5,0.0,14
682184,CR-0000091718,2,0,0,0,5,0,0.0,11
719681,CR-0000102852,0,0,0,0,4,0,0.0,9
691244,CR-0000097469,0,0,0,0,5,2,109.0,9
694582,CR-0000098606,0,1,0,0,5,5,0.0,1
724006,CR-0000104402,0,0,0,0,5,2,0.0,16
725367,CR-0000104860,3,0,0,0,5,0,0.0,14
716284,CR-0000102209,2,0,0,0,5,5,202.0,17
694785,CR-0000098822,1,0,0,0,5,7,0.0,20
697572,CR-0000099783,0,0,0,0,5,6,490.0,23
681192,CR-0000090561,1,0,0,0,5,1,60.0,0
682898,CR-0000092482,2,1,0,0,5,8,0.0,5
685165,CR-0000093841,0,0,0,0,5,5,263.0,15
684820,CR-0000093492,0,0,0,0,5,6,0.0,14
689177,CR-0000095034,0,0,0,0,5,1,70.0,0
711862,CR-0000101037,0,0,0,0,5,5,83.0,21
683490,CR-0000093089,0,0,0,0,5,5,230.0,21
694744,CR-0000098752,0,1,0,0,3,8,351.0,15
695882,CR-0000098974,0,0,0,0,4,3,51.0,12
694391,CR-0000098335,0,1,0,0,5,8,0.0,11
690486,CR-0000096623,0,0,0,0,4,6,51.0,3
690067,CR-0000096141,0,0,0,0,5,6,162.0,0
694575,CR-0000098599,1,1,0,0,5,0,0.0,18
712139,CR-0000101402,0,0,0,0,5,0,0.0,9
722395,CR-0000103689,0,0,0,0,5,6,25.0,21
719524,CR-0000102653,1,0,0,0,5,5,176.0,16
722008,CR-0000103262,0,0,0,0,4,6,51.0,11
722523,CR-0000103846,1,0,0,0,5,6,549.0,16
716216,CR-0000102179,1,0,0,0,5,0,180.0,10
711998,CR-0000101574,0,0,0,0,4,3,51.0,14
722482,CR-0000103766,0,0,0,0,5,5,76.0,5
696413,CR-0000099590,1,0,0,0,5,0,0.0,13
696445,CR-0000099622,0,0,0,0,5,6,43.0,13
698677,CR-0000099914,1,1,0,0,5,0,0.0,7
684994,CR-0000093653,1,0,0,0,0,7,17.0,8
681537,CR-0000090933,0,1,0,0,5,5,225.0,18
716367,CR-0000102356,1,0,0,0,5,5,312.0,20
696190,CR-0000099334,0,0,0,0,5,5,52.0,0
698813,CR-0000100095,1,0,0,0,5,7,83.0,10
699315,CR-0000100642,1,0,0,0,5,0,0.0,7
690127,CR-0000096218,0,0,0,0,5,1,0.0,15
682903,CR-0000092476,1,0,0,0,5,1,264.0,0
683225,CR-0000092779,2,0,0,0,5,5,0.0,18
682395,CR-0000091958,1,1,0,0,5,1,0.0,13
711938,CR-0000101430,1,0,1,0,5,0,0.0,22
719618,CR-0000102776,0,0,0,0,4,5,0.0,20
725347,CR-0000104839,0,0,0,0,4,0,0.0,9
723787,CR-0000104183,0,0,0,0,5,0,0.0,23
722026,CR-0000103280,0,0,0,0,5,6,0.0,15
681520,CR-0000090916,0,0,0,0,5,2,0.0,10
682715,CR-0000092293,1,0,0,0,5,0,0.0,14
682581,CR-0000092148,2,0,0,0,5,1,0.0,8
682873,CR-0000092457,0,0,0,0,4,3,51.0,18
689151,CR-0000095036,0,1,0,0,5,5,0.0,7
689653,CR-0000095635,0,1,0,0,0,7,0.0,20
690307,CR-0000096400,0,0,0,0,4,6,0.0,8
694387,CR-0000098331,0,0,1,0,3,8,281.0,19
694098,CR-0000097948,1,0,0,0,5,5,40.0,12
699384,CR-0000100711,0,0,0,0,5,6,260.0,20
698693,CR-0000099942,0,1,0,0,5,8,0.0,18
719496,CR-0000102616,0,0,1,0,3,8,662.0,21
719500,CR-0000102620,1,0,0,0,5,6,1352.0,21
712144,CR-0000101030,0,0,0,0,5,6,0.0,14
716191,CR-0000102103,1,0,0,0,5,2,26.0,11
716078,CR-0000102024,0,1,0,0,5,2,275.0,8
715846,CR-0000101748,0,0,0,0,5,6,258.0,15
715951,CR-0000101986,1,0,0,0,5,6,0.0,13
725351,CR-0000104843,0,0,0,0,5,5,32.0,19
725319,CR-0000104811,1,0,0,0,5,5,32.0,12
694746,CR-0000098746,2,0,0,0,5,6,0.0,23
682837,CR-0000092416,1,0,0,0,5,0,0.0,16
681411,CR-0000090801,0,0,0,0,5,2,0.0,13
696121,CR-0000099263,0,0,0,0,5,6,70.0,19
722524,CR-0000103847,1,0,0,0,5,6,101.0,14
683260,CR-0000092841,0,0,0,0,5,1,164.0,1
698633,CR-0000099857,0,0,0,0,4,3,51.0,10
711642,CR-0000101202,0,0,0,0,4,5,51.0,14
711953,CR-0000101122,0,0,0,0,4,3,51.0,12
722294,CR-0000103588,0,0,0,0,4,6,51.0,13
696567,CR-0000099764,0,0,0,0,4,5,0.0,11
719582,CR-0000102738,0,0,0,0,4,3,0.0,12
681923,CR-0000091417,1,0,0,0,5,8,0.0,8
690238,CR-0000096328,0,0,0,0,4,5,51.0,10
691263,CR-0000097508,1,0,0,0,5,6,210.0,16
691074,CR-0000097247,0,0,1,0,5,0,0.0,22
692408,CR-0000097691,1,0,0,0,5,1,0.0,14
696342,CR-0000099498,3,0,1,0,5,1,0.0,16
688866,CR-0000094722,0,0,0,0,4,5,0.0,14
721957,CR-0000103211,0,0,0,0,4,6,51.0,21
722408,CR-0000103702,0,0,0,0,4,6,0.0,15
715895,CR-0000101762,1,0,0,0,4,5,0.0,17
723855,CR-0000104251,0,0,0,0,5,5,0.0,9
723947,CR-0000104343,2,0,0,0,5,0,0.0,15
723718,CR-0000104112,1,1,0,0,5,0,21.0,18
723583,CR-0000103975,5,0,0,0,4,0,0.0,11
687432,CR-0000094211,1,1,0,0,5,0,0.0,15
681663,CR-0000091060,0,0,0,0,5,5,0.0,18
682455,CR-0000092020,0,0,0,0,5,2,22.0,14
682462,CR-0000092027,1,0,0,0,5,0,0.0,14
711528,CR-0000100885,0,0,0,0,4,5,51.0,14
698939,CR-0000100241,1,1,0,0,5,0,0.0,10
691023,CR-0000097196,1,0,0,0,5,0,0.0,10
690039,CR-0000096110,1,0,0,0,4,5,0.0,15
685187,CR-0000093865,0,0,0,0,5,5,1013.0,2
689777,CR-0000095802,1,0,0,0,4,0,0.0,7
716385,CR-0000102384,0,1,0,0,5,2,51.0,20
681796,CR-0000091197,0,0,0,0,5,6,165.0,20
690515,CR-0000096626,0,0,0,1,4,8,51.0,0
691329,CR-0000097576,0,0,0,0,4,6,0.0,18
722066,CR-0000103321,0,0,0,0,4,6,51.0,12
716329,CR-0000102275,1,0,0,0,5,8,0.0,16
712229,CR-0000101672,0,0,0,0,5,1,18.0,16
690263,CR-0000096354,0,0,0,0,4,6,0.0,13
690408,CR-0000096506,0,0,0,0,5,2,286.0,2
711683,CR-0000101131,0,0,0,0,4,5,51.0,19
711658,CR-0000101540,0,0,0,0,5,5,255.0,12
696250,CR-0000099397,1,0,0,0,0,7,158.0,9
697632,CR-0000099850,0,1,0,0,4,7,51.0,19
694773,CR-0000098810,1,0,0,0,5,0,100.0,13
681467,CR-0000090857,0,0,0,0,5,5,54.0,15
681429,CR-0000090819,0,0,0,0,4,3,51.0,9
689220,CR-0000095161,0,0,0,0,5,5,76.0,19
698957,CR-0000100259,1,0,0,0,5,5,171.0,9
694254,CR-0000098186,1,0,0,0,5,5,130.0,18
685293,CR-0000093973,0,1,0,0,5,5,42.0,2
683424,CR-0000093020,0,0,0,0,4,6,150.0,11
694195,CR-0000097909,1,0,0,0,5,7,0.0,8
690149,CR-0000096237,0,0,0,0,5,6,50.0,0
694715,CR-0000098768,0,0,1,0,5,7,0.0,18
722442,CR-0000103757,0,0,0,0,5,2,140.0,23
689020,CR-0000094880,0,0,0,0,4,6,51.0,15
711696,CR-0000101571,0,0,0,0,4,3,0.0,2
699419,CR-0000100751,1,0,0,0,5,8,21.0,14
685091,CR-0000093763,0,1,0,0,5,0,0.0,17
684834,CR-0000093367,0,1,0,1,4,0,0.0,13
682588,CR-0000092155,0,1,0,0,5,7,0.0,21
683060,CR-0000092656,1,0,1,0,5,0,0.0,17
723985,CR-0000104381,2,0,0,0,5,0,0.0,20
682506,CR-0000092073,0,0,0,0,5,0,0.0,16
694213,CR-0000098114,0,0,1,0,5,2,50.0,4
692382,CR-0000097665,0,0,1,0,4,2,0.0,14
689898,CR-0000095926,0,0,0,0,5,5,54.0,0
725362,CR-0000104855,0,0,0,0,5,6,62.0,11
685276,CR-0000093956,2,0,0,0,5,0,0.0,12
681511,CR-0000090902,1,0,0,0,5,1,110.0,11
681321,CR-0000090708,1,0,0,0,5,1,710.0,11
690683,CR-0000096818,1,0,0,0,5,2,231.0,3
699365,CR-0000100692,0,0,0,0,4,3,51.0,17
695927,CR-0000099056,0,0,0,0,4,5,0.0,17
725442,CR-0000104938,2,0,0,0,5,6,69.0,15
722493,CR-0000103802,1,0,0,0,5,2,138.0,5
690615,CR-0000096736,1,0,0,0,5,0,522.0,7
690367,CR-0000096463,0,0,0,0,4,5,0.0,11
692563,CR-0000097854,1,0,0,0,5,2,56.0,17
682649,CR-0000092225,0,0,0,0,5,2,0.0,8
719804,CR-0000102977,0,0,0,0,5,6,98.0,18
725240,CR-0000104721,0,0,0,0,5,2,353.0,20
723789,CR-0000104185,1,1,0,0,5,5,60.0,20
716362,CR-0000102347,1,0,0,0,5,0,0.0,11
689405,CR-0000095364,1,0,0,0,4,7,0.0,16
683350,CR-0000092938,0,0,0,0,5,2,70.0,3
690918,CR-0000097082,2,0,0,0,5,0,0.0,15
725287,CR-0000104768,0,0,0,0,4,5,51.0,23
711856,CR-0000101348,0,0,0,0,5,7,85.0,13
690882,CR-0000097026,0,0,0,0,4,6,0.0,1
690093,CR-0000096167,0,0,0,0,4,0,0.0,1
694142,CR-0000097978,0,0,0,0,5,0,0.0,4
694803,CR-0000098841,3,0,0,0,5,5,50.0,22
696447,CR-0000099624,0,0,0,0,5,6,0.0,7
696485,CR-0000099663,0,1,0,0,3,8,36.0,7
696364,CR-0000099521,0,0,0,0,4,1,0.0,0
699152,CR-0000100471,0,0,0,0,5,7,0.0,12
683082,CR-0000092625,0,0,0,0,5,2,0.0,0
679942,CR-0000089170,0,1,1,2,4,8,100.0,21
681634,CR-0000091031,0,0,0,1,4,7,0.0,20
681933,CR-0000091438,0,0,0,0,5,5,0.0,7
689727,CR-0000095739,0,0,0,0,5,1,100.0,9
689233,CR-0000095189,0,0,0,0,4,3,0.0,13
685088,CR-0000093759,0,0,1,0,4,0,0.0,23
683438,CR-0000093035,1,0,0,0,5,6,72.0,21
683547,CR-0000093144,0,1,0,0,5,4,150.0,1
682852,CR-0000092410,0,1,0,0,5,0,0.0,14
688735,CR-0000094561,0,0,0,0,4,3,51.0,20
711900,CR-0000101351,0,0,0,0,5,6,172.0,16
685275,CR-0000093955,0,0,0,0,4,3,51.0,23
687611,CR-0000094404,1,0,0,0,5,7,0.0,10
681573,CR-0000090970,0,0,0,0,5,5,32.0,21
711766,CR-0000101001,0,0,0,0,5,2,457.0,2
690321,CR-0000096415,0,0,0,0,4,5,0.0,7
691027,CR-0000097199,1,0,0,0,5,7,46.0,15
690725,CR-0000096862,2,0,0,0,5,0,0.0,14
694422,CR-0000098385,1,1,0,0,5,5,64.0,6
694317,CR-0000098261,0,1,0,0,5,7,393.0,18
699418,CR-0000100750,1,0,0,0,5,6,255.0,11
682178,CR-0000091723,0,0,0,0,5,3,0.0,11
688974,CR-0000094833,0,0,0,0,5,5,0.0,16
688927,CR-0000094779,1,0,0,0,0,7,430.0,16
716235,CR-0000102200,0,1,0,0,5,5,338.0,16
720930,CR-0000103165,0,0,0,0,4,5,58.0,2
722583,CR-0000103898,0,0,0,0,4,3,51.0,7
712080,CR-0000100967,0,0,0,0,2,3,51.0,19
685070,CR-0000093738,0,0,1,1,5,8,0.0,8
682871,CR-0000092455,0,0,0,0,4,5,0.0,12
697574,CR-0000099785,0,1,0,0,5,6,45.0,19
724116,CR-0000104509,0,1,0,0,5,8,360.0,14
712057,CR-0000100971,0,0,0,0,4,5,0.0,20
685383,CR-0000094118,0,0,0,0,5,0,0.0,13
689068,CR-0000094922,0,1,0,0,5,7,0.0,16
696390,CR-0000099548,0,0,0,0,4,1,51.0,16
695980,CR-0000099115,0,0,0,0,4,5,0.0,11
698920,CR-0000100222,1,0,0,0,5,2,19.0,8
683281,CR-0000092834,1,0,0,0,5,0,0.0,14
717410,CR-0000102423,0,1,0,0,5,8,0.0,15
722366,CR-0000103660,2,0,0,0,5,6,0.0,18
689192,CR-0000095103,0,0,0,1,4,8,255.0,12
685257,CR-0000093937,1,0,0,0,5,1,277.0,2
696346,CR-0000099502,1,0,0,0,5,1,42.0,20
697564,CR-0000099775,0,0,0,0,5,6,0.0,16
685255,CR-0000093935,0,0,0,0,5,1,65.0,12
716034,CR-0000101860,0,0,0,0,4,5,51.0,18
715984,CR-0000101981,0,0,0,0,4,6,51.0,11
717406,CR-0000102418,0,0,0,0,4,6,0.0,13
715906,CR-0000101766,0,0,0,0,4,3,51.0,5
722449,CR-0000103732,1,0,0,0,4,7,0.0,8
722600,CR-0000103888,1,0,0,0,4,6,0.0,12
720900,CR-0000103126,0,0,0,0,4,6,51.0,22
719598,CR-0000102755,0,0,0,0,5,5,179.0,20
724125,CR-0000104541,0,0,0,0,5,5,251.0,23
685352,CR-0000094078,0,0,0,0,5,5,51.0,7
688859,CR-0000094715,0,0,0,0,5,1,0.0,0
689805,CR-0000095831,1,0,0,0,5,5,0.0,1
689407,CR-0000095338,1,0,0,0,5,6,21.0,18
683017,CR-0000092628,0,0,0,0,5,6,66.0,23
681510,CR-0000090901,1,0,0,0,5,5,110.0,10
697611,CR-0000099821,1,0,0,0,5,5,78.0,11
695919,CR-0000099047,0,0,0,0,4,6,0.0,5
694593,CR-0000098617,1,0,0,0,5,5,56.0,22
694620,CR-0000098653,0,0,0,0,5,7,0.0,17
698817,CR-0000100099,1,0,0,0,5,0,0.0,23
698868,CR-0000100153,0,1,0,0,4,7,21.0,21
711549,CR-0000101112,0,0,0,0,4,6,0.0,16
699368,CR-0000100695,0,0,0,0,4,5,51.0,15
691137,CR-0000097335,0,0,0,0,5,2,189.0,22
690870,CR-0000097012,1,0,0,0,5,4,0.0,14
690211,CR-0000096300,0,0,0,0,4,6,0.0,9
690098,CR-0000096173,0,0,0,1,5,8,0.0,4
690055,CR-0000096125,0,0,0,0,6,3,120.0,9
690201,CR-0000096292,0,0,0,0,4,5,0.0,7
692395,CR-0000097678,0,0,0,0,4,5,51.0,13
696081,CR-0000099216,0,0,0,0,5,5,0.0,21
689708,CR-0000095711,0,0,0,0,5,6,51.0,0
725392,CR-0000104887,2,0,0,0,4,5,0.0,13
722126,CR-0000103391,0,0,0,0,4,3,0.0,10
712070,CR-0000100975,0,0,0,0,5,2,544.0,3
712071,CR-0000100980,0,0,0,0,5,2,598.0,2
716327,CR-0000102264,1,0,0,0,5,7,0.0,14
681491,CR-0000090881,1,0,0,0,5,1,130.0,15
690174,CR-0000096263,0,0,0,0,4,3,0.0,22
696278,CR-0000099425,0,0,0,0,5,2,28.0,23
689798,CR-0000095824,1,1,0,0,5,0,0.0,19
689847,CR-0000095873,2,0,0,0,5,5,0.0,16
717487,CR-0000102529,1,0,0,0,5,5,230.0,17
718476,CR-0000102564,2,0,0,0,5,0,42.0,13
716001,CR-0000101923,0,0,0,0,4,3,0.0,19
712245,CR-0000101691,0,0,0,0,5,5,265.0,20
722114,CR-0000103379,0,0,0,0,4,5,51.0,18
689415,CR-0000095373,2,0,0,0,5,6,55.0,0
689061,CR-0000094900,0,0,0,0,5,2,21.0,2
681276,CR-0000090662,0,0,0,0,5,5,0.0,18
681840,CR-0000091258,0,0,0,0,4,3,0.0,3