CrashFactId,Name,MinorInjuries,ModerateInjuries,SevereInjuries,FatalInjuries,PrimaryCollisionFactor_Code,CollisionType_Code,Distance,CrashTime
685391,CR-0000094126,1,0,0,0,5,1,46.0,23
690729,CR-0000096866,1,1,0,0,5,6,398.0,11
695804,CR-0000098869,0,1,0,0,5,8,0.0,9
683546,CR-0000093143,0,0,0,0,5,1,163.0,23
683494,CR-0000093093,0,0,0,0,4,3,25.0,12
681685,CR-0000091082,0,0,0,0,5,5,0.0,0
725259,CR-0000104740,0,0,0,0,4,6,51.0,3
685380,CR-0000094107,0,0,0,0,5,1,180.0,7
683303,CR-0000092887,0,1,0,0,5,5,22.0,2
685247,CR-0000093924,0,0,0,1,4,8,70.0,19
689400,CR-0000095385,1,0,0,0,5,7,0.0,1
716067,CR-0000102034,1,0,0,0,5,6,0.0,18
682793,CR-0000092392,0,1,0,0,5,1,0.0,17
688989,CR-0000094847,0,0,0,0,4,6,51.0,18
717486,CR-0000102519,1,0,0,0,5,0,59.0,14
725446,CR-0000104942,0,0,0,0,4,5,51.0,19
688821,CR-0000094676,0,0,0,0,5,5,0.0,21
690345,CR-0000096439,0,0,0,0,4,3,51.0,14
724157,CR-0000104565,2,0,0,0,5,1,51.0,22
716368,CR-0000102380,0,1,0,0,5,8,0.0,9
690752,CR-0000096889,0,1,0,0,5,0,0.0,13
690837,CR-0000096976,2,0,0,0,5,0,0.0,13
698926,CR-0000100228,1,0,0,0,5,5,0.0,18
689333,CR-0000095305,2,0,0,0,5,1,0.0,8
681449,CR-0000090839,1,0,0,0,5,1,372.0,14
687513,CR-0000094302,0,0,0,0,5,6,710.0,0
685037,CR-0000093675,0,0,0,0,5,6,0.0,10
698839,CR-0000100122,1,0,0,0,5,1,0.0,10
699061,CR-0000100367,4,0,0,0,5,5,228.0,17
712232,CR-0000101675,0,0,0,0,5,1,0.0,8
712136,CR-0000101521,0,0,0,0,4,5,0.0,12
683216,CR-0000092805,0,0,0,0,4,6,51.0,4
688798,CR-0000094644,0,0,0,0,4,6,51.0,19
711604,CR-0000101185,0,1,0,1,0,7,300.0,18
688827,CR-0000094682,0,0,0,0,5,1,70.0,23
682922,CR-0000092492,0,1,0,0,5,5,95.0,21
692583,CR-0000097875,0,0,0,0,4,6,0.0,7
722064,CR-0000103318,0,0,0,0,5,2,200.0,23
689589,CR-0000095566,0,1,0,0,5,1,0.0,17
682357,CR-0000091920,0,0,0,0,5,3,51.0,21
690902,CR-0000097057,1,0,0,0,5,5,0.0,9
694648,CR-0000098681,1,0,0,0,5,0,0.0,14
680496,CR-0000089738,1,0,0,1,5,2,88.0,23
681793,CR-0000091193,2,0,0,0,5,0,0.0,12
681766,CR-0000091166,0,0,0,0,4,6,152.0,17
682425,CR-0000091988,0,0,0,0,5,6,60.0,13
682807,CR-0000092397,0,0,0,0,4,6,0.0,12
684956,CR-0000093655,0,0,0,0,5,5,52.0,13
683428,CR-0000093024,1,0,0,0,5,0,0.0,8
685410,CR-0000094145,1,0,0,0,5,1,0.0,15
699079,CR-0000100385,0,0,0,1,5,8,0.0,12
722138,CR-0000103403,0,0,0,0,4,0,0.0,15
722247,CR-0000103514,0,0,0,0,5,2,255.0,2
720829,CR-0000103032,1,0,0,0,5,6,0.0,0
726487,CR-0000105020,0,0,0,0,5,6,60.0,23
698883,CR-0000100179,1,0,0,0,5,7,0.0,23
694251,CR-0000097945,0,0,0,0,4,5,0.0,22
681754,CR-0000091154,0,0,0,0,5,6,228.0,12
689204,CR-0000095127,0,0,1,0,5,7,21.0,21
698892,CR-0000100190,1,0,0,0,5,0,25.0,22
698830,CR-0000100113,2,0,0,0,5,5,95.0,18
699459,CR-0000100783,0,0,0,0,5,6,153.0,0
722527,CR-0000103850,0,0,0,0,5,5,90.0,15
711872,CR-0000101146,0,0,0,0,4,5,0.0,6
716366,CR-0000102349,2,0,0,0,5,5,29.0,20
717409,CR-0000102422,0,0,0,0,5,2,23.0,22
698734,CR-0000099984,1,0,0,0,5,5,44.0,23
692427,CR-0000097710,1,0,0,0,5,5,81.0,8
685408,CR-0000094143,0,0,0,0,5,6,147.0,6
690021,CR-0000096068,0,1,0,0,5,6,368.0,23
689175,CR-0000095024,0,0,0,0,5,3,52.0,19
722369,CR-0000103663,0,0,0,0,4,0,51.0,2
711655,CR-0000101144,0,0,0,0,4,3,0.0,21
716281,CR-0000102235,1,2,0,0,5,6,0.0,7
716012,CR-0000101951,0,0,0,1,3,8,0.0,9
719827,CR-0000103000,0,0,0,0,4,6,0.0,13
723751,CR-0000104147,1,0,0,0,5,0,0.0,12
695852,CR-0000098917,0,0,0,0,5,6,0.0,18
695925,CR-0000099054,0,0,0,0,4,5,0.0,22
691395,CR-0000097644,2,0,0,0,5,0,25.0,12
689187,CR-0000095052,0,0,0,1,5,2,670.0,6
689153,CR-0000095021,2,0,0,0,5,1,132.0,18
688886,CR-0000094746,1,0,0,0,5,5,0.0,15
683525,CR-0000093123,0,0,0,0,5,5,32.0,22
682259,CR-0000091820,2,0,0,0,5,0,0.0,15
681260,CR-0000090646,1,0,0,0,5,5,120.0,15
682606,CR-0000092173,0,0,0,0,5,5,0.0,14
683380,CR-0000092973,1,0,0,0,5,5,37.0,11
690426,CR-0000096524,0,0,0,0,4,2,336.0,21
716266,CR-0000102246,1,1,0,0,5,2,237.0,15
682775,CR-0000092354,1,0,0,0,5,2,21.0,17
689649,CR-0000095631,1,0,0,0,0,7,0.0,8
696107,CR-0000099246,1,0,0,0,5,0,32.0,20
689344,CR-0000095303,0,1,0,0,5,0,0.0,17
683442,CR-0000093037,2,0,0,0,5,0,0.0,17
682497,CR-0000092064,1,0,0,0,3,8,136.0,12
725329,CR-0000104821,1,0,0,0,5,0,275.0,19
690409,CR-0000096507,0,0,0,0,5,6,30.0,22
695788,CR-0000098853,1,0,0,0,5,5,300.0,21
725260,CR-0000104741,0,0,0,0,4,6,51.0,14
688700,CR-0000094525,0,0,0,0,4,5,51.0,12
689660,CR-0000095643,0,1,0,0,5,7,0.0,8
681566,CR-0000090963,0,1,0,0,5,3,184.0,11
723594,CR-0000103986,0,0,0,0,4,6,51.0,0
684672,CR-0000093299,1,0,0,0,4,5,51.0,22
698897,CR-0000100196,0,2,0,0,5,3,258.0,18
699161,CR-0000100479,0,0,0,0,5,5,306.0,21
723795,CR-0000104191,0,0,0,0,5,5,105.0,5
688920,CR-0000094771,0,0,0,0,5,2,454.0,10
681618,CR-0000091015,1,0,0,0,5,2,43.0,2
681393,CR-0000090782,0,0,0,0,5,5,40.0,16
681574,CR-0000090971,0,0,0,0,5,4,578.0,2
684872,CR-0000093514,0,1,0,0,5,2,59.0,16
684715,CR-0000093385,0,0,0,0,5,3,77.0,9
689739,CR-0000095751,1,0,0,0,5,5,138.0,8
682411,CR-0000091975,1,0,0,0,5,0,0.0,10
690588,CR-0000096709,0,1,0,0,5,8,61.0,21
720840,CR-0000103043,0,0,0,0,4,6,51.0,11
723890,CR-0000104286,1,0,0,0,5,0,0.0,18
694475,CR-0000098440,2,1,0,0,5,5,33.0,12
682790,CR-0000092369,1,0,0,0,0,7,48.0,8
682096,CR-0000091623,0,0,0,0,4,0,0.0,11
685013,CR-0000093700,1,2,0,0,5,0,0.0,12
682214,CR-0000091776,0,1,0,0,5,2,258.0,21
682174,CR-0000091727,0,0,0,0,5,5,239.0,5
682794,CR-0000092384,1,0,0,0,5,5,21.0,15
699278,CR-0000100602,0,0,0,0,4,5,0.0,15
724229,CR-0000104610,0,1,0,0,5,7,0.0,19
720864,CR-0000103067,0,0,0,0,4,5,51.0,16
723551,CR-0000103943,0,1,0,0,5,7,65.0,13
689637,CR-0000095618,2,0,0,0,5,1,0.0,13
689677,CR-0000095659,1,0,0,0,5,6,100.0,13
689745,CR-0000095761,2,2,0,0,5,2,57.0,23
689807,CR-0000095834,0,1,0,0,5,0,0.0,23
689000,CR-0000094860,0,0,0,0,5,5,0.0,13
688883,CR-0000094742,1,0,0,0,5,0,0.0,17
688867,CR-0000094723,0,0,0,0,4,5,51.0,19
688840,CR-0000094695,3,0,0,0,5,0,0.0,5
689299,CR-0000095246,0,0,0,0,4,6,0.0,9
684827,CR-0000093371,0,0,0,0,5,0,46.0,6
684744,CR-0000093460,2,0,0,0,5,0,0.0,10
688754,CR-0000094580,0,0,0,0,4,0,0.0,19
685198,CR-0000093876,1,0,0,0,5,5,60.0,21
682703,CR-0000092281,0,0,0,0,4,5,0.0,12
682705,CR-0000092283,0,0,0,0,4,6,51.0,13
683391,CR-0000092984,0,0,0,0,5,6,0.0,21
683397,CR-0000092989,0,0,0,0,5,5,0.0,14
683239,CR-0000092820,0,0,0,0,4,5,0.0,11
683158,CR-0000092685,0,0,0,0,5,5,0.0,14
682172,CR-0000091724,0,0,0,0,5,5,40.0,0
682217,CR-0000091772,0,0,1,0,5,8,38.0,17
682013,CR-0000091522,0,1,0,0,5,5,0.0,12
681743,CR-0000091143,0,0,0,0,5,5,243.0,3
681853,CR-0000091316,1,1,0,0,5,0,0.0,1
681849,CR-0000091303,0,0,0,0,5,5,0.0,9
681627,CR-0000091024,0,0,0,1,5,2,150.0,7
681439,CR-0000090829,1,0,0,0,5,5,0.0,16
681215,CR-0000090600,0,0,0,0,5,5,150.0,7
681242,CR-0000090627,0,0,0,0,4,5,51.0,16
699252,CR-0000100574,0,0,0,0,4,0,0.0,13
711747,CR-0000101543,0,0,0,0,5,6,0.0,22
698714,CR-0000099963,0,0,0,0,4,5,0.0,9
695798,CR-0000098863,2,0,0,0,5,6,0.0,8
695801,CR-0000098866,8,1,0,0,5,1,0.0,17
694583,CR-0000098607,2,0,0,0,5,2,340.0,2
695972,CR-0000099107,0,0,0,0,5,6,325.0,19
695850,CR-0000098915,0,0,0,0,4,6,0.0,19
695865,CR-0000098930,0,0,0,0,5,6,0.0,0
696161,CR-0000099304,0,0,0,0,4,0,0.0,14
696131,CR-0000099273,0,0,0,0,5,5,38.0,0
696298,CR-0000099454,1,0,0,0,5,5,0.0,20
696411,CR-0000099588,4,0,0,0,5,5,111.0,20
692549,CR-0000097840,2,0,0,0,5,5,42.0,7
691051,CR-0000097224,2,1,0,0,5,5,24.0,3
691250,CR-0000097475,4,0,0,0,5,6,0.0,12
690487,CR-0000096606,0,0,0,0,4,5,50.0,16
690664,CR-0000096797,0,0,0,0,4,5,0.0,17
690231,CR-0000096320,0,0,0,0,4,6,51.0,2
690044,CR-0000096107,0,0,0,0,4,6,51.0,23
690007,CR-0000096029,1,0,0,0,5,5,63.0,19
689916,CR-0000095972,0,0,2,0,5,1,0.0,1
723743,CR-0000104138,0,0,0,0,4,5,0.0,18
723986,CR-0000104382,1,0,0,0,4,0,0.0,23
724178,CR-0000104590,1,0,0,0,5,5,418.0,6
724141,CR-0000104531,0,0,0,0,5,6,0.0,16
724117,CR-0000104550,0,0,0,0,5,3,0.0,23
720870,CR-0000103073,0,0,0,0,4,0,0.0,12
720884,CR-0000103087,0,0,0,0,5,5,0.0,19
719843,CR-0000103016,0,0,0,0,5,0,51.0,8
719822,CR-0000102995,0,0,0,0,5,5,0.0,15
719802,CR-0000102975,4,1,0,0,5,0,0.0,17
722087,CR-0000103341,0,0,0,0,4,5,51.0,9
715977,CR-0000101730,3,0,0,0,5,0,0.0,12
712128,CR-0000101057,0,0,0,0,4,5,0.0,15
712191,CR-0000101622,0,0,0,0,5,6,292.0,19
683140,CR-0000092739,0,0,0,0,4,6,51.0,21
689262,CR-0000095231,0,0,0,0,5,6,400.0,8
694219,CR-0000098124,0,1,0,0,5,5,44.0,1
699116,CR-0000100432,0,0,0,0,5,6,270.0,21
716273,CR-0000102245,3,0,0,0,5,0,260.0,23
682467,CR-0000092032,2,4,0,0,5,0,0.0,23
690302,CR-0000096394,0,0,0,0,4,3,0.0,19
691036,CR-0000097208,1,0,0,0,5,6,0.0,15
698965,CR-0000100267,1,0,0,0,5,0,90.0,20
696404,CR-0000099580,0,0,0,0,5,2,72.0,21
696083,CR-0000099218,1,0,0,0,5,0,0.0,21
690358,CR-0000096453,0,0,0,0,4,6,0.0,15
682672,CR-0000092248,1,1,0,0,5,0,0.0,13
681313,CR-0000090700,1,0,0,0,5,5,35.0,13
681695,CR-0000091092,0,1,0,0,5,2,615.0,18
683550,CR-0000093148,0,0,0,0,5,2,286.0,3
716278,CR-0000102230,1,1,0,0,5,0,0.0,10
719648,CR-0000102819,0,0,0,0,5,5,0.0,14
724008,CR-0000104403,0,3,0,0,5,1,0.0,14
716244,CR-0000102216,0,0,1,0,5,5,0.0,10
688908,CR-0000094768,1,0,0,0,5,0,308.0,11
685190,CR-0000093868,0,0,0,0,5,5,83.0,18
685191,CR-0000093869,0,1,0,0,5,0,0.0,15
683068,CR-0000092627,0,0,0,0,5,5,0.0,21
690422,CR-0000096521,0,0,0,0,4,0,51.0,23
688795,CR-0000094641,0,0,0,0,4,3,51.0,2
722423,CR-0000103718,0,0,0,0,5,2,107.0,21
722265,CR-0000103559,0,0,0,0,5,7,207.0,8
689686,CR-0000095668,0,1,0,0,5,5,0.0,14
699001,CR-0000100305,2,0,0,0,5,5,322.0,17
681406,CR-0000090796,0,0,0,0,5,1,675.0,17
689486,CR-0000095463,0,1,0,0,5,8,0.0,7
694704,CR-0000098739,0,0,1,0,3,8,204.0,17
694060,CR-0000097920,0,1,0,0,4,7,39.0,16
722389,CR-0000103683,0,0,0,0,5,6,348.0,6
722020,CR-0000103274,0,0,0,0,5,0,71.0,19
694696,CR-0000098730,1,0,0,0,5,6,83.0,3
692518,CR-0000097808,0,0,0,0,4,5,0.0,7
690772,CR-0000096910,0,0,0,0,5,5,40.0,17
685148,CR-0000093822,1,0,0,0,5,0,163.0,17
682256,CR-0000091834,0,0,0,0,5,6,93.0,23
719708,CR-0000102880,0,0,0,0,5,6,250.0,17
723946,CR-0000104342,0,0,0,0,4,5,51.0,8
717475,CR-0000102508,1,1,0,0,5,0,0.0,17
681262,CR-0000090648,1,0,0,0,5,1,0.0,15
689362,CR-0000095310,0,0,0,0,5,5,180.0,15
690106,CR-0000096194,0,0,0,0,4,5,0.0,14
692577,CR-0000097868,1,0,0,0,4,5,54.0,8
694091,CR-0000098010,2,0,0,0,5,1,0.0,13
698643,CR-0000099868,0,1,0,0,0,7,102.0,16
696318,CR-0000099474,2,0,0,0,5,5,376.0,6
696268,CR-0000099415,0,0,0,0,5,6,800.0,14
696150,CR-0000099292,2,1,0,0,5,1,0.0,19
699258,CR-0000100580,0,0,0,0,4,5,0.0,15
699176,CR-0000100496,0,0,0,0,5,0,0.0,1
683451,CR-0000093047,0,0,0,0,5,6,0.0,17
723854,CR-0000104250,0,0,0,0,4,6,0.0,12
724129,CR-0000104540,0,0,0,0,4,0,0.0,9
698814,CR-0000100096,1,0,0,0,5,8,0.0,19
698865,CR-0000100148,1,0,0,0,5,5,0.0,12
681671,CR-0000091068,0,0,0,0,4,5,0.0,14
683165,CR-0000092745,0,0,0,0,4,5,0.0,14
723924,CR-0000104320,0,0,0,0,4,5,0.0,12
716005,CR-0000101872,0,0,0,0,5,2,0.0,1
719627,CR-0000102786,0,0,0,0,5,5,0.0,9
694352,CR-0000098296,0,0,1,0,5,2,33.0,7
692523,CR-0000097812,0,1,1,0,5,2,47.0,15
682879,CR-0000092454,0,0,0,0,4,3,0.0,9
725252,CR-0000104733,0,0,0,0,5,6,57.0,12
683324,CR-0000092910,0,0,0,0,4,0,51.0,14
689768,CR-0000095790,1,0,0,0,5,5,99.0,18
688947,CR-0000094806,1,0,0,0,5,1,0.0,8
681368,CR-0000090755,0,1,0,0,5,0,280.0,16
688738,CR-0000094564,0,0,0,0,4,6,0.0,18
682920,CR-0000092485,1,0,0,0,5,5,42.0,15
683137,CR-0000092707,0,0,0,0,4,6,0.0,17
725408,CR-0000104904,0,1,0,0,5,2,66.0,14
712159,CR-0000101542,0,0,0,0,5,2,132.0,22
724216,CR-0000104609,2,0,0,0,5,1,0.0,19
682175,CR-0000091729,0,0,0,0,5,2,42.0,6
681867,CR-0000091348,1,0,0,0,5,7,0.0,8
684945,CR-0000093625,0,0,0,0,5,1,0.0,16
698743,CR-0000099995,1,0,1,0,5,0,0.0,23
711797,CR-0000101174,0,0,0,0,4,2,0.0,23
689379,CR-0000095339,0,0,0,0,5,5,62.0,10
683408,CR-0000093001,0,0,0,0,5,1,190.0,22
682520,CR-0000092087,1,0,0,0,0,7,0.0,18
684741,CR-0000093464,0,1,0,0,5,3,310.0,0
685360,CR-0000094086,0,0,0,0,0,7,432.0,20
689420,CR-0000095363,1,0,0,0,5,8,27.0,14
689416,CR-0000095350,1,0,0,0,5,0,0.0,8
689808,CR-0000095835,0,0,1,0,0,7,0.0,16
682356,CR-0000091919,0,0,0,0,5,5,0.0,13
681267,CR-0000090653,0,2,0,0,5,0,0.0,19
711794,CR-0000101323,0,0,0,0,5,0,394.0,17
694436,CR-0000098400,1,1,0,0,5,2,25.0,14
716377,CR-0000102344,1,0,0,0,5,5,0.0,16
694102,CR-0000097946,1,0,0,0,5,0,0.0,19
696323,CR-0000099479,0,1,0,0,5,6,0.0,13
696376,CR-0000099534,0,0,0,0,4,5,51.0,18
683340,CR-0000092928,1,0,0,0,5,6,230.0,3
722083,CR-0000103337,0,0,0,0,5,0,170.0,9
722236,CR-0000103502,0,0,0,0,5,1,61.0,3
711983,CR-0000101149,0,0,0,0,4,0,0.0,16
725338,CR-0000104830,0,0,1,0,5,0,0.0,13
723908,CR-0000104304,3,0,0,0,5,0,0.0,18
683122,CR-0000092677,1,0,0,0,5,8,0.0,13
682002,CR-0000091511,0,2,0,0,5,0,0.0,0
688864,CR-0000094720,0,0,0,0,4,0,0.0,13
689080,CR-0000094907,0,0,0,0,5,6,111.0,1
685089,CR-0000093764,0,1,0,0,5,0,0.0,15
687459,CR-0000094238,0,0,0,0,5,5,0.0,21
682354,CR-0000091917,0,0,0,0,5,6,42.0,14
691303,CR-0000097548,0,0,0,0,4,6,251.0,21
694576,CR-0000098600,0,0,1,0,5,8,0.0,2
690991,CR-0000097162,0,0,0,0,4,3,51.0,16
699052,CR-0000100358,1,0,0,0,5,0,0.0,12
682640,CR-0000092216,2,0,0,0,5,0,0.0,17
689442,CR-0000095417,2,0,0,0,5,5,0.0,14
689455,CR-0000095431,1,0,0,0,5,8,0.0,10
712223,CR-0000101666,0,0,0,0,5,0,97.0,10
684727,CR-0000093352,0,0,0,0,5,0,0.0,11
681773,CR-0000091173,0,0,0,0,4,5,0.0,14
682483,CR-0000092050,0,0,0,0,4,6,51.0,11
690148,CR-0000096236,0,0,0,0,5,0,290.0,6
694451,CR-0000098416,0,0,1,0,5,8,0.0,20
716137,CR-0000102076,1,0,0,0,4,5,0.0,8
694501,CR-0000098495,1,0,0,0,5,2,359.0,11
690993,CR-0000097164,0,0,0,0,4,0,51.0,17
683309,CR-0000092895,0,0,0,0,4,6,105.0,1
685272,CR-0000093952,0,0,0,0,5,6,53.0,21
699259,CR-0000100581,0,0,0,0,4,0,0.0,3
722148,CR-0000103414,0,0,0,0,5,5,150.0,11
683524,CR-0000093122,0,0,1,0,4,0,100.0,19
690843,CR-0000096984,3,0,0,0,5,1,0.0,20
722081,CR-0000103335,0,0,0,0,4,6,51.0,7
723885,CR-0000104281,1,0,0,0,5,5,113.0,15
723824,CR-0000104220,0,0,0,0,5,5,102.0,22
685270,CR-0000093950,0,0,0,0,4,6,0.0,22
689679,CR-0000095661,1,0,0,0,5,1,66.0,9
699456,CR-0000100792,0,0,0,0,5,0,0.0,20
696124,CR-0000099266,0,0,0,0,5,0,178.0,14
696410,CR-0000099587,1,0,0,0,5,7,0.0,15
696491,CR-0000099669,3,0,0,0,5,0,311.0,10
719716,CR-0000102888,0,0,0,0,4,3,51.0,23
715940,CR-0000101805,0,0,0,0,5,0,0.0,17
696458,CR-0000099635,1,0,0,0,5,8,18.0,9
681666,CR-0000091063,0,0,0,0,4,6,0.0,15
682714,CR-0000092292,0,1,0,0,5,8,0.0,9
689376,CR-0000095356,1,0,0,0,5,0,95.0,9
687557,CR-0000094347,0,1,0,0,5,2,60.0,13
697587,CR-0000099800,0,0,0,0,4,3,51.0,11
696072,CR-0000099207,0,0,0,0,4,3,0.0,11
692540,CR-0000097831,1,0,0,0,5,0,0.0,16
683362,CR-0000092952,1,0,0,0,5,2,215.0,9
681829,CR-0000091238,0,0,0,0,5,2,30.0,7
722509,CR-0000103823,1,0,0,0,5,5,0.0,20
712028,CR-0000101547,0,0,0,0,5,2,0.0,21
717499,CR-0000102541,1,0,0,0,5,5,86.0,19
681421,CR-0000090811,1,0,0,0,5,4,0.0,13
683161,CR-0000092749,0,0,0,0,5,5,62.0,16
687448,CR-0000094227,0,0,0,0,5,5,20.0,8
691139,CR-0000097339,0,0,0,0,4,6,0.0,18
698780,CR-0000100061,1,0,0,0,5,5,58.0,11
684713,CR-0000093410,0,0,0,0,5,5,222.0,9
682031,CR-0000091542,1,0,0,0,5,2,100.0,3
719663,CR-0000102834,0,0,0,0,5,6,275.0,12
719818,CR-0000102991,0,0,0,0,4,5,51.0,11
720855,CR-0000103058,0,0,0,0,5,7,44.0,8
723882,CR-0000104278,2,0,0,0,5,5,0.0,12
696255,CR-0000099403,0,0,0,0,5,2,78.0,13
696210,CR-0000099354,2,0,0,0,5,0,0.0,14
711685,CR-0000101518,0,0,0,0,4,5,51.0,16
681287,CR-0000090673,0,0,0,0,4,5,0.0,0
684947,CR-0000093594,2,0,0,0,5,0,0.0,8
687501,CR-0000094291,0,1,0,0,0,7,0.0,19
689830,CR-0000095856,1,0,0,0,5,6,0.0,8
686420,CR-0000094190,0,0,0,0,5,3,0.0,12
681883,CR-0000091364,1,0,0,0,5,5,0.0,15
681887,CR-0000091368,0,0,0,0,5,6,20.0,4
691098,CR-0000097271,0,0,0,0,5,0,0.0,23
690459,CR-0000096568,0,0,0,0,5,0,0.0,17
690293,CR-0000096385,0,0,0,0,4,0,58.0,21
685158,CR-0000093833,0,0,0,0,5,0,0.0,19
689887,CR-0000095914,1,0,0,0,5,8,0.0,22
689428,CR-0000095400,1,0,0,0,5,7,0.0,14
725206,CR-0000104687,2,0,0,0,5,0,0.0,15
724170,CR-0000104530,0,1,0,0,0,7,0.0,16
721973,CR-0000103227,0,0,0,0,5,0,0.0,8
722314,CR-0000103608,0,0,0,0,5,3,0.0,23
712151,CR-0000101536,0,0,0,0,4,6,54.0,20
725386,CR-0000104881,0,0,0,0,5,5,130.0,21
685130,CR-0000093803,1,0,0,0,5,6,0.0,16
684739,CR-0000093439,0,0,0,0,4,5,51.0,11
682429,CR-0000091993,0,0,0,0,5,6,51.0,2
694370,CR-0000098314,3,0,0,0,5,0,0.0,8
711653,CR-0000101500,0,0,0,0,4,3,0.0,16
720869,CR-0000103072,0,0,0,0,4,5,0.0,19
720847,CR-0000103050,0,0,0,0,4,6,0.0,2
711886,CR-0000101370,0,0,0,0,5,0,0.0,20
723930,CR-0000104326,1,0,0,0,4,7,0.0,18
681802,CR-0000091211,0,0,0,0,5,0,0.0,9
682658,CR-0000092234,0,0,0,0,4,0,51.0,11
682689,CR-0000092265,0,0,0,0,5,0,0.0,23
686425,CR-0000094195,0,1,0,0,5,0,18.0,22
699223,CR-0000100544,0,0,0,0,4,6,51.0,22
696406,CR-0000099582,0,0,0,0,4,5,172.0,16
695813,CR-0000098878,2,0,0,0,5,6,0.0,19
690610,CR-0000096731,1,0,0,0,5,5,125.0,7
723582,CR-0000103974,1,0,0,0,5,5,172.0,11
726532,CR-0000105066,0,1,0,0,0,7,0.0,14
716156,CR-0000102075,1,1,0,0,5,8,56.0,17
723876,CR-0000104272,0,0,0,0,4,5,51.0,11
723689,CR-0000104081,0,0,0,0,5,6,146.0,6
724175,CR-0000104616,1,0,0,0,5,6,51.0,23
711963,CR-0000101392,0,0,0,0,5,5,39.0,1
719792,CR-0000102965,0,0,0,0,4,5,0.0,8
694169,CR-0000098180,0,1,0,0,5,5,113.0,14
691351,CR-0000097599,0,0,0,0,4,1,0.0,12
698795,CR-0000100076,0,1,0,0,0,7,0.0,17
698947,CR-0000100249,1,0,0,0,5,8,0.0,6
685431,CR-0000094175,0,0,0,0,5,6,61.0,7
685101,CR-0000093773,0,2,0,0,5,1,0.0,18
689851,CR-0000095877,0,2,0,0,5,0,0.0,18
689322,CR-0000095286,1,0,0,0,5,5,30.0,18
691285,CR-0000097530,0,0,0,0,5,6,305.0,16
683436,CR-0000093032,1,0,0,0,5,6,0.0,13
683506,CR-0000093103,0,0,0,0,4,3,0.0,5
682995,CR-0000092579,0,0,0,0,5,5,111.0,20
683515,CR-0000093111,0,0,0,0,5,6,0.0,12
695962,CR-0000099095,0,0,0,0,5,6,52.0,23
725363,CR-0000104856,1,0,0,0,5,6,0.0,9
699363,CR-0000100690,0,0,0,0,4,6,51.0,15
694341,CR-0000098285,1,1,0,0,5,6,195.0,22
690016,CR-0000096071,1,0,0,0,5,5,0.0,21
681992,CR-0000091501,0,0,0,0,5,6,0.0,18
725511,CR-0000105008,1,0,0,0,4,5,0.0,9
725378,CR-0000104872,0,0,0,0,4,5,0.0,11
720843,CR-0000103046,0,0,0,0,4,3,0.0,21
690157,CR-0000096246,1,0,0,0,5,5,208.0,10
690626,CR-0000096748,0,1,0,0,0,7,0.0,14
681991,CR-0000091500,2,0,0,0,5,0,0.0,16
687447,CR-0000094226,1,1,0,0,4,1,0.0,7
690280,CR-0000096372,0,0,0,0,4,5,0.0,15
690248,CR-0000096339,0,0,0,0,4,0,0.0,23
716158,CR-0000102136,2,0,0,0,5,5,77.0,18
722011,CR-0000103265,0,0,0,0,5,0,55.0,2
719834,CR-0000103007,0,0,0,0,4,6,0.0,19
716140,CR-0000102079,2,0,0,0,5,1,0.0,18
725496,CR-0000104993,0,1,0,0,5,0,0.0,21
684886,CR-0000093529,2,0,0,0,5,0,0.0,18
681710,CR-0000091107,0,0,0,0,5,5,161.0,0
681621,CR-0000091018,1,0,0,0,5,0,36.0,15
690535,CR-0000096646,1,0,0,0,5,6,301.0,18
681823,CR-0000091232,0,1,0,0,0,7,121.0,18
684733,CR-0000093414,0,0,0,0,5,2,0.0,19
694529,CR-0000098523,1,0,0,0,5,8,0.0,18
694192,CR-0000097910,1,0,0,0,5,5,24.0,16
722308,CR-0000103602,0,0,0,0,4,3,51.0,21
691338,CR-0000097585,1,0,0,0,4,6,0.0,17
722589,CR-0000103893,0,1,0,0,5,2,0.0,19
692534,CR-0000097825,0,0,1,0,5,2,221.0,1
681326,CR-0000090713,0,0,0,0,4,5,51.0,11
696513,CR-0000099700,0,0,2,0,5,2,170.0,20
681236,CR-0000090621,0,0,0,0,5,8,51.0,14
691310,CR-0000097555,0,0,0,0,4,3,51.0,7
712024,CR-0000101465,0,0,0,0,4,3,51.0,8
716285,CR-0000102255,3,2,0,0,5,0,0.0,15
725219,CR-0000104700,0,0,0,0,4,6,51.0,15
681562,CR-0000090959,0,2,0,0,5,1,1252.0,13
697628,CR-0000099851,0,1,0,0,5,2,774.0,9
696119,CR-0000099261,0,0,0,0,5,2,0.0,0
724219,CR-0000104577,0,0,0,0,5,6,20.0,17
711681,CR-0000100842,0,0,0,0,5,0,0.0,10
681993,CR-0000091502,0,2,0,0,5,0,0.0,13
683355,CR-0000092944,1,0,0,0,5,6,0.0,18
685424,CR-0000094159,0,0,0,0,2,0,206.0,19
695920,CR-0000099048,0,0,0,0,4,0,51.0,16
694602,CR-0000098626,0,0,1,0,5,2,20.0,21
696196,CR-0000099340,0,0,0,0,5,3,0.0,21
692407,CR-0000097690,1,0,0,0,5,6,42.0,12
689710,CR-0000095713,0,0,0,0,5,6,0.0,15
691032,CR-0000097204,0,0,0,0,5,6,88.0,17